constituency,claimant_rate
Basildon and Billericay,4.3
Bedford,6.0
Braintree,2.6
Brentwood and Ongar,2.6
Broadland and Fakenham,2.1999999999999997
Broxbourne,3.2
Bury St Edmunds and Stowmarket,2.3
Cambridge,2.1999999999999997
Castle Point,2.6
Central Suffolk and North Ipswich,2.0
Chelmsford,3.0
Clacton,4.9
Colchester,3.5999999999999996
Dunstable and Leighton Buzzard,3.2
Ely and East Cambridgeshire,2.1999999999999997
Epping Forest,3.1
Great Yarmouth,5.1
Harlow,4.1000000000000005
Harpenden and Berkhamsted,1.7999999999999998
Harwich and North Essex,3.0
Hemel Hempstead,3.9
Hertford and Stortford,2.0
Hertsmere,3.5000000000000004
Hitchin,2.3
Huntingdon,2.1
Ipswich,4.6
Lowestoft,4.1000000000000005
Luton North,6.3
Luton South and South Bedfordshire,7.3
Maldon,2.5
Mid Bedfordshire,1.9
Mid Norfolk,2.1
North Bedfordshire,2.5
North East Cambridgeshire,3.9
North East Hertfordshire,2.3
North Norfolk,2.9000000000000004
North West Cambridgeshire,3.5000000000000004
North West Essex,2.1
North West Norfolk,3.2
Norwich North,3.2
Norwich South,3.6999999999999997
Peterborough,7.000000000000001
Rayleigh and Wickford,2.0
South Basildon and East Thurrock,3.9
South Cambridgeshire,1.7999999999999998
South Norfolk,2.0
South Suffolk,2.5
South West Hertfordshire,2.8000000000000003
South West Norfolk,2.7
Southend East and Rochford,5.3
Southend West and Leigh,3.4000000000000004
St Albans,2.7
St Neots and Mid Cambridgeshire,2.1999999999999997
Stevenage,3.4000000000000004
Suffolk Coastal,2.1999999999999997
Thurrock,4.9
Watford,4.3999999999999995
Waveney Valley,2.4
Welwyn Hatfield,3.1
West Suffolk,2.4
Witham,2.5
Amber Valley,3.0
Ashfield,3.9
Bassetlaw,3.3000000000000003
Bolsover,3.0
Boston and Skegness,4.9
Broxtowe,3.0
Chesterfield,3.5999999999999996
Corby and East Northamptonshire,3.1
Daventry,2.4
Derby North,4.3999999999999995
Derby South,6.9
Derbyshire Dales,1.9
Erewash,3.8
Gainsborough,2.9000000000000004
Gedling,3.4000000000000004
Grantham and Bourne,3.1
"Harborough, Oadby and Wigston",2.6
High Peak,2.5
Hinckley and Bosworth,2.5
Kettering,3.3000000000000003
Leicester East,5.5
Leicester South,6.3
Leicester West,6.1
Lincoln,3.5999999999999996
Loughborough,2.7
Louth and Horncastle,2.8000000000000003
Mansfield,4.1000000000000005
Melton and Syston,3.0
Mid Derbyshire,1.9
Mid Leicestershire,2.3
Newark,2.6
North East Derbyshire,2.7
North West Leicestershire,2.1
Northampton North,5.5
Northampton South,3.3000000000000003
Nottingham East,7.1
Nottingham North and Kimberley,6.4
Nottingham South,4.3
Rushcliffe,2.0
Rutland and Stamford,2.1
Sherwood Forest,3.0
Sleaford and North Hykeham,2.1999999999999997
South Derbyshire,2.5
South Holland and The Deepings,3.1
South Leicestershire,1.9
South Northamptonshire,1.9
Wellingborough and Rushden,3.9
Barking,7.7
Battersea,3.8
Beckenham and Penge,3.8
Bermondsey and Old Southwark,4.8
Bethnal Green and Stepney,7.6
Bexleyheath and Crayford,3.5000000000000004
Brent East,9.5
Brent West,5.5
Brentford and Isleworth,5.3
Bromley and Biggin Hill,3.3000000000000003
Carshalton and Wallington,3.9
Chelsea and Fulham,3.5999999999999996
Chingford and Woodford Green,5.0
Chipping Barnet,4.1000000000000005
Cities of London and Westminster,3.2
Clapham and Brixton Hill,5.6000000000000005
Croydon East,5.800000000000001
Croydon South,4.2
Croydon West,8.1
Dagenham and Rainham,6.6000000000000005
Dulwich and West Norwood,6.3
Ealing Central and Acton,5.800000000000001
Ealing North,7.3999999999999995
Ealing Southall,6.9
East Ham,8.799999999999999
Edmonton and Winchmore Hill,8.6
Eltham and Chislehurst,4.6
Enfield North,7.3999999999999995
Erith and Thamesmead,6.4
Feltham and Heston,5.800000000000001
Finchley and Golders Green,5.2
Greenwich and Woolwich,5.2
Hackney North and Stoke Newington,7.6
Hackney South and Shoreditch,6.9
Hammersmith and Chiswick,4.9
Hampstead and Highgate,4.3
Harrow East,4.8
Harrow West,5.4
Hayes and Harlington,6.1
Hendon,5.800000000000001
Holborn and St Pancras,5.4
Hornchurch and Upminster,4.0
Hornsey and Friern Barnet,5.1
Ilford North,5.6000000000000005
Ilford South,7.7
Islington North,6.2
Islington South and Finsbury,5.7
Kensington and Bayswater,3.9
Kingston and Surbiton,3.4000000000000004
Lewisham East,7.7
Lewisham North,6.6000000000000005
Lewisham West and East Dulwich,5.800000000000001
Leyton and Wanstead,6.4
Mitcham and Morden,6.0
Old Bexley and Sidcup,2.5
Orpington,3.5999999999999996
Peckham,6.800000000000001
Poplar and Limehouse,6.2
Putney,4.6
Queen's Park and Maida Vale,7.3999999999999995
Richmond Park,2.5
Romford,4.7
"Ruislip, Northwood and Pinner",3.1
Southgate and Wood Green,7.000000000000001
Stratford and Bow,6.800000000000001
Streatham and Croydon North,7.1
Sutton and Cheam,3.1
Tooting,4.2
Tottenham,9.3
Twickenham,2.7
Uxbridge and South Ruislip,4.5
Vauxhall and Camberwell Green,6.5
Walthamstow,7.6
West Ham and Beckton,7.8
Wimbledon,2.9000000000000004
Bishop Auckland,3.3000000000000003
Blaydon and Consett,3.1
Blyth and Ashington,4.2
City of Durham,2.3
Cramlington and Killingworth,2.8000000000000003
Darlington,4.0
Easington,4.5
Gateshead Central and Whickham,4.6
Hartlepool,4.6
Hexham,2.1999999999999997
Houghton and Sunderland South,3.9
Jarrow and Gateshead East,4.7
Middlesbrough South and East Cleveland,3.3000000000000003
Middlesbrough and Thornaby East,6.1
Newcastle upon Tyne Central and West,5.5
Newcastle upon Tyne East and Wallsend,4.5
Newcastle upon Tyne North,2.0
Newton Aycliffe and Spennymoor,3.1
North Durham,3.2
North Northumberland,2.8000000000000003
Redcar,4.2
South Shields,5.4
Stockton North,5.1
Stockton West,2.0
Sunderland Central,4.5
Tynemouth,3.3000000000000003
Washington and Gateshead South,4.0
Altrincham and Sale West,2.0
Ashton-under-Lyne,5.7
Barrow and Furness,2.6
Birkenhead,4.9
Blackburn,6.6000000000000005
Blackley and Middleton South,7.3999999999999995
Blackpool North and Fleetwood,3.8
Blackpool South,7.000000000000001
Bolton North East,6.1
Bolton South and Walkden,6.800000000000001
Bolton West,3.5999999999999996
Bootle,5.6000000000000005
Burnley,6.2
Bury North,4.8
Bury South,4.1000000000000005
Carlisle,2.6
Cheadle,1.9
Chester North and Neston,2.9000000000000004
Chester South and Eddisbury,1.7999999999999998
Chorley,2.6
Congleton,1.7999999999999998
Crewe and Nantwich,3.0
Ellesmere Port and Bromborough,3.0
Fylde,2.7
Gorton and Denton,8.0
Hazel Grove,2.6
Heywood and Middleton North,5.2
Hyndburn,5.5
Knowsley,5.0
Lancaster and Wyre,2.3
Leigh and Atherton,3.8
Liverpool Garston,3.9
Liverpool Riverside,6.1
Liverpool Walton,6.0
Liverpool Wavertree,6.3
Liverpool West Derby,5.7
Macclesfield,2.4
Makerfield,3.0
Manchester Central,4.9
Manchester Rusholme,6.7
Manchester Withington,3.9
Mid Cheshire,2.5
Morecambe and Lunesdale,3.2
Oldham East and Saddleworth,6.7
"Oldham West, Chadderton and Royton",7.8
Pendle and Clitheroe,5.0
Penrith and Solway,2.0
Preston,5.4
Ribble Valley,1.9
Rochdale,7.5
Rossendale and Darwen,3.5000000000000004
Runcorn and Helsby,4.0
Salford,5.0
Sefton Central,2.1
South Ribble,2.3
Southport,3.2
St Helens North,3.5000000000000004
St Helens South and Whiston,4.3
Stalybridge and Hyde,4.6
Stockport,4.2
Stretford and Urmston,4.3999999999999995
Tatton,1.9
Wallasey,4.1000000000000005
Warrington North,3.1
Warrington South,2.4
West Lancashire,3.0
Westmorland and Lonsdale,1.6
Whitehaven and Workington,2.9000000000000004
Widnes and Halewood,4.0
Wigan,4.1000000000000005
Wirral West,1.7999999999999998
Worsley and Eccles,4.1000000000000005
Wythenshawe and Sale East,4.6
Belfast East,3.1
Belfast North,4.8
Belfast South and Mid Down,2.5
Belfast West,5.1
East Antrim,2.7
East Londonderry,3.5000000000000004
Fermanagh and South Tyrone,3.0
Foyle,5.800000000000001
Lagan Valley,2.1
Mid Ulster,2.3
Newry and Armagh,3.4000000000000004
North Antrim,3.2
North Down,2.5
South Antrim,2.1999999999999997
South Down,2.7
Strangford,3.0
Upper Bann,3.2
West Tyrone,3.1
Aberdeen North,4.0
Aberdeen South,2.9000000000000004
Aberdeenshire North and Moray East,2.7
Airdrie and Shotts,3.3000000000000003
Alloa and Grangemouth,3.0
Angus and Perthshire Glens,2.8000000000000003
Arbroath and Broughty Ferry,3.1
"Argyll, Bute and South Lochaber",2.7
"Ayr, Carrick and Cumnock",3.9
Bathgate and Linlithgow,2.7
"Berwickshire, Roxburgh and Selkirk",3.2
"Caithness, Sutherland and Easter Ross",2.1999999999999997
Central Ayrshire,3.4000000000000004
Coatbridge and Bellshill,3.5000000000000004
Cowdenbeath and Kirkcaldy,4.1000000000000005
Cumbernauld and Kirkintilloch,2.7
Dumfries and Galloway,2.9000000000000004
"Dumfriesshire, Clydesdale and Tweeddale",2.4
Dundee Central,4.2
Dunfermline and Dollar,2.7
East Kilbride and Strathaven,2.1
East Renfrewshire,1.7000000000000002
Edinburgh East and Musselburgh,2.9000000000000004
Edinburgh North and Leith,3.3000000000000003
Edinburgh South,1.9
Edinburgh South West,2.8000000000000003
Edinburgh West,2.0
Falkirk,3.0
Glasgow East,5.800000000000001
Glasgow North,5.0
Glasgow North East,5.5
Glasgow South,4.2
Glasgow South West,5.1
Glasgow West,4.3999999999999995
Glenrothes and Mid Fife,4.3
Gordon and Buchan,1.7000000000000002
Hamilton and Clyde Valley,3.3000000000000003
Inverclyde and Renfrewshire West,3.1
"Inverness, Skye and West Ross-shire",2.7
Kilmarnock and Loudoun,3.6999999999999997
Livingston,2.7
Lothian East,2.1999999999999997
Mid Dunbartonshire,1.6
Midlothian,2.3
"Moray West, Nairn and Strathspey",2.3
"Motherwell, Wishaw and Carluke",3.1
Na h-Eileanan an Iar,2.1999999999999997
North Ayrshire and Arran,4.2
North East Fife,2.3
Orkney and Shetland,1.5
Paisley and Renfrewshire North,3.0
Paisley and Renfrewshire South,3.0
Perth and Kinross-shire,2.6
Rutherglen,3.0
Stirling and Strathallan,2.1999999999999997
West Aberdeenshire and Kincardine,1.5
West Dunbartonshire,3.9
Aldershot,2.7
Arundel and South Downs,2.4
Ashford,3.3000000000000003
Aylesbury,4.1000000000000005
Banbury,2.7
Basingstoke,3.1
Beaconsfield,2.6
Bexhill and Battle,3.2
Bicester and Woodstock,1.9
Bognor Regis and Littlehampton,4.2
Bracknell,2.8000000000000003
Brighton Kemptown and Peacehaven,4.8
Brighton Pavilion,4.0
Buckingham and Bletchley,3.5000000000000004
Canterbury,3.4000000000000004
Chatham and Aylesford,4.1000000000000005
Chesham and Amersham,2.3
Chichester,3.6999999999999997
Crawley,4.5
Dartford,3.1
Didcot and Wantage,2.1
Dorking and Horley,2.0
Dover and Deal,3.6999999999999997
Earley and Woodley,2.6
East Grinstead and Uckfield,2.1999999999999997
East Hampshire,2.1
East Surrey,2.5
East Thanet,5.8999999999999995
East Worthing and Shoreham,2.8000000000000003
Eastbourne,4.8
Eastleigh,2.1999999999999997
Epsom and Ewell,2.1
Esher and Walton,2.4
Fareham and Waterlooville,2.5
Farnham and Bordon,2.1
Faversham and Mid Kent,2.9000000000000004
Folkestone and Hythe,4.5
Gillingham and Rainham,4.0
Godalming and Ash,1.9
Gosport,3.3000000000000003
Gravesham,4.3999999999999995
Guildford,2.0
Hamble Valley,1.9
Hastings and Rye,4.9
Havant,4.0
Henley and Thame,1.9
Herne Bay and Sandwich,3.5999999999999996
Horsham,1.9
Hove and Portslade,4.1000000000000005
Isle of Wight East,5.3
Isle of Wight West,3.5999999999999996
Lewes,3.4000000000000004
Maidenhead,2.5
Maidstone and Malling,3.2
Mid Buckinghamshire,1.7000000000000002
Mid Sussex,1.7000000000000002
Milton Keynes Central,4.5
Milton Keynes North,3.8
New Forest East,2.4
New Forest West,2.3
Newbury,2.5
North East Hampshire,1.6
North West Hampshire,2.1999999999999997
Oxford East,3.2
Oxford West and Abingdon,1.7999999999999998
Portsmouth North,4.1000000000000005
Portsmouth South,5.4
Reading Central,4.3
Reading West and Mid Berkshire,3.0
Reigate,1.9
Rochester and Strood,3.9
Romsey and Southampton North,2.1999999999999997
Runnymede and Weybridge,2.5
Sevenoaks,2.1
Sittingbourne and Sheppey,3.9
Slough,6.3
Southampton Itchen,4.2
Southampton Test,4.8
Spelthorne,3.4000000000000004
Surrey Heath,2.1999999999999997
Sussex Weald,2.1999999999999997
Tonbridge,2.3
Tunbridge Wells,2.5
Weald of Kent,2.4
Winchester,2.0
Windsor,3.0
Witney,2.0
Woking,2.6
Wokingham,1.9
Worthing West,3.0
Wycombe,4.9
Bath,2.0
Bournemouth East,4.1000000000000005
Bournemouth West,3.8
Bridgwater,2.9000000000000004
Bristol Central,2.5
Bristol East,4.5
Bristol North East,3.9
Bristol North West,3.1
Bristol South,3.8
Camborne and Redruth,3.5000000000000004
Central Devon,2.3
Cheltenham,2.9000000000000004
Chippenham,2.1999999999999997
Christchurch,2.6
East Wiltshire,2.1999999999999997
Exeter,2.1999999999999997
Exmouth and Exeter East,2.0
Filton and Bradley Stoke,1.7000000000000002
Forest of Dean,2.7
Frome and East Somerset,2.5
Glastonbury and Somerton,2.4
Gloucester,3.8
Honiton and Sidmouth,2.1999999999999997
Melksham and Devizes,2.4
Mid Dorset and North Poole,2.3
Newton Abbot,2.5
North Cornwall,3.5000000000000004
North Cotswolds,2.0
North Devon,3.2
North Dorset,2.1999999999999997
North East Somerset and Hanham,1.7999999999999998
North Somerset,1.7000000000000002
Plymouth Moor View,3.3000000000000003
Plymouth Sutton and Devonport,4.3
Poole,3.3000000000000003
Salisbury,2.4
South Cotswolds,1.9
South Devon,2.7
South Dorset,3.0
South East Cornwall,2.8000000000000003
South West Devon,1.7999999999999998
South West Wiltshire,2.6
St Austell and Newquay,3.6999999999999997
St Ives,3.5000000000000004
Stroud,2.1
Swindon North,3.0
Swindon South,3.6999999999999997
Taunton and Wellington,2.4
Tewkesbury,2.3
Thornbury and Yate,2.1999999999999997
Tiverton and Minehead,2.4
Torbay,3.6999999999999997
Torridge and Tavistock,2.8000000000000003
Truro and Falmouth,2.5
Wells and Mendip Hills,2.1999999999999997
West Dorset,2.6
Weston-super-Mare,3.3000000000000003
Yeovil,2.6
Aberafan Maesteg,3.9
Alyn and Deeside,2.9000000000000004
Bangor Aberconwy,3.2
Blaenau Gwent and Rhymney,4.2
"Brecon, Radnor and Cwm Tawe",3.0
Bridgend,2.5
Caerfyrddin,2.7
Caerphilly,3.3000000000000003
Cardiff East,4.6
Cardiff North,2.4
Cardiff South and Penarth,3.6999999999999997
Cardiff West,4.1000000000000005
Ceredigion Preseli,2.9000000000000004
Clwyd East,2.8000000000000003
Clwyd North,4.8
Dwyfor Meirionnydd,3.0
Gower,2.1
Llanelli,3.1
Merthyr Tydfil and Aberdare,3.3000000000000003
Mid and South Pembrokeshire,3.4000000000000004
Monmouthshire,2.4
Montgomeryshire and Glyndwr,2.9000000000000004
Neath and Swansea East,2.9000000000000004
Newport East,5.3
Newport West and Islwyn,2.9000000000000004
Pontypridd,2.7
Rhondda and Ogmore,3.6999999999999997
Swansea West,4.3
Torfaen,3.6999999999999997
Vale of Glamorgan,3.5000000000000004
Wrexham,2.9000000000000004
Ynys Mon,3.8
Aldridge-Brownhills,3.1
Birmingham Edgbaston,9.2
Birmingham Erdington,10.6
Birmingham Hall Green and Moseley,11.4
Birmingham Hodge Hill and Solihull North,10.6
Birmingham Ladywood,12.7
Birmingham Northfield,7.6
Birmingham Perry Barr,15.6
Birmingham Selly Oak,6.5
Birmingham Yardley,11.4
Bromsgrove,2.6
Burton and Uttoxeter,3.8
Cannock Chase,3.2
Coventry East,7.1
Coventry North West,5.1
Coventry South,4.8
Droitwich and Evesham,2.8000000000000003
Dudley,6.1
Halesowen,4.6
Hereford and South Herefordshire,3.1
Kenilworth and Southam,1.7999999999999998
Kingswinford and South Staffordshire,2.7
Lichfield,2.3
Meriden and Solihull East,4.0
Newcastle-under-Lyme,3.2
North Herefordshire,2.7
North Shropshire,2.7
North Warwickshire and Bedworth,3.1
Nuneaton,4.2
Redditch,3.8
Rugby,2.8000000000000003
Shrewsbury,2.5
Smethwick,7.6
Solihull West and Shirley,2.9000000000000004
South Shropshire,2.5
Stafford,2.6
Staffordshire Moorlands,2.5
Stoke-on-Trent Central,6.5
Stoke-on-Trent North,5.6000000000000005
Stoke-on-Trent South,3.5000000000000004
"Stone, Great Wyrley and Penkridge",2.1
Stourbridge,5.0
Stratford-on-Avon,2.1
Sutton Coldfield,2.8000000000000003
Tamworth,3.0
Telford,4.2
The Wrekin,2.8000000000000003
Tipton and Wednesbury,6.7
Walsall and Bloxwich,8.1
Warwick and Leamington,2.7
West Bromwich,6.7
West Worcestershire,2.5
Wolverhampton North East,6.7
Wolverhampton South East,7.1
Wolverhampton West,7.000000000000001
Worcester,3.5999999999999996
Wyre Forest,3.3000000000000003
Barnsley North,3.5000000000000004
Barnsley South,3.9
Beverley and Holderness,2.3
Bradford East,10.0
Bradford South,7.3999999999999995
Bradford West,10.7
Bridlington and The Wolds,3.3000000000000003
Brigg and Immingham,2.3
Calder Valley,3.0
Colne Valley,2.8000000000000003
Dewsbury and Batley,7.000000000000001
Doncaster Central,5.5
Doncaster East and the Isle of Axholme,3.0
Doncaster North,4.2
Goole and Pocklington,2.1
Great Grimsby and Cleethorpes,5.2
Halifax,5.7
Harrogate and Knaresborough,1.7999999999999998
Huddersfield,6.3
Keighley and Ilkley,4.3999999999999995
Kingston upon Hull East,5.8999999999999995
Kingston upon Hull North and Cottingham,5.5
Kingston upon Hull West and Haltemprice,4.9
Leeds Central and Headingley,3.5000000000000004
Leeds East,6.7
Leeds North East,4.6
Leeds North West,2.1999999999999997
Leeds South,8.0
Leeds South West and Morley,3.2
Leeds West and Pudsey,4.9
Normanton and Hemsworth,3.1
Ossett and Denby Dale,2.8000000000000003
Penistone and Stocksbridge,2.3
"Pontefract, Castleford and Knottingley",3.4000000000000004
Rawmarsh and Conisbrough,3.8
Richmond and Northallerton,2.1
Rother Valley,3.0
Rotherham,5.6000000000000005
Scarborough and Whitby,3.5000000000000004
Scunthorpe,4.3
Selby,2.1999999999999997
Sheffield Brightside and Hillsborough,7.3999999999999995
Sheffield Central,3.8
Sheffield Hallam,1.7000000000000002
Sheffield Heeley,5.6000000000000005
Sheffield South East,5.2
Shipley,3.3000000000000003
Skipton and Ripon,1.7000000000000002
Spen Valley,3.6999999999999997
Thirsk and Malton,2.0
Wakefield and Rothwell,4.3999999999999995
Wetherby and Easingwold,1.4000000000000001
York Central,2.1999999999999997
York Outer,1.4000000000000001
Basildon and Billericay,4.1000000000000005
Bedford,5.8999999999999995
Braintree,2.5
Brentwood and Ongar,2.5
Broadland and Fakenham,2.1999999999999997
Broxbourne,3.1
Bury St Edmunds and Stowmarket,2.1999999999999997
Cambridge,2.1999999999999997
Castle Point,2.5
Central Suffolk and North Ipswich,1.9
Chelmsford,3.0
Clacton,4.8
Colchester,3.5000000000000004
Dunstable and Leighton Buzzard,3.1
Ely and East Cambridgeshire,2.1
Epping Forest,3.1
Great Yarmouth,4.9
Harlow,4.0
Harpenden and Berkhamsted,1.7999999999999998
Harwich and North Essex,2.9000000000000004
Hemel Hempstead,3.9
Hertford and Stortford,2.0
Hertsmere,3.4000000000000004
Hitchin,2.1999999999999997
Huntingdon,2.1999999999999997
Ipswich,4.6
Lowestoft,4.0
Luton North,6.2
Luton South and South Bedfordshire,7.3
Maldon,2.4
Mid Bedfordshire,2.0
Mid Norfolk,2.1
North Bedfordshire,2.4
North East Cambridgeshire,3.6999999999999997
North East Hertfordshire,2.3
North Norfolk,2.7
North West Cambridgeshire,3.4000000000000004
North West Essex,2.1
North West Norfolk,3.1
Norwich North,3.2
Norwich South,3.6999999999999997
Peterborough,6.800000000000001
Rayleigh and Wickford,2.0
South Basildon and East Thurrock,3.8
South Cambridgeshire,1.7999999999999998
South Norfolk,2.0
South Suffolk,2.4
South West Hertfordshire,2.7
South West Norfolk,2.6
Southend East and Rochford,5.2
Southend West and Leigh,3.3000000000000003
St Albans,2.7
St Neots and Mid Cambridgeshire,2.1
Stevenage,3.3000000000000003
Suffolk Coastal,2.1
Thurrock,4.8
Watford,4.3999999999999995
Waveney Valley,2.3
Welwyn Hatfield,3.1
West Suffolk,2.4
Witham,2.4
Amber Valley,2.9000000000000004
Ashfield,3.8
Bassetlaw,3.2
Bolsover,2.9000000000000004
Boston and Skegness,4.5
Broxtowe,2.9000000000000004
Chesterfield,3.5000000000000004
Corby and East Northamptonshire,3.0
Daventry,2.3
Derby North,4.2
Derby South,6.800000000000001
Derbyshire Dales,1.9
Erewash,3.5999999999999996
Gainsborough,3.0
Gedling,3.2
Grantham and Bourne,3.0
"Harborough, Oadby and Wigston",2.4
High Peak,2.4
Hinckley and Bosworth,2.5
Kettering,3.3000000000000003
Leicester East,5.3
Leicester South,6.2
Leicester West,6.1
Lincoln,3.5000000000000004
Loughborough,2.6
Louth and Horncastle,2.7
Mansfield,3.9
Melton and Syston,2.9000000000000004
Mid Derbyshire,1.7999999999999998
Mid Leicestershire,2.1999999999999997
Newark,2.6
North East Derbyshire,2.5
North West Leicestershire,2.0
Northampton North,5.5
Northampton South,3.3000000000000003
Nottingham East,7.1
Nottingham North and Kimberley,6.3
Nottingham South,4.3
Rushcliffe,2.0
Rutland and Stamford,2.1
Sherwood Forest,2.9000000000000004
Sleaford and North Hykeham,2.1
South Derbyshire,2.4
South Holland and The Deepings,3.0
South Leicestershire,1.9
South Northamptonshire,1.7999999999999998
Wellingborough and Rushden,3.9
Barking,7.7
Battersea,3.6999999999999997
Beckenham and Penge,3.8
Bermondsey and Old Southwark,4.8
Bethnal Green and Stepney,7.5
Bexleyheath and Crayford,3.4000000000000004
Brent East,9.4
Brent West,5.4
Brentford and Isleworth,5.1
Bromley and Biggin Hill,3.3000000000000003
Carshalton and Wallington,3.8
Chelsea and Fulham,3.5000000000000004
Chingford and Woodford Green,4.9
Chipping Barnet,4.1000000000000005
Cities of London and Westminster,3.2
Clapham and Brixton Hill,5.5
Croydon East,5.800000000000001
Croydon South,4.2
Croydon West,8.0
Dagenham and Rainham,6.5
Dulwich and West Norwood,6.3
Ealing Central and Acton,5.800000000000001
Ealing North,7.3
Ealing Southall,6.800000000000001
East Ham,8.7
Edmonton and Winchmore Hill,8.4
Eltham and Chislehurst,4.6
Enfield North,7.3
Erith and Thamesmead,6.5
Feltham and Heston,5.7
Finchley and Golders Green,5.2
Greenwich and Woolwich,5.1
Hackney North and Stoke Newington,7.5
Hackney South and Shoreditch,6.800000000000001
Hammersmith and Chiswick,4.9
Hampstead and Highgate,4.3
Harrow East,4.7
Harrow West,5.4
Hayes and Harlington,6.1
Hendon,5.800000000000001
Holborn and St Pancras,5.3
Hornchurch and Upminster,3.9
Hornsey and Friern Barnet,5.0
Ilford North,5.6000000000000005
Ilford South,7.6
Islington North,6.0
Islington South and Finsbury,5.6000000000000005
Kensington and Bayswater,3.9
Kingston and Surbiton,3.4000000000000004
Lewisham East,7.6
Lewisham North,6.6000000000000005
Lewisham West and East Dulwich,5.800000000000001
Leyton and Wanstead,6.3
Mitcham and Morden,6.0
Old Bexley and Sidcup,2.6
Orpington,3.5000000000000004
Peckham,6.7
Poplar and Limehouse,6.2
Putney,4.6
Queen's Park and Maida Vale,7.3
Richmond Park,2.5
Romford,4.6
"Ruislip, Northwood and Pinner",3.1
Southgate and Wood Green,6.800000000000001
Stratford and Bow,6.6000000000000005
Streatham and Croydon North,7.000000000000001
Sutton and Cheam,3.0
Tooting,4.2
Tottenham,9.1
Twickenham,2.6
Uxbridge and South Ruislip,4.5
Vauxhall and Camberwell Green,6.4
Walthamstow,7.5
West Ham and Beckton,7.8
Wimbledon,2.9000000000000004
Bishop Auckland,3.2
Blaydon and Consett,3.1
Blyth and Ashington,4.0
City of Durham,2.3
Cramlington and Killingworth,2.7
Darlington,4.0
Easington,4.3999999999999995
Gateshead Central and Whickham,4.5
Hartlepool,4.6
Hexham,2.1
Houghton and Sunderland South,3.6999999999999997
Jarrow and Gateshead East,4.7
Middlesbrough South and East Cleveland,3.2
Middlesbrough and Thornaby East,6.0
Newcastle upon Tyne Central and West,5.3
Newcastle upon Tyne East and Wallsend,4.3
Newcastle upon Tyne North,1.9
Newton Aycliffe and Spennymoor,3.0
North Durham,3.1
North Northumberland,2.7
Redcar,4.1000000000000005
South Shields,5.2
Stockton North,4.9
Stockton West,2.0
Sunderland Central,4.3999999999999995
Tynemouth,3.1
Washington and Gateshead South,3.9
Altrincham and Sale West,2.1
Ashton-under-Lyne,5.5
Barrow and Furness,2.5
Birkenhead,4.9
Blackburn,6.3
Blackley and Middleton South,7.3
Blackpool North and Fleetwood,3.6999999999999997
Blackpool South,6.7
Bolton North East,5.8999999999999995
Bolton South and Walkden,6.6000000000000005
Bolton West,3.5999999999999996
Bootle,5.6000000000000005
Burnley,6.0
Bury North,4.7
Bury South,4.0
Carlisle,2.5
Cheadle,1.7999999999999998
Chester North and Neston,2.7
Chester South and Eddisbury,1.7999999999999998
Chorley,2.6
Congleton,1.7999999999999998
Crewe and Nantwich,2.8000000000000003
Ellesmere Port and Bromborough,2.9000000000000004
Fylde,2.6
Gorton and Denton,7.9
Hazel Grove,2.5
Heywood and Middleton North,5.2
Hyndburn,5.4
Knowsley,4.8
Lancaster and Wyre,2.1999999999999997
Leigh and Atherton,3.8
Liverpool Garston,3.9
Liverpool Riverside,6.1
Liverpool Walton,5.8999999999999995
Liverpool Wavertree,6.3
Liverpool West Derby,5.6000000000000005
Macclesfield,2.3
Makerfield,3.0
Manchester Central,4.9
Manchester Rusholme,6.7
Manchester Withington,3.6999999999999997
Mid Cheshire,2.5
Morecambe and Lunesdale,3.1
Oldham East and Saddleworth,6.4
"Oldham West, Chadderton and Royton",7.5
Pendle and Clitheroe,4.9
Penrith and Solway,1.9
Preston,5.4
Ribble Valley,1.9
Rochdale,7.3999999999999995
Rossendale and Darwen,3.4000000000000004
Runcorn and Helsby,3.8
Salford,5.0
Sefton Central,2.1
South Ribble,2.1
Southport,3.2
St Helens North,3.4000000000000004
St Helens South and Whiston,4.2
Stalybridge and Hyde,4.3999999999999995
Stockport,4.1000000000000005
Stretford and Urmston,4.2
Tatton,1.7999999999999998
Wallasey,4.0
Warrington North,3.1
Warrington South,2.3
West Lancashire,3.0
Westmorland and Lonsdale,1.4000000000000001
Whitehaven and Workington,2.8000000000000003
Widnes and Halewood,3.8
Wigan,4.1000000000000005
Wirral West,1.7999999999999998
Worsley and Eccles,4.0
Wythenshawe and Sale East,4.3999999999999995
Belfast East,3.1
Belfast North,4.8
Belfast South and Mid Down,2.4
Belfast West,5.2
East Antrim,2.7
East Londonderry,3.5000000000000004
Fermanagh and South Tyrone,2.9000000000000004
Foyle,5.7
Lagan Valley,2.1
Mid Ulster,2.3
Newry and Armagh,3.5000000000000004
North Antrim,3.2
North Down,2.5
South Antrim,2.1
South Down,2.7
Strangford,3.0
Upper Bann,3.1
West Tyrone,3.0
Aberdeen North,4.0
Aberdeen South,3.0
Aberdeenshire North and Moray East,2.6
Airdrie and Shotts,3.2
Alloa and Grangemouth,3.0
Angus and Perthshire Glens,2.7
Arbroath and Broughty Ferry,3.0
"Argyll, Bute and South Lochaber",2.6
"Ayr, Carrick and Cumnock",3.8
Bathgate and Linlithgow,2.5
"Berwickshire, Roxburgh and Selkirk",3.1
"Caithness, Sutherland and Easter Ross",2.1
Central Ayrshire,3.3000000000000003
Coatbridge and Bellshill,3.4000000000000004
Cowdenbeath and Kirkcaldy,4.0
Cumbernauld and Kirkintilloch,2.7
Dumfries and Galloway,2.8000000000000003
"Dumfriesshire, Clydesdale and Tweeddale",2.4
Dundee Central,4.1000000000000005
Dunfermline and Dollar,2.6
East Kilbride and Strathaven,2.0
East Renfrewshire,1.7000000000000002
Edinburgh East and Musselburgh,2.8000000000000003
Edinburgh North and Leith,3.2
Edinburgh South,1.7999999999999998
Edinburgh South West,2.8000000000000003
Edinburgh West,1.9
Falkirk,2.9000000000000004
Glasgow East,5.7
Glasgow North,4.9
Glasgow North East,5.4
Glasgow South,4.0
Glasgow South West,4.9
Glasgow West,4.3
Glenrothes and Mid Fife,4.2
Gordon and Buchan,1.6
Hamilton and Clyde Valley,3.2
Inverclyde and Renfrewshire West,3.1
"Inverness, Skye and West Ross-shire",2.5
Kilmarnock and Loudoun,3.5999999999999996
Livingston,2.6
Lothian East,2.1
Mid Dunbartonshire,1.6
Midlothian,2.1999999999999997
"Moray West, Nairn and Strathspey",2.4
"Motherwell, Wishaw and Carluke",3.0
Na h-Eileanan an Iar,2.1
North Ayrshire and Arran,4.0
North East Fife,2.1999999999999997
Orkney and Shetland,1.4000000000000001
Paisley and Renfrewshire North,2.9000000000000004
Paisley and Renfrewshire South,3.0
Perth and Kinross-shire,2.5
Rutherglen,3.0
Stirling and Strathallan,2.1999999999999997
West Aberdeenshire and Kincardine,1.5
West Dunbartonshire,3.8
Aldershot,2.7
Arundel and South Downs,2.3
Ashford,3.1
Aylesbury,4.1000000000000005
Banbury,2.6
Basingstoke,3.0
Beaconsfield,2.5
Bexhill and Battle,3.0
Bicester and Woodstock,1.9
Bognor Regis and Littlehampton,4.1000000000000005
Bracknell,2.7
Brighton Kemptown and Peacehaven,4.7
Brighton Pavilion,3.9
Buckingham and Bletchley,3.5999999999999996
Canterbury,3.2
Chatham and Aylesford,4.1000000000000005
Chesham and Amersham,2.3
Chichester,3.5999999999999996
Crawley,4.5
Dartford,3.0
Didcot and Wantage,2.1
Dorking and Horley,1.9
Dover and Deal,3.5000000000000004
Earley and Woodley,2.5
East Grinstead and Uckfield,2.1
East Hampshire,2.0
East Surrey,2.5
East Thanet,5.7
East Worthing and Shoreham,2.8000000000000003
Eastbourne,4.7
Eastleigh,2.1
Epsom and Ewell,2.0
Esher and Walton,2.4
Fareham and Waterlooville,2.5
Farnham and Bordon,1.9
Faversham and Mid Kent,2.8000000000000003
Folkestone and Hythe,4.3999999999999995
Gillingham and Rainham,3.9
Godalming and Ash,1.7999999999999998
Gosport,3.3000000000000003
Gravesham,4.3999999999999995
Guildford,1.9
Hamble Valley,1.7999999999999998
Hastings and Rye,4.9
Havant,3.8
Henley and Thame,1.7999999999999998
Herne Bay and Sandwich,3.5000000000000004
Horsham,1.9
Hove and Portslade,4.0
Isle of Wight East,5.0
Isle of Wight West,3.3000000000000003
Lewes,3.3000000000000003
Maidenhead,2.3
Maidstone and Malling,3.2
Mid Buckinghamshire,1.7000000000000002
Mid Sussex,1.7000000000000002
Milton Keynes Central,4.3999999999999995
Milton Keynes North,3.6999999999999997
New Forest East,2.3
New Forest West,2.1999999999999997
Newbury,2.4
North East Hampshire,1.6
North West Hampshire,2.1
Oxford East,3.2
Oxford West and Abingdon,1.7000000000000002
Portsmouth North,4.0
Portsmouth South,5.4
Reading Central,4.3
Reading West and Mid Berkshire,2.9000000000000004
Reigate,1.9
Rochester and Strood,3.8
Romsey and Southampton North,2.1
Runnymede and Weybridge,2.5
Sevenoaks,2.0
Sittingbourne and Sheppey,3.8
Slough,6.2
Southampton Itchen,4.1000000000000005
Southampton Test,4.7
Spelthorne,3.4000000000000004
Surrey Heath,2.1
Sussex Weald,2.1999999999999997
Tonbridge,2.3
Tunbridge Wells,2.4
Weald of Kent,2.4
Winchester,1.9
Windsor,3.0
Witney,1.9
Woking,2.6
Wokingham,1.9
Worthing West,3.0
Wycombe,4.9
Bath,1.9
Bournemouth East,4.2
Bournemouth West,3.8
Bridgwater,2.9000000000000004
Bristol Central,2.5
Bristol East,4.5
Bristol North East,3.8
Bristol North West,3.1
Bristol South,3.8
Camborne and Redruth,3.4000000000000004
Central Devon,2.3
Cheltenham,2.8000000000000003
Chippenham,2.1
Christchurch,2.5
East Wiltshire,2.1999999999999997
Exeter,2.1999999999999997
Exmouth and Exeter East,1.9
Filton and Bradley Stoke,1.7000000000000002
Forest of Dean,2.6
Frome and East Somerset,2.4
Glastonbury and Somerton,2.3
Gloucester,3.8
Honiton and Sidmouth,2.0
Melksham and Devizes,2.3
Mid Dorset and North Poole,2.3
Newton Abbot,2.3
North Cornwall,3.3000000000000003
North Cotswolds,1.9
North Devon,3.0
North Dorset,2.1999999999999997
North East Somerset and Hanham,1.7000000000000002
North Somerset,1.7000000000000002
Plymouth Moor View,3.3000000000000003
Plymouth Sutton and Devonport,4.3
Poole,3.3000000000000003
Salisbury,2.4
South Cotswolds,1.9
South Devon,2.6
South Dorset,2.9000000000000004
South East Cornwall,2.7
South West Devon,1.7000000000000002
South West Wiltshire,2.5
St Austell and Newquay,3.4000000000000004
St Ives,3.3000000000000003
Stroud,2.0
Swindon North,3.0
Swindon South,3.5999999999999996
Taunton and Wellington,2.3
Tewkesbury,2.3
Thornbury and Yate,2.1999999999999997
Tiverton and Minehead,2.3
Torbay,3.5000000000000004
Torridge and Tavistock,2.7
Truro and Falmouth,2.4
Wells and Mendip Hills,2.1
West Dorset,2.5
Weston-super-Mare,3.3000000000000003
Yeovil,2.6
Aberafan Maesteg,3.6999999999999997
Alyn and Deeside,2.9000000000000004
Bangor Aberconwy,3.1
Blaenau Gwent and Rhymney,4.1000000000000005
"Brecon, Radnor and Cwm Tawe",2.9000000000000004
Bridgend,2.4
Caerfyrddin,2.7
Caerphilly,3.3000000000000003
Cardiff East,4.6
Cardiff North,2.3
Cardiff South and Penarth,3.6999999999999997
Cardiff West,4.0
Ceredigion Preseli,2.7
Clwyd East,2.8000000000000003
Clwyd North,4.6
Dwyfor Meirionnydd,2.8000000000000003
Gower,2.1
Llanelli,3.1
Merthyr Tydfil and Aberdare,3.2
Mid and South Pembrokeshire,3.3000000000000003
Monmouthshire,2.4
Montgomeryshire and Glyndwr,2.8000000000000003
Neath and Swansea East,2.9000000000000004
Newport East,5.2
Newport West and Islwyn,2.9000000000000004
Pontypridd,2.6
Rhondda and Ogmore,3.5999999999999996
Swansea West,4.3999999999999995
Torfaen,3.6999999999999997
Vale of Glamorgan,3.5000000000000004
Wrexham,2.9000000000000004
Ynys Mon,3.5999999999999996
Aldridge-Brownhills,3.0
Birmingham Edgbaston,9.1
Birmingham Erdington,10.6
Birmingham Hall Green and Moseley,11.3
Birmingham Hodge Hill and Solihull North,10.5
Birmingham Ladywood,12.6
Birmingham Northfield,7.3999999999999995
Birmingham Perry Barr,15.5
Birmingham Selly Oak,6.3
Birmingham Yardley,11.4
Bromsgrove,2.6
Burton and Uttoxeter,3.8
Cannock Chase,3.1
Coventry East,7.000000000000001
Coventry North West,5.2
Coventry South,4.7
Droitwich and Evesham,2.8000000000000003
Dudley,6.0
Halesowen,4.6
Hereford and South Herefordshire,3.0
Kenilworth and Southam,1.7000000000000002
Kingswinford and South Staffordshire,2.6
Lichfield,2.1999999999999997
Meriden and Solihull East,4.0
Newcastle-under-Lyme,3.1
North Herefordshire,2.5
North Shropshire,2.6
North Warwickshire and Bedworth,3.0
Nuneaton,4.1000000000000005
Redditch,3.6999999999999997
Rugby,2.7
Shrewsbury,2.5
Smethwick,7.5
Solihull West and Shirley,2.8000000000000003
South Shropshire,2.4
Stafford,2.6
Staffordshire Moorlands,2.4
Stoke-on-Trent Central,6.5
Stoke-on-Trent North,5.4
Stoke-on-Trent South,3.4000000000000004
"Stone, Great Wyrley and Penkridge",2.1
Stourbridge,4.9
Stratford-on-Avon,2.0
Sutton Coldfield,2.7
Tamworth,3.0
Telford,4.1000000000000005
The Wrekin,2.7
Tipton and Wednesbury,6.6000000000000005
Walsall and Bloxwich,8.0
Warwick and Leamington,2.6
West Bromwich,6.6000000000000005
West Worcestershire,2.4
Wolverhampton North East,6.5
Wolverhampton South East,7.000000000000001
Wolverhampton West,7.000000000000001
Worcester,3.5999999999999996
Wyre Forest,3.2
Barnsley North,3.4000000000000004
Barnsley South,3.8
Beverley and Holderness,2.1999999999999997
Bradford East,9.700000000000001
Bradford South,7.3
Bradford West,10.4
Bridlington and The Wolds,3.2
Brigg and Immingham,2.1999999999999997
Calder Valley,2.9000000000000004
Colne Valley,2.6
Dewsbury and Batley,6.800000000000001
Doncaster Central,5.3
Doncaster East and the Isle of Axholme,2.8000000000000003
Doncaster North,4.1000000000000005
Goole and Pocklington,2.0
Great Grimsby and Cleethorpes,5.0
Halifax,5.5
Harrogate and Knaresborough,1.7000000000000002
Huddersfield,6.2
Keighley and Ilkley,4.2
Kingston upon Hull East,5.800000000000001
Kingston upon Hull North and Cottingham,5.3
Kingston upon Hull West and Haltemprice,4.8
Leeds Central and Headingley,3.5000000000000004
Leeds East,6.5
Leeds North East,4.5
Leeds North West,2.1
Leeds South,7.9
Leeds South West and Morley,3.1
Leeds West and Pudsey,4.7
Normanton and Hemsworth,3.0
Ossett and Denby Dale,2.7
Penistone and Stocksbridge,2.1999999999999997
"Pontefract, Castleford and Knottingley",3.4000000000000004
Rawmarsh and Conisbrough,3.6999999999999997
Richmond and Northallerton,2.1
Rother Valley,2.9000000000000004
Rotherham,5.3
Scarborough and Whitby,3.3000000000000003
Scunthorpe,4.3
Selby,2.1
Sheffield Brightside and Hillsborough,7.199999999999999
Sheffield Central,3.6999999999999997
Sheffield Hallam,1.7000000000000002
Sheffield Heeley,5.5
Sheffield South East,5.1
Shipley,3.2
Skipton and Ripon,1.7000000000000002
Spen Valley,3.5999999999999996
Thirsk and Malton,1.9
Wakefield and Rothwell,4.2
Wetherby and Easingwold,1.3
York Central,2.1999999999999997
York Outer,1.3
Basildon and Billericay,4.1000000000000005
Bedford,5.8999999999999995
Braintree,2.4
Brentwood and Ongar,2.5
Broadland and Fakenham,2.1
Broxbourne,3.2
Bury St Edmunds and Stowmarket,2.3
Cambridge,2.1999999999999997
Castle Point,2.6
Central Suffolk and North Ipswich,2.0
Chelmsford,2.9000000000000004
Clacton,4.5
Colchester,3.5000000000000004
Dunstable and Leighton Buzzard,3.1
Ely and East Cambridgeshire,2.1
Epping Forest,3.1
Great Yarmouth,4.7
Harlow,4.0
Harpenden and Berkhamsted,1.7999999999999998
Harwich and North Essex,2.8000000000000003
Hemel Hempstead,3.8
Hertford and Stortford,2.0
Hertsmere,3.4000000000000004
Hitchin,2.1999999999999997
Huntingdon,2.1
Ipswich,4.6
Lowestoft,3.9
Luton North,6.3
Luton South and South Bedfordshire,7.3999999999999995
Maldon,2.3
Mid Bedfordshire,1.9
Mid Norfolk,2.0
North Bedfordshire,2.5
North East Cambridgeshire,3.6999999999999997
North East Hertfordshire,2.1999999999999997
North Norfolk,2.6
North West Cambridgeshire,3.4000000000000004
North West Essex,2.0
North West Norfolk,3.0
Norwich North,3.2
Norwich South,3.5999999999999996
Peterborough,6.800000000000001
Rayleigh and Wickford,2.0
South Basildon and East Thurrock,3.6999999999999997
South Cambridgeshire,1.7999999999999998
South Norfolk,2.0
South Suffolk,2.4
South West Hertfordshire,2.8000000000000003
South West Norfolk,2.5
Southend East and Rochford,5.1
Southend West and Leigh,3.2
St Albans,2.7
St Neots and Mid Cambridgeshire,2.1999999999999997
Stevenage,3.3000000000000003
Suffolk Coastal,2.1
Thurrock,4.9
Watford,4.3999999999999995
Waveney Valley,2.1999999999999997
Welwyn Hatfield,3.1
West Suffolk,2.3
Witham,2.4
Amber Valley,2.8000000000000003
Ashfield,3.8
Bassetlaw,3.1
Bolsover,2.9000000000000004
Boston and Skegness,4.1000000000000005
Broxtowe,2.9000000000000004
Chesterfield,3.5000000000000004
Corby and East Northamptonshire,3.0
Daventry,2.3
Derby North,4.1000000000000005
Derby South,6.7
Derbyshire Dales,1.9
Erewash,3.5999999999999996
Gainsborough,2.8000000000000003
Gedling,3.2
Grantham and Bourne,3.0
"Harborough, Oadby and Wigston",2.4
High Peak,2.4
Hinckley and Bosworth,2.5
Kettering,3.2
Leicester East,5.3
Leicester South,6.1
Leicester West,6.0
Lincoln,3.5000000000000004
Loughborough,2.5
Louth and Horncastle,2.5
Mansfield,3.9
Melton and Syston,2.8000000000000003
Mid Derbyshire,1.7999999999999998
Mid Leicestershire,2.1999999999999997
Newark,2.6
North East Derbyshire,2.5
North West Leicestershire,2.0
Northampton North,5.4
Northampton South,3.3000000000000003
Nottingham East,7.000000000000001
Nottingham North and Kimberley,6.3
Nottingham South,4.2
Rushcliffe,1.9
Rutland and Stamford,2.0
Sherwood Forest,2.8000000000000003
Sleaford and North Hykeham,2.1
South Derbyshire,2.5
South Holland and The Deepings,2.9000000000000004
South Leicestershire,1.7999999999999998
South Northamptonshire,1.7999999999999998
Wellingborough and Rushden,3.8
Barking,7.8
Battersea,3.6999999999999997
Beckenham and Penge,3.8
Bermondsey and Old Southwark,4.8
Bethnal Green and Stepney,7.6
Bexleyheath and Crayford,3.3000000000000003
Brent East,9.5
Brent West,5.5
Brentford and Isleworth,5.1
Bromley and Biggin Hill,3.2
Carshalton and Wallington,3.8
Chelsea and Fulham,3.5999999999999996
Chingford and Woodford Green,5.0
Chipping Barnet,4.1000000000000005
Cities of London and Westminster,3.2
Clapham and Brixton Hill,5.5
Croydon East,5.800000000000001
Croydon South,4.2
Croydon West,8.1
Dagenham and Rainham,6.5
Dulwich and West Norwood,6.3
Ealing Central and Acton,5.800000000000001
Ealing North,7.5
Ealing Southall,6.9
East Ham,8.7
Edmonton and Winchmore Hill,8.7
Eltham and Chislehurst,4.7
Enfield North,7.3999999999999995
Erith and Thamesmead,6.5
Feltham and Heston,5.7
Finchley and Golders Green,5.3
Greenwich and Woolwich,5.2
Hackney North and Stoke Newington,7.8
Hackney South and Shoreditch,6.800000000000001
Hammersmith and Chiswick,4.9
Hampstead and Highgate,4.3
Harrow East,4.8
Harrow West,5.4
Hayes and Harlington,6.0
Hendon,5.8999999999999995
Holborn and St Pancras,5.2
Hornchurch and Upminster,3.9
Hornsey and Friern Barnet,5.0
Ilford North,5.6000000000000005
Ilford South,7.6
Islington North,6.1
Islington South and Finsbury,5.5
Kensington and Bayswater,3.8
Kingston and Surbiton,3.4000000000000004
Lewisham East,7.6
Lewisham North,6.6000000000000005
Lewisham West and East Dulwich,5.800000000000001
Leyton and Wanstead,6.4
Mitcham and Morden,6.0
Old Bexley and Sidcup,2.5
Orpington,3.5000000000000004
Peckham,6.800000000000001
Poplar and Limehouse,6.2
Putney,4.7
Queen's Park and Maida Vale,7.3999999999999995
Richmond Park,2.5
Romford,4.6
"Ruislip, Northwood and Pinner",3.1
Southgate and Wood Green,7.000000000000001
Stratford and Bow,6.7
Streatham and Croydon North,7.199999999999999
Sutton and Cheam,3.1
Tooting,4.2
Tottenham,9.2
Twickenham,2.6
Uxbridge and South Ruislip,4.6
Vauxhall and Camberwell Green,6.5
Walthamstow,7.5
West Ham and Beckton,7.9
Wimbledon,3.0
Bishop Auckland,3.0
Blaydon and Consett,3.0
Blyth and Ashington,3.9
City of Durham,2.1999999999999997
Cramlington and Killingworth,2.7
Darlington,3.9
Easington,4.2
Gateshead Central and Whickham,4.5
Hartlepool,4.3999999999999995
Hexham,2.0
Houghton and Sunderland South,3.6999999999999997
Jarrow and Gateshead East,4.5
Middlesbrough South and East Cleveland,3.1
Middlesbrough and Thornaby East,5.8999999999999995
Newcastle upon Tyne Central and West,5.3
Newcastle upon Tyne East and Wallsend,4.2
Newcastle upon Tyne North,2.0
Newton Aycliffe and Spennymoor,3.0
North Durham,3.0
North Northumberland,2.5
Redcar,3.9
South Shields,5.0
Stockton North,4.8
Stockton West,1.9
Sunderland Central,4.2
Tynemouth,3.1
Washington and Gateshead South,3.8
Altrincham and Sale West,1.9
Ashton-under-Lyne,5.4
Barrow and Furness,2.5
Birkenhead,4.8
Blackburn,6.3
Blackley and Middleton South,7.3
Blackpool North and Fleetwood,3.5000000000000004
Blackpool South,6.4
Bolton North East,5.8999999999999995
Bolton South and Walkden,6.5
Bolton West,3.5000000000000004
Bootle,5.4
Burnley,5.8999999999999995
Bury North,4.7
Bury South,4.0
Carlisle,2.4
Cheadle,1.7999999999999998
Chester North and Neston,2.7
Chester South and Eddisbury,1.7000000000000002
Chorley,2.5
Congleton,1.7000000000000002
Crewe and Nantwich,2.8000000000000003
Ellesmere Port and Bromborough,2.9000000000000004
Fylde,2.6
Gorton and Denton,7.8
Hazel Grove,2.5
Heywood and Middleton North,5.0
Hyndburn,5.3
Knowsley,4.7
Lancaster and Wyre,2.1999999999999997
Leigh and Atherton,3.8
Liverpool Garston,3.8
Liverpool Riverside,5.8999999999999995
Liverpool Walton,5.800000000000001
Liverpool Wavertree,6.2
Liverpool West Derby,5.5
Macclesfield,2.3
Makerfield,2.9000000000000004
Manchester Central,4.9
Manchester Rusholme,6.7
Manchester Withington,3.6999999999999997
Mid Cheshire,2.5
Morecambe and Lunesdale,3.0
Oldham East and Saddleworth,6.3
"Oldham West, Chadderton and Royton",7.3
Pendle and Clitheroe,4.9
Penrith and Solway,1.9
Preston,5.3
Ribble Valley,1.9
Rochdale,7.3
Rossendale and Darwen,3.4000000000000004
Runcorn and Helsby,3.8
Salford,4.9
Sefton Central,2.1
South Ribble,2.1
Southport,3.2
St Helens North,3.5000000000000004
St Helens South and Whiston,4.2
Stalybridge and Hyde,4.3
Stockport,4.0
Stretford and Urmston,4.2
Tatton,1.7999999999999998
Wallasey,3.9
Warrington North,3.0
Warrington South,2.3
West Lancashire,3.0
Westmorland and Lonsdale,1.3
Whitehaven and Workington,2.7
Widnes and Halewood,3.8
Wigan,4.1000000000000005
Wirral West,1.7000000000000002
Worsley and Eccles,4.0
Wythenshawe and Sale East,4.2
Belfast East,3.0
Belfast North,4.7
Belfast South and Mid Down,2.4
Belfast West,4.9
East Antrim,2.5
East Londonderry,3.3000000000000003
Fermanagh and South Tyrone,2.9000000000000004
Foyle,5.4
Lagan Valley,2.0
Mid Ulster,2.1999999999999997
Newry and Armagh,3.3000000000000003
North Antrim,3.1
North Down,2.4
South Antrim,2.0
South Down,2.5
Strangford,2.8000000000000003
Upper Bann,3.0
West Tyrone,2.8000000000000003
Aberdeen North,4.0
Aberdeen South,2.9000000000000004
Aberdeenshire North and Moray East,2.6
Airdrie and Shotts,3.1
Alloa and Grangemouth,3.0
Angus and Perthshire Glens,2.6
Arbroath and Broughty Ferry,3.0
"Argyll, Bute and South Lochaber",2.4
"Ayr, Carrick and Cumnock",3.6999999999999997
Bathgate and Linlithgow,2.5
"Berwickshire, Roxburgh and Selkirk",3.0
"Caithness, Sutherland and Easter Ross",2.0
Central Ayrshire,3.2
Coatbridge and Bellshill,3.3000000000000003
Cowdenbeath and Kirkcaldy,3.9
Cumbernauld and Kirkintilloch,2.6
Dumfries and Galloway,2.7
"Dumfriesshire, Clydesdale and Tweeddale",2.4
Dundee Central,4.1000000000000005
Dunfermline and Dollar,2.5
East Kilbride and Strathaven,2.0
East Renfrewshire,1.6
Edinburgh East and Musselburgh,2.8000000000000003
Edinburgh North and Leith,3.2
Edinburgh South,1.7999999999999998
Edinburgh South West,2.8000000000000003
Edinburgh West,1.9
Falkirk,2.9000000000000004
Glasgow East,5.800000000000001
Glasgow North,4.9
Glasgow North East,5.2
Glasgow South,4.0
Glasgow South West,4.8
Glasgow West,4.3
Glenrothes and Mid Fife,4.0
Gordon and Buchan,1.6
Hamilton and Clyde Valley,3.1
Inverclyde and Renfrewshire West,2.9000000000000004
"Inverness, Skye and West Ross-shire",2.4
Kilmarnock and Loudoun,3.5999999999999996
Livingston,2.5
Lothian East,2.1
Mid Dunbartonshire,1.5
Midlothian,2.1999999999999997
"Moray West, Nairn and Strathspey",2.1999999999999997
"Motherwell, Wishaw and Carluke",3.1
Na h-Eileanan an Iar,2.0
North Ayrshire and Arran,3.9
North East Fife,2.1999999999999997
Orkney and Shetland,1.5
Paisley and Renfrewshire North,2.9000000000000004
Paisley and Renfrewshire South,2.9000000000000004
Perth and Kinross-shire,2.4
Rutherglen,2.9000000000000004
Stirling and Strathallan,2.1999999999999997
West Aberdeenshire and Kincardine,1.5
West Dunbartonshire,3.6999999999999997
Aldershot,2.7
Arundel and South Downs,2.3
Ashford,3.2
Aylesbury,4.1000000000000005
Banbury,2.6
Basingstoke,3.0
Beaconsfield,2.5
Bexhill and Battle,3.0
Bicester and Woodstock,1.9
Bognor Regis and Littlehampton,4.1000000000000005
Bracknell,2.7
Brighton Kemptown and Peacehaven,4.6
Brighton Pavilion,3.8
Buckingham and Bletchley,3.5999999999999996
Canterbury,3.2
Chatham and Aylesford,4.1000000000000005
Chesham and Amersham,2.3
Chichester,3.5000000000000004
Crawley,4.6
Dartford,3.0
Didcot and Wantage,2.0
Dorking and Horley,1.9
Dover and Deal,3.5000000000000004
Earley and Woodley,2.6
East Grinstead and Uckfield,2.0
East Hampshire,2.0
East Surrey,2.5
East Thanet,5.7
East Worthing and Shoreham,2.8000000000000003
Eastbourne,4.6
Eastleigh,2.1
Epsom and Ewell,2.1
Esher and Walton,2.4
Fareham and Waterlooville,2.4
Farnham and Bordon,2.0
Faversham and Mid Kent,2.8000000000000003
Folkestone and Hythe,4.3
Gillingham and Rainham,3.9
Godalming and Ash,1.7999999999999998
Gosport,3.2
Gravesham,4.3
Guildford,1.9
Hamble Valley,1.7999999999999998
Hastings and Rye,4.6
Havant,3.8
Henley and Thame,1.7000000000000002
Herne Bay and Sandwich,3.5000000000000004
Horsham,1.9
Hove and Portslade,3.9
Isle of Wight East,4.7
Isle of Wight West,3.2
Lewes,3.2
Maidenhead,2.3
Maidstone and Malling,3.2
Mid Buckinghamshire,1.6
Mid Sussex,1.6
Milton Keynes Central,4.3999999999999995
Milton Keynes North,3.6999999999999997
New Forest East,2.3
New Forest West,2.1
Newbury,2.5
North East Hampshire,1.6
North West Hampshire,2.1
Oxford East,3.1
Oxford West and Abingdon,1.7000000000000002
Portsmouth North,4.0
Portsmouth South,5.2
Reading Central,4.3
Reading West and Mid Berkshire,2.9000000000000004
Reigate,1.9
Rochester and Strood,3.6999999999999997
Romsey and Southampton North,2.1999999999999997
Runnymede and Weybridge,2.5
Sevenoaks,2.0
Sittingbourne and Sheppey,3.6999999999999997
Slough,6.2
Southampton Itchen,4.0
Southampton Test,4.7
Spelthorne,3.4000000000000004
Surrey Heath,2.1
Sussex Weald,2.1
Tonbridge,2.3
Tunbridge Wells,2.4
Weald of Kent,2.3
Winchester,2.0
Windsor,2.9000000000000004
Witney,1.9
Woking,2.6
Wokingham,1.7999999999999998
Worthing West,3.0
Wycombe,4.8
Bath,1.9
Bournemouth East,4.1000000000000005
Bournemouth West,3.6999999999999997
Bridgwater,2.8000000000000003
Bristol Central,2.4
Bristol East,4.5
Bristol North East,3.9
Bristol North West,3.1
Bristol South,3.8
Camborne and Redruth,3.2
Central Devon,2.1999999999999997
Cheltenham,2.7
Chippenham,2.1999999999999997
Christchurch,2.4
East Wiltshire,2.1999999999999997
Exeter,2.1999999999999997
Exmouth and Exeter East,1.7999999999999998
Filton and Bradley Stoke,1.7000000000000002
Forest of Dean,2.5
Frome and East Somerset,2.4
Glastonbury and Somerton,2.3
Gloucester,3.6999999999999997
Honiton and Sidmouth,1.9
Melksham and Devizes,2.1999999999999997
Mid Dorset and North Poole,2.1999999999999997
Newton Abbot,2.1999999999999997
North Cornwall,3.1
North Cotswolds,1.9
North Devon,2.8000000000000003
North Dorset,2.1999999999999997
North East Somerset and Hanham,1.7000000000000002
North Somerset,1.7000000000000002
Plymouth Moor View,3.2
Plymouth Sutton and Devonport,4.2
Poole,3.1
Salisbury,2.3
South Cotswolds,1.7999999999999998
South Devon,2.5
South Dorset,2.7
South East Cornwall,2.7
South West Devon,1.7000000000000002
South West Wiltshire,2.5
St Austell and Newquay,3.3000000000000003
St Ives,3.2
Stroud,2.1
Swindon North,3.0
Swindon South,3.5999999999999996
Taunton and Wellington,2.3
Tewkesbury,2.1999999999999997
Thornbury and Yate,2.1999999999999997
Tiverton and Minehead,2.1999999999999997
Torbay,3.4000000000000004
Torridge and Tavistock,2.6
Truro and Falmouth,2.3
Wells and Mendip Hills,2.1
West Dorset,2.4
Weston-super-Mare,3.3000000000000003
Yeovil,2.6
Aberafan Maesteg,3.6999999999999997
Alyn and Deeside,2.8000000000000003
Bangor Aberconwy,3.0
Blaenau Gwent and Rhymney,4.0
"Brecon, Radnor and Cwm Tawe",2.9000000000000004
Bridgend,2.3
Caerfyrddin,2.6
Caerphilly,3.2
Cardiff East,4.6
Cardiff North,2.3
Cardiff South and Penarth,3.6999999999999997
Cardiff West,4.0
Ceredigion Preseli,2.6
Clwyd East,2.7
Clwyd North,4.5
Dwyfor Meirionnydd,2.6
Gower,2.1
Llanelli,3.0
Merthyr Tydfil and Aberdare,3.3000000000000003
Mid and South Pembrokeshire,3.3000000000000003
Monmouthshire,2.4
Montgomeryshire and Glyndwr,2.7
Neath and Swansea East,2.9000000000000004
Newport East,5.1
Newport West and Islwyn,2.9000000000000004
Pontypridd,2.6
Rhondda and Ogmore,3.5999999999999996
Swansea West,4.3
Torfaen,3.5999999999999996
Vale of Glamorgan,3.4000000000000004
Wrexham,2.8000000000000003
Ynys Mon,3.5000000000000004
Aldridge-Brownhills,2.9000000000000004
Birmingham Edgbaston,9.2
Birmingham Erdington,10.4
Birmingham Hall Green and Moseley,11.3
Birmingham Hodge Hill and Solihull North,10.4
Birmingham Ladywood,12.5
Birmingham Northfield,7.3
Birmingham Perry Barr,15.299999999999999
Birmingham Selly Oak,6.2
Birmingham Yardley,11.3
Bromsgrove,2.5
Burton and Uttoxeter,3.8
Cannock Chase,3.1
Coventry East,6.9
Coventry North West,5.1
Coventry South,4.8
Droitwich and Evesham,2.7
Dudley,5.8999999999999995
Halesowen,4.5
Hereford and South Herefordshire,2.9000000000000004
Kenilworth and Southam,1.7000000000000002
Kingswinford and South Staffordshire,2.6
Lichfield,2.1999999999999997
Meriden and Solihull East,3.9
Newcastle-under-Lyme,3.1
North Herefordshire,2.4
North Shropshire,2.6
North Warwickshire and Bedworth,3.0
Nuneaton,4.1000000000000005
Redditch,3.5999999999999996
Rugby,2.8000000000000003
Shrewsbury,2.4
Smethwick,7.5
Solihull West and Shirley,2.9000000000000004
South Shropshire,2.3
Stafford,2.6
Staffordshire Moorlands,2.4
Stoke-on-Trent Central,6.4
Stoke-on-Trent North,5.4
Stoke-on-Trent South,3.5000000000000004
"Stone, Great Wyrley and Penkridge",2.1
Stourbridge,4.8
Stratford-on-Avon,2.0
Sutton Coldfield,2.7
Tamworth,2.9000000000000004
Telford,4.1000000000000005
The Wrekin,2.7
Tipton and Wednesbury,6.6000000000000005
Walsall and Bloxwich,8.0
Warwick and Leamington,2.6
West Bromwich,6.5
West Worcestershire,2.3
Wolverhampton North East,6.3
Wolverhampton South East,6.9
Wolverhampton West,6.9
Worcester,3.5000000000000004
Wyre Forest,3.1
Barnsley North,3.2
Barnsley South,3.6999999999999997
Beverley and Holderness,2.1
Bradford East,9.700000000000001
Bradford South,7.199999999999999
Bradford West,10.299999999999999
Bridlington and The Wolds,3.0
Brigg and Immingham,2.1999999999999997
Calder Valley,2.9000000000000004
Colne Valley,2.7
Dewsbury and Batley,6.800000000000001
Doncaster Central,5.2
Doncaster East and the Isle of Axholme,2.8000000000000003
Doncaster North,4.0
Goole and Pocklington,2.0
Great Grimsby and Cleethorpes,4.9
Halifax,5.5
Harrogate and Knaresborough,1.7999999999999998
Huddersfield,6.1
Keighley and Ilkley,4.1000000000000005
Kingston upon Hull East,5.7
Kingston upon Hull North and Cottingham,5.2
Kingston upon Hull West and Haltemprice,4.6
Leeds Central and Headingley,3.5000000000000004
Leeds East,6.5
Leeds North East,4.3999999999999995
Leeds North West,2.1
Leeds South,7.8
Leeds South West and Morley,3.0
Leeds West and Pudsey,4.7
Normanton and Hemsworth,2.9000000000000004
Ossett and Denby Dale,2.7
Penistone and Stocksbridge,2.1999999999999997
"Pontefract, Castleford and Knottingley",3.3000000000000003
Rawmarsh and Conisbrough,3.5999999999999996
Richmond and Northallerton,1.7999999999999998
Rother Valley,2.8000000000000003
Rotherham,5.2
Scarborough and Whitby,3.2
Scunthorpe,4.2
Selby,2.0
Sheffield Brightside and Hillsborough,7.000000000000001
Sheffield Central,3.6999999999999997
Sheffield Hallam,1.6
Sheffield Heeley,5.5
Sheffield South East,4.8
Shipley,3.2
Skipton and Ripon,1.7000000000000002
Spen Valley,3.5000000000000004
Thirsk and Malton,1.7999999999999998
Wakefield and Rothwell,4.2
Wetherby and Easingwold,1.4000000000000001
York Central,2.1999999999999997
York Outer,1.3
Basildon and Billericay,4.2
Bedford,5.800000000000001
Braintree,2.4
Brentwood and Ongar,2.6
Broadland and Fakenham,2.1
Broxbourne,3.2
Bury St Edmunds and Stowmarket,2.3
Cambridge,2.1999999999999997
Castle Point,2.6
Central Suffolk and North Ipswich,2.0
Chelmsford,3.0
Clacton,4.3999999999999995
Colchester,3.5000000000000004
Dunstable and Leighton Buzzard,3.1
Ely and East Cambridgeshire,2.1
Epping Forest,3.2
Great Yarmouth,4.6
Harlow,4.0
Harpenden and Berkhamsted,1.7999999999999998
Harwich and North Essex,2.8000000000000003
Hemel Hempstead,4.0
Hertford and Stortford,2.0
Hertsmere,3.4000000000000004
Hitchin,2.1999999999999997
Huntingdon,2.1999999999999997
Ipswich,4.6
Lowestoft,3.8
Luton North,6.4
Luton South and South Bedfordshire,7.5
Maldon,2.3
Mid Bedfordshire,2.0
Mid Norfolk,2.1
North Bedfordshire,2.5
North East Cambridgeshire,3.5999999999999996
North East Hertfordshire,2.1999999999999997
North Norfolk,2.6
North West Cambridgeshire,3.5000000000000004
North West Essex,2.1
North West Norfolk,3.1
Norwich North,3.3000000000000003
Norwich South,3.5999999999999996
Peterborough,6.800000000000001
Rayleigh and Wickford,2.1
South Basildon and East Thurrock,3.8
South Cambridgeshire,1.7000000000000002
South Norfolk,2.0
South Suffolk,2.5
South West Hertfordshire,2.7
South West Norfolk,2.5
Southend East and Rochford,5.1
Southend West and Leigh,3.2
St Albans,2.6
St Neots and Mid Cambridgeshire,2.1999999999999997
Stevenage,3.3000000000000003
Suffolk Coastal,2.1999999999999997
Thurrock,5.0
Watford,4.5
Waveney Valley,2.1999999999999997
Welwyn Hatfield,3.1
West Suffolk,2.3
Witham,2.3
Amber Valley,2.8000000000000003
Ashfield,3.8
Bassetlaw,3.2
Bolsover,2.8000000000000003
Boston and Skegness,4.0
Broxtowe,2.9000000000000004
Chesterfield,3.4000000000000004
Corby and East Northamptonshire,3.1
Daventry,2.3
Derby North,4.1000000000000005
Derby South,6.6000000000000005
Derbyshire Dales,1.7999999999999998
Erewash,3.5999999999999996
Gainsborough,2.8000000000000003
Gedling,3.3000000000000003
Grantham and Bourne,3.0
"Harborough, Oadby and Wigston",2.4
High Peak,2.3
Hinckley and Bosworth,2.5
Kettering,3.2
Leicester East,5.3
Leicester South,6.2
Leicester West,6.0
Lincoln,3.5999999999999996
Loughborough,2.5
Louth and Horncastle,2.5
Mansfield,3.9
Melton and Syston,2.8000000000000003
Mid Derbyshire,1.7999999999999998
Mid Leicestershire,2.1
Newark,2.6
North East Derbyshire,2.5
North West Leicestershire,2.1
Northampton North,5.4
Northampton South,3.3000000000000003
Nottingham East,7.1
Nottingham North and Kimberley,6.3
Nottingham South,4.3
Rushcliffe,1.9
Rutland and Stamford,2.0
Sherwood Forest,2.9000000000000004
Sleaford and North Hykeham,2.1
South Derbyshire,2.4
South Holland and The Deepings,2.9000000000000004
South Leicestershire,1.9
South Northamptonshire,1.9
Wellingborough and Rushden,3.8
Barking,8.0
Battersea,3.8
Beckenham and Penge,3.8
Bermondsey and Old Southwark,4.8
Bethnal Green and Stepney,7.7
Bexleyheath and Crayford,3.4000000000000004
Brent East,9.8
Brent West,5.6000000000000005
Brentford and Isleworth,5.3
Bromley and Biggin Hill,3.2
Carshalton and Wallington,4.0
Chelsea and Fulham,3.5999999999999996
Chingford and Woodford Green,5.0
Chipping Barnet,4.1000000000000005
Cities of London and Westminster,3.2
Clapham and Brixton Hill,5.6000000000000005
Croydon East,6.0
Croydon South,4.3
Croydon West,8.200000000000001
Dagenham and Rainham,6.6000000000000005
Dulwich and West Norwood,6.4
Ealing Central and Acton,5.8999999999999995
Ealing North,7.6
Ealing Southall,6.9
East Ham,8.9
Edmonton and Winchmore Hill,8.799999999999999
Eltham and Chislehurst,4.8
Enfield North,7.6
Erith and Thamesmead,6.6000000000000005
Feltham and Heston,5.7
Finchley and Golders Green,5.4
Greenwich and Woolwich,5.3
Hackney North and Stoke Newington,7.8
Hackney South and Shoreditch,6.9
Hammersmith and Chiswick,5.0
Hampstead and Highgate,4.3
Harrow East,4.9
Harrow West,5.6000000000000005
Hayes and Harlington,6.2
Hendon,5.8999999999999995
Holborn and St Pancras,5.3
Hornchurch and Upminster,4.0
Hornsey and Friern Barnet,5.2
Ilford North,5.7
Ilford South,7.7
Islington North,6.2
Islington South and Finsbury,5.5
Kensington and Bayswater,3.8
Kingston and Surbiton,3.5000000000000004
Lewisham East,7.7
Lewisham North,6.800000000000001
Lewisham West and East Dulwich,5.800000000000001
Leyton and Wanstead,6.6000000000000005
Mitcham and Morden,6.1
Old Bexley and Sidcup,2.5
Orpington,3.4000000000000004
Peckham,6.9
Poplar and Limehouse,6.4
Putney,4.7
Queen's Park and Maida Vale,7.5
Richmond Park,2.6
Romford,4.8
"Ruislip, Northwood and Pinner",3.1
Southgate and Wood Green,7.3
Stratford and Bow,6.6000000000000005
Streatham and Croydon North,7.3
Sutton and Cheam,3.1
Tooting,4.3
Tottenham,9.5
Twickenham,2.7
Uxbridge and South Ruislip,4.6
Vauxhall and Camberwell Green,6.6000000000000005
Walthamstow,7.5
West Ham and Beckton,8.0
Wimbledon,3.0
Bishop Auckland,3.1
Blaydon and Consett,3.0
Blyth and Ashington,3.9
City of Durham,2.1999999999999997
Cramlington and Killingworth,2.7
Darlington,3.9
Easington,4.2
Gateshead Central and Whickham,4.3999999999999995
Hartlepool,4.3999999999999995
Hexham,2.0
Houghton and Sunderland South,3.6999999999999997
Jarrow and Gateshead East,4.6
Middlesbrough South and East Cleveland,3.2
Middlesbrough and Thornaby East,5.8999999999999995
Newcastle upon Tyne Central and West,5.4
Newcastle upon Tyne East and Wallsend,4.2
Newcastle upon Tyne North,2.0
Newton Aycliffe and Spennymoor,2.9000000000000004
North Durham,3.0
North Northumberland,2.4
Redcar,3.9
South Shields,5.0
Stockton North,4.9
Stockton West,1.9
Sunderland Central,4.2
Tynemouth,3.0
Washington and Gateshead South,3.8
Altrincham and Sale West,1.9
Ashton-under-Lyne,5.4
Barrow and Furness,2.5
Birkenhead,4.8
Blackburn,6.2
Blackley and Middleton South,7.199999999999999
Blackpool North and Fleetwood,3.5000000000000004
Blackpool South,6.1
Bolton North East,5.800000000000001
Bolton South and Walkden,6.5
Bolton West,3.5000000000000004
Bootle,5.3
Burnley,5.800000000000001
Bury North,4.6
Bury South,4.0
Carlisle,2.3
Cheadle,1.7999999999999998
Chester North and Neston,2.7
Chester South and Eddisbury,1.7000000000000002
Chorley,2.6
Congleton,1.7000000000000002
Crewe and Nantwich,2.9000000000000004
Ellesmere Port and Bromborough,2.9000000000000004
Fylde,2.6
Gorton and Denton,7.8
Hazel Grove,2.5
Heywood and Middleton North,5.1
Hyndburn,5.3
Knowsley,4.7
Lancaster and Wyre,2.1999999999999997
Leigh and Atherton,3.8
Liverpool Garston,3.6999999999999997
Liverpool Riverside,5.8999999999999995
Liverpool Walton,5.7
Liverpool Wavertree,6.2
Liverpool West Derby,5.6000000000000005
Macclesfield,2.3
Makerfield,2.9000000000000004
Manchester Central,4.9
Manchester Rusholme,6.6000000000000005
Manchester Withington,3.6999999999999997
Mid Cheshire,2.4
Morecambe and Lunesdale,2.9000000000000004
Oldham East and Saddleworth,6.3
"Oldham West, Chadderton and Royton",7.3
Pendle and Clitheroe,4.7
Penrith and Solway,1.9
Preston,5.3
Ribble Valley,1.9
Rochdale,7.3
Rossendale and Darwen,3.4000000000000004
Runcorn and Helsby,3.6999999999999997
Salford,5.0
Sefton Central,2.0
South Ribble,2.1999999999999997
Southport,3.2
St Helens North,3.4000000000000004
St Helens South and Whiston,4.2
Stalybridge and Hyde,4.3
Stockport,4.0
Stretford and Urmston,4.0
Tatton,1.7999999999999998
Wallasey,3.9
Warrington North,3.0
Warrington South,2.3
West Lancashire,3.0
Westmorland and Lonsdale,1.4000000000000001
Whitehaven and Workington,2.8000000000000003
Widnes and Halewood,3.8
Wigan,4.1000000000000005
Wirral West,1.7999999999999998
Worsley and Eccles,4.0
Wythenshawe and Sale East,4.1000000000000005
Belfast East,3.1
Belfast North,4.8
Belfast South and Mid Down,2.4
Belfast West,5.0
East Antrim,2.5
East Londonderry,3.3000000000000003
Fermanagh and South Tyrone,2.8000000000000003
Foyle,5.5
Lagan Valley,2.0
Mid Ulster,2.1999999999999997
Newry and Armagh,3.4000000000000004
North Antrim,3.1
North Down,2.4
South Antrim,2.1
South Down,2.5
Strangford,2.9000000000000004
Upper Bann,3.0
West Tyrone,2.9000000000000004
Aberdeen North,4.1000000000000005
Aberdeen South,2.9000000000000004
Aberdeenshire North and Moray East,2.6
Airdrie and Shotts,3.1
Alloa and Grangemouth,3.1
Angus and Perthshire Glens,2.6
Arbroath and Broughty Ferry,3.1
"Argyll, Bute and South Lochaber",2.3
"Ayr, Carrick and Cumnock",3.6999999999999997
Bathgate and Linlithgow,2.6
"Berwickshire, Roxburgh and Selkirk",2.9000000000000004
"Caithness, Sutherland and Easter Ross",2.0
Central Ayrshire,3.1
Coatbridge and Bellshill,3.2
Cowdenbeath and Kirkcaldy,4.0
Cumbernauld and Kirkintilloch,2.6
Dumfries and Galloway,2.8000000000000003
"Dumfriesshire, Clydesdale and Tweeddale",2.5
Dundee Central,4.2
Dunfermline and Dollar,2.5
East Kilbride and Strathaven,2.0
East Renfrewshire,1.7000000000000002
Edinburgh East and Musselburgh,2.8000000000000003
Edinburgh North and Leith,3.2
Edinburgh South,1.9
Edinburgh South West,2.8000000000000003
Edinburgh West,2.0
Falkirk,3.0
Glasgow East,5.800000000000001
Glasgow North,5.0
Glasgow North East,5.3
Glasgow South,4.2
Glasgow South West,4.8
Glasgow West,4.3
Glenrothes and Mid Fife,4.1000000000000005
Gordon and Buchan,1.6
Hamilton and Clyde Valley,3.1
Inverclyde and Renfrewshire West,2.9000000000000004
"Inverness, Skye and West Ross-shire",2.3
Kilmarnock and Loudoun,3.5999999999999996
Livingston,2.5
Lothian East,2.1
Mid Dunbartonshire,1.6
Midlothian,2.3
"Moray West, Nairn and Strathspey",2.1999999999999997
"Motherwell, Wishaw and Carluke",3.0
Na h-Eileanan an Iar,1.7999999999999998
North Ayrshire and Arran,3.8
North East Fife,2.1999999999999997
Orkney and Shetland,1.3
Paisley and Renfrewshire North,3.0
Paisley and Renfrewshire South,3.0
Perth and Kinross-shire,2.5
Rutherglen,2.9000000000000004
Stirling and Strathallan,2.1
West Aberdeenshire and Kincardine,1.5
West Dunbartonshire,3.8
Aldershot,2.7
Arundel and South Downs,2.3
Ashford,3.1
Aylesbury,4.1000000000000005
Banbury,2.6
Basingstoke,3.0
Beaconsfield,2.6
Bexhill and Battle,3.0
Bicester and Woodstock,1.9
Bognor Regis and Littlehampton,4.0
Bracknell,2.8000000000000003
Brighton Kemptown and Peacehaven,4.5
Brighton Pavilion,3.8
Buckingham and Bletchley,3.5999999999999996
Canterbury,3.2
Chatham and Aylesford,4.1000000000000005
Chesham and Amersham,2.4
Chichester,3.5000000000000004
Crawley,4.6
Dartford,3.0
Didcot and Wantage,2.0
Dorking and Horley,1.9
Dover and Deal,3.4000000000000004
Earley and Woodley,2.6
East Grinstead and Uckfield,2.1
East Hampshire,2.0
East Surrey,2.6
East Thanet,5.4
East Worthing and Shoreham,2.8000000000000003
Eastbourne,4.7
Eastleigh,2.1
Epsom and Ewell,2.0
Esher and Walton,2.4
Fareham and Waterlooville,2.5
Farnham and Bordon,2.0
Faversham and Mid Kent,2.8000000000000003
Folkestone and Hythe,4.2
Gillingham and Rainham,3.9
Godalming and Ash,1.9
Gosport,3.2
Gravesham,4.5
Guildford,1.9
Hamble Valley,1.7999999999999998
Hastings and Rye,4.5
Havant,3.8
Henley and Thame,1.7000000000000002
Herne Bay and Sandwich,3.4000000000000004
Horsham,1.9
Hove and Portslade,3.9
Isle of Wight East,4.5
Isle of Wight West,3.1
Lewes,3.1
Maidenhead,2.3
Maidstone and Malling,3.2
Mid Buckinghamshire,1.7000000000000002
Mid Sussex,1.6
Milton Keynes Central,4.3999999999999995
Milton Keynes North,3.8
New Forest East,2.1999999999999997
New Forest West,2.1999999999999997
Newbury,2.5
North East Hampshire,1.6
North West Hampshire,2.1
Oxford East,3.1
Oxford West and Abingdon,1.7000000000000002
Portsmouth North,4.0
Portsmouth South,5.2
Reading Central,4.3999999999999995
Reading West and Mid Berkshire,3.0
Reigate,1.9
Rochester and Strood,3.6999999999999997
Romsey and Southampton North,2.1999999999999997
Runnymede and Weybridge,2.5
Sevenoaks,2.0
Sittingbourne and Sheppey,3.6999999999999997
Slough,6.2
Southampton Itchen,4.0
Southampton Test,4.6
Spelthorne,3.4000000000000004
Surrey Heath,2.1
Sussex Weald,2.1999999999999997
Tonbridge,2.3
Tunbridge Wells,2.3
Weald of Kent,2.4
Winchester,2.0
Windsor,2.9000000000000004
Witney,1.9
Woking,2.7
Wokingham,1.9
Worthing West,3.1
Wycombe,4.8
Bath,2.0
Bournemouth East,4.1000000000000005
Bournemouth West,3.6999999999999997
Bridgwater,2.9000000000000004
Bristol Central,2.5
Bristol East,4.5
Bristol North East,3.8
Bristol North West,3.0
Bristol South,3.8
Camborne and Redruth,3.1
Central Devon,2.1999999999999997
Cheltenham,2.7
Chippenham,2.1
Christchurch,2.4
East Wiltshire,2.1
Exeter,2.1999999999999997
Exmouth and Exeter East,1.9
Filton and Bradley Stoke,1.7000000000000002
Forest of Dean,2.6
Frome and East Somerset,2.3
Glastonbury and Somerton,2.1999999999999997
Gloucester,3.8
Honiton and Sidmouth,2.0
Melksham and Devizes,2.3
Mid Dorset and North Poole,2.1
Newton Abbot,2.1999999999999997
North Cornwall,3.1
North Cotswolds,1.9
North Devon,2.8000000000000003
North Dorset,2.1999999999999997
North East Somerset and Hanham,1.7000000000000002
North Somerset,1.7000000000000002
Plymouth Moor View,3.2
Plymouth Sutton and Devonport,4.3
Poole,3.1
Salisbury,2.4
South Cotswolds,1.9
South Devon,2.4
South Dorset,2.7
South East Cornwall,2.7
South West Devon,1.7000000000000002
South West Wiltshire,2.6
St Austell and Newquay,3.3000000000000003
St Ives,3.1
Stroud,2.1
Swindon North,3.0
Swindon South,3.5999999999999996
Taunton and Wellington,2.3
Tewkesbury,2.1999999999999997
Thornbury and Yate,2.1999999999999997
Tiverton and Minehead,2.1999999999999997
Torbay,3.4000000000000004
Torridge and Tavistock,2.5
Truro and Falmouth,2.3
Wells and Mendip Hills,2.1
West Dorset,2.4
Weston-super-Mare,3.3000000000000003
Yeovil,2.6
Aberafan Maesteg,3.8
Alyn and Deeside,2.9000000000000004
Bangor Aberconwy,3.0
Blaenau Gwent and Rhymney,4.1000000000000005
"Brecon, Radnor and Cwm Tawe",2.8000000000000003
Bridgend,2.3
Caerfyrddin,2.7
Caerphilly,3.2
Cardiff East,4.6
Cardiff North,2.1999999999999997
Cardiff South and Penarth,3.5999999999999996
Cardiff West,4.0
Ceredigion Preseli,2.6
Clwyd East,2.6
Clwyd North,4.5
Dwyfor Meirionnydd,2.4
Gower,2.1
Llanelli,3.0
Merthyr Tydfil and Aberdare,3.3000000000000003
Mid and South Pembrokeshire,3.3000000000000003
Monmouthshire,2.3
Montgomeryshire and Glyndwr,2.7
Neath and Swansea East,2.8000000000000003
Newport East,5.0
Newport West and Islwyn,2.8000000000000003
Pontypridd,2.6
Rhondda and Ogmore,3.5999999999999996
Swansea West,4.3
Torfaen,3.5999999999999996
Vale of Glamorgan,3.5000000000000004
Wrexham,2.8000000000000003
Ynys Mon,3.5000000000000004
Aldridge-Brownhills,2.9000000000000004
Birmingham Edgbaston,9.3
Birmingham Erdington,10.5
Birmingham Hall Green and Moseley,11.200000000000001
Birmingham Hodge Hill and Solihull North,10.4
Birmingham Ladywood,12.5
Birmingham Northfield,7.3
Birmingham Perry Barr,15.5
Birmingham Selly Oak,6.3
Birmingham Yardley,11.3
Bromsgrove,2.5
Burton and Uttoxeter,3.6999999999999997
Cannock Chase,3.0
Coventry East,7.000000000000001
Coventry North West,5.1
Coventry South,4.8
Droitwich and Evesham,2.7
Dudley,5.800000000000001
Halesowen,4.3999999999999995
Hereford and South Herefordshire,2.8000000000000003
Kenilworth and Southam,1.6
Kingswinford and South Staffordshire,2.6
Lichfield,2.1999999999999997
Meriden and Solihull East,3.9
Newcastle-under-Lyme,3.0
North Herefordshire,2.4
North Shropshire,2.5
North Warwickshire and Bedworth,3.0
Nuneaton,4.2
Redditch,3.6999999999999997
Rugby,2.8000000000000003
Shrewsbury,2.5
Smethwick,7.3999999999999995
Solihull West and Shirley,2.9000000000000004
South Shropshire,2.3
Stafford,2.6
Staffordshire Moorlands,2.4
Stoke-on-Trent Central,6.4
Stoke-on-Trent North,5.3
Stoke-on-Trent South,3.5000000000000004
"Stone, Great Wyrley and Penkridge",2.1
Stourbridge,4.7
Stratford-on-Avon,2.0
Sutton Coldfield,2.8000000000000003
Tamworth,3.0
Telford,4.2
The Wrekin,2.8000000000000003
Tipton and Wednesbury,6.6000000000000005
Walsall and Bloxwich,8.0
Warwick and Leamington,2.6
West Bromwich,6.5
West Worcestershire,2.4
Wolverhampton North East,6.4
Wolverhampton South East,7.000000000000001
Wolverhampton West,6.9
Worcester,3.4000000000000004
Wyre Forest,3.0
Barnsley North,3.1
Barnsley South,3.5999999999999996
Beverley and Holderness,2.1999999999999997
Bradford East,9.6
Bradford South,7.1
Bradford West,10.299999999999999
Bridlington and The Wolds,2.9000000000000004
Brigg and Immingham,2.1999999999999997
Calder Valley,2.9000000000000004
Colne Valley,2.7
Dewsbury and Batley,6.800000000000001
Doncaster Central,5.1
Doncaster East and the Isle of Axholme,2.8000000000000003
Doncaster North,3.9
Goole and Pocklington,1.9
Great Grimsby and Cleethorpes,5.0
Halifax,5.4
Harrogate and Knaresborough,1.7999999999999998
Huddersfield,6.1
Keighley and Ilkley,4.1000000000000005
Kingston upon Hull East,5.6000000000000005
Kingston upon Hull North and Cottingham,5.1
Kingston upon Hull West and Haltemprice,4.5
Leeds Central and Headingley,3.5000000000000004
Leeds East,6.4
Leeds North East,4.6
Leeds North West,2.0
Leeds South,7.7
Leeds South West and Morley,3.0
Leeds West and Pudsey,4.7
Normanton and Hemsworth,2.8000000000000003
Ossett and Denby Dale,2.7
Penistone and Stocksbridge,2.1999999999999997
"Pontefract, Castleford and Knottingley",3.4000000000000004
Rawmarsh and Conisbrough,3.4000000000000004
Richmond and Northallerton,1.7999999999999998
Rother Valley,2.8000000000000003
Rotherham,5.1
Scarborough and Whitby,3.0
Scunthorpe,4.3
Selby,2.0
Sheffield Brightside and Hillsborough,6.9
Sheffield Central,3.5999999999999996
Sheffield Hallam,1.7000000000000002
Sheffield Heeley,5.5
Sheffield South East,4.8
Shipley,3.2
Skipton and Ripon,1.6
Spen Valley,3.5000000000000004
Thirsk and Malton,1.7999999999999998
Wakefield and Rothwell,4.2
Wetherby and Easingwold,1.4000000000000001
York Central,2.1999999999999997
York Outer,1.3
Basildon and Billericay,4.0
Bedford,5.7
Braintree,2.4
Brentwood and Ongar,2.5
Broadland and Fakenham,2.1
Broxbourne,3.2
Bury St Edmunds and Stowmarket,2.3
Cambridge,2.1
Castle Point,2.5
Central Suffolk and North Ipswich,1.9
Chelmsford,2.8000000000000003
Clacton,4.3
Colchester,3.4000000000000004
Dunstable and Leighton Buzzard,3.1
Ely and East Cambridgeshire,2.1
Epping Forest,3.2
Great Yarmouth,4.6
Harlow,3.8
Harpenden and Berkhamsted,1.7000000000000002
Harwich and North Essex,2.8000000000000003
Hemel Hempstead,3.9
Hertford and Stortford,1.9
Hertsmere,3.4000000000000004
Hitchin,2.1
Huntingdon,2.1999999999999997
Ipswich,4.3999999999999995
Lowestoft,3.8
Luton North,6.2
Luton South and South Bedfordshire,7.3
Maldon,2.3
Mid Bedfordshire,2.0
Mid Norfolk,2.1
North Bedfordshire,2.4
North East Cambridgeshire,3.5000000000000004
North East Hertfordshire,2.1999999999999997
North Norfolk,2.5
North West Cambridgeshire,3.4000000000000004
North West Essex,2.0
North West Norfolk,3.0
Norwich North,3.2
Norwich South,3.5999999999999996
Peterborough,6.6000000000000005
Rayleigh and Wickford,2.0
South Basildon and East Thurrock,3.8
South Cambridgeshire,1.7000000000000002
South Norfolk,2.0
South Suffolk,2.4
South West Hertfordshire,2.7
South West Norfolk,2.5
Southend East and Rochford,5.0
Southend West and Leigh,3.1
St Albans,2.6
St Neots and Mid Cambridgeshire,2.1999999999999997
Stevenage,3.3000000000000003
Suffolk Coastal,2.1
Thurrock,4.9
Watford,4.3999999999999995
Waveney Valley,2.1999999999999997
Welwyn Hatfield,3.0
West Suffolk,2.3
Witham,2.3
Amber Valley,2.9000000000000004
Ashfield,3.8
Bassetlaw,3.2
Bolsover,2.7
Boston and Skegness,3.9
Broxtowe,2.9000000000000004
Chesterfield,3.3000000000000003
Corby and East Northamptonshire,3.1
Daventry,2.3
Derby North,4.0
Derby South,6.5
Derbyshire Dales,1.7999999999999998
Erewash,3.6999999999999997
Gainsborough,2.8000000000000003
Gedling,3.3000000000000003
Grantham and Bourne,3.0
"Harborough, Oadby and Wigston",2.4
High Peak,2.3
Hinckley and Bosworth,2.5
Kettering,3.2
Leicester East,5.1
Leicester South,6.0
Leicester West,5.8999999999999995
Lincoln,3.5000000000000004
Loughborough,2.5
Louth and Horncastle,2.4
Mansfield,3.9
Melton and Syston,2.7
Mid Derbyshire,1.7999999999999998
Mid Leicestershire,2.1
Newark,2.6
North East Derbyshire,2.4
North West Leicestershire,2.1
Northampton North,5.3
Northampton South,3.3000000000000003
Nottingham East,7.000000000000001
Nottingham North and Kimberley,6.2
Nottingham South,4.2
Rushcliffe,1.9
Rutland and Stamford,2.0
Sherwood Forest,2.9000000000000004
Sleaford and North Hykeham,2.1
South Derbyshire,2.4
South Holland and The Deepings,2.9000000000000004
South Leicestershire,1.9
South Northamptonshire,1.9
Wellingborough and Rushden,3.6999999999999997
Barking,7.8
Battersea,3.6999999999999997
Beckenham and Penge,3.8
Bermondsey and Old Southwark,4.7
Bethnal Green and Stepney,7.6
Bexleyheath and Crayford,3.4000000000000004
Brent East,9.4
Brent West,5.5
Brentford and Isleworth,5.2
Bromley and Biggin Hill,3.2
Carshalton and Wallington,3.9
Chelsea and Fulham,3.5999999999999996
Chingford and Woodford Green,4.9
Chipping Barnet,4.1000000000000005
Cities of London and Westminster,3.1
Clapham and Brixton Hill,5.6000000000000005
Croydon East,5.8999999999999995
Croydon South,4.3
Croydon West,8.0
Dagenham and Rainham,6.5
Dulwich and West Norwood,6.3
Ealing Central and Acton,5.7
Ealing North,7.3
Ealing Southall,6.800000000000001
East Ham,8.6
Edmonton and Winchmore Hill,8.4
Eltham and Chislehurst,4.7
Enfield North,7.3999999999999995
Erith and Thamesmead,6.5
Feltham and Heston,5.6000000000000005
Finchley and Golders Green,5.3
Greenwich and Woolwich,5.2
Hackney North and Stoke Newington,7.3999999999999995
Hackney South and Shoreditch,6.800000000000001
Hammersmith and Chiswick,4.9
Hampstead and Highgate,4.2
Harrow East,4.7
Harrow West,5.5
Hayes and Harlington,6.0
Hendon,5.800000000000001
Holborn and St Pancras,5.1
Hornchurch and Upminster,3.9
Hornsey and Friern Barnet,5.1
Ilford North,5.5
Ilford South,7.5
Islington North,6.1
Islington South and Finsbury,5.5
Kensington and Bayswater,3.6999999999999997
Kingston and Surbiton,3.4000000000000004
Lewisham East,7.6
Lewisham North,6.7
Lewisham West and East Dulwich,5.7
Leyton and Wanstead,6.4
Mitcham and Morden,6.0
Old Bexley and Sidcup,2.5
Orpington,3.4000000000000004
Peckham,6.7
Poplar and Limehouse,6.3
Putney,4.6
Queen's Park and Maida Vale,7.199999999999999
Richmond Park,2.6
Romford,4.7
"Ruislip, Northwood and Pinner",3.0
Southgate and Wood Green,7.000000000000001
Stratford and Bow,6.5
Streatham and Croydon North,7.1
Sutton and Cheam,3.1
Tooting,4.2
Tottenham,9.1
Twickenham,2.6
Uxbridge and South Ruislip,4.6
Vauxhall and Camberwell Green,6.4
Walthamstow,7.199999999999999
West Ham and Beckton,7.9
Wimbledon,3.0
Bishop Auckland,3.0
Blaydon and Consett,2.9000000000000004
Blyth and Ashington,3.9
City of Durham,2.1999999999999997
Cramlington and Killingworth,2.6
Darlington,3.8
Easington,4.1000000000000005
Gateshead Central and Whickham,4.2
Hartlepool,4.3999999999999995
Hexham,2.0
Houghton and Sunderland South,3.6999999999999997
Jarrow and Gateshead East,4.3999999999999995
Middlesbrough South and East Cleveland,3.1
Middlesbrough and Thornaby East,5.7
Newcastle upon Tyne Central and West,5.3
Newcastle upon Tyne East and Wallsend,4.3
Newcastle upon Tyne North,1.9
Newton Aycliffe and Spennymoor,2.8000000000000003
North Durham,3.0
North Northumberland,2.4
Redcar,3.9
South Shields,4.9
Stockton North,4.9
Stockton West,1.9
Sunderland Central,4.1000000000000005
Tynemouth,3.0
Washington and Gateshead South,3.5999999999999996
Altrincham and Sale West,1.9
Ashton-under-Lyne,5.4
Barrow and Furness,2.5
Birkenhead,4.8
Blackburn,6.2
Blackley and Middleton South,7.199999999999999
Blackpool North and Fleetwood,3.4000000000000004
Blackpool South,6.1
Bolton North East,5.7
Bolton South and Walkden,6.4
Bolton West,3.5000000000000004
Bootle,5.3
Burnley,5.7
Bury North,4.6
Bury South,4.0
Carlisle,2.3
Cheadle,1.7999999999999998
Chester North and Neston,2.7
Chester South and Eddisbury,1.7000000000000002
Chorley,2.5
Congleton,1.7000000000000002
Crewe and Nantwich,2.8000000000000003
Ellesmere Port and Bromborough,3.0
Fylde,2.5
Gorton and Denton,7.6
Hazel Grove,2.5
Heywood and Middleton North,5.1
Hyndburn,5.2
Knowsley,4.6
Lancaster and Wyre,2.1999999999999997
Leigh and Atherton,3.6999999999999997
Liverpool Garston,3.5999999999999996
Liverpool Riverside,5.800000000000001
Liverpool Walton,5.6000000000000005
Liverpool Wavertree,6.0
Liverpool West Derby,5.4
Macclesfield,2.3
Makerfield,2.9000000000000004
Manchester Central,4.7
Manchester Rusholme,6.4
Manchester Withington,3.5999999999999996
Mid Cheshire,2.4
Morecambe and Lunesdale,2.9000000000000004
Oldham East and Saddleworth,6.3
"Oldham West, Chadderton and Royton",7.1
Pendle and Clitheroe,4.6
Penrith and Solway,1.7999999999999998
Preston,5.3
Ribble Valley,1.7999999999999998
Rochdale,7.1
Rossendale and Darwen,3.4000000000000004
Runcorn and Helsby,3.6999999999999997
Salford,4.9
Sefton Central,2.0
South Ribble,2.1
Southport,3.1
St Helens North,3.3000000000000003
St Helens South and Whiston,4.1000000000000005
Stalybridge and Hyde,4.1000000000000005
Stockport,4.0
Stretford and Urmston,4.1000000000000005
Tatton,1.7999999999999998
Wallasey,3.9
Warrington North,3.0
Warrington South,2.3
West Lancashire,2.9000000000000004
Westmorland and Lonsdale,1.3
Whitehaven and Workington,2.7
Widnes and Halewood,3.6999999999999997
Wigan,4.1000000000000005
Wirral West,1.7000000000000002
Worsley and Eccles,3.9
Wythenshawe and Sale East,4.1000000000000005
Belfast East,3.1
Belfast North,4.8
Belfast South and Mid Down,2.4
Belfast West,4.9
East Antrim,2.5
East Londonderry,3.3000000000000003
Fermanagh and South Tyrone,2.7
Foyle,5.4
Lagan Valley,2.0
Mid Ulster,2.1
Newry and Armagh,3.4000000000000004
North Antrim,3.0
North Down,2.4
South Antrim,2.0
South Down,2.5
Strangford,2.8000000000000003
Upper Bann,2.9000000000000004
West Tyrone,2.9000000000000004
Aberdeen North,4.0
Aberdeen South,2.9000000000000004
Aberdeenshire North and Moray East,2.7
Airdrie and Shotts,3.1
Alloa and Grangemouth,2.9000000000000004
Angus and Perthshire Glens,2.6
Arbroath and Broughty Ferry,3.1
"Argyll, Bute and South Lochaber",2.1999999999999997
"Ayr, Carrick and Cumnock",3.6999999999999997
Bathgate and Linlithgow,2.7
"Berwickshire, Roxburgh and Selkirk",3.0
"Caithness, Sutherland and Easter Ross",2.0
Central Ayrshire,3.2
Coatbridge and Bellshill,3.1
Cowdenbeath and Kirkcaldy,3.8
Cumbernauld and Kirkintilloch,2.6
Dumfries and Galloway,2.8000000000000003
"Dumfriesshire, Clydesdale and Tweeddale",2.5
Dundee Central,4.2
Dunfermline and Dollar,2.5
East Kilbride and Strathaven,2.0
East Renfrewshire,1.7000000000000002
Edinburgh East and Musselburgh,2.8000000000000003
Edinburgh North and Leith,3.2
Edinburgh South,1.7999999999999998
Edinburgh South West,2.9000000000000004
Edinburgh West,1.9
Falkirk,3.0
Glasgow East,5.6000000000000005
Glasgow North,5.0
Glasgow North East,5.3
Glasgow South,4.1000000000000005
Glasgow South West,4.7
Glasgow West,4.3
Glenrothes and Mid Fife,4.0
Gordon and Buchan,1.6
Hamilton and Clyde Valley,3.1
Inverclyde and Renfrewshire West,2.9000000000000004
"Inverness, Skye and West Ross-shire",2.3
Kilmarnock and Loudoun,3.5999999999999996
Livingston,2.4
Lothian East,2.1
Mid Dunbartonshire,1.6
Midlothian,2.3
"Moray West, Nairn and Strathspey",2.1
"Motherwell, Wishaw and Carluke",3.1
Na h-Eileanan an Iar,1.7999999999999998
North Ayrshire and Arran,3.9
North East Fife,2.1
Orkney and Shetland,1.3
Paisley and Renfrewshire North,2.9000000000000004
Paisley and Renfrewshire South,2.9000000000000004
Perth and Kinross-shire,2.5
Rutherglen,2.9000000000000004
Stirling and Strathallan,2.1
West Aberdeenshire and Kincardine,1.5
West Dunbartonshire,3.6999999999999997
Aldershot,2.7
Arundel and South Downs,2.3
Ashford,3.0
Aylesbury,4.0
Banbury,2.7
Basingstoke,3.0
Beaconsfield,2.5
Bexhill and Battle,3.0
Bicester and Woodstock,1.9
Bognor Regis and Littlehampton,3.9
Bracknell,2.9000000000000004
Brighton Kemptown and Peacehaven,4.5
Brighton Pavilion,3.8
Buckingham and Bletchley,3.5000000000000004
Canterbury,3.1
Chatham and Aylesford,4.0
Chesham and Amersham,2.4
Chichester,3.4000000000000004
Crawley,4.3999999999999995
Dartford,3.0
Didcot and Wantage,2.0
Dorking and Horley,1.7999999999999998
Dover and Deal,3.4000000000000004
Earley and Woodley,2.6
East Grinstead and Uckfield,2.1
East Hampshire,1.9
East Surrey,2.6
East Thanet,5.3
East Worthing and Shoreham,2.9000000000000004
Eastbourne,4.7
Eastleigh,2.1999999999999997
Epsom and Ewell,2.1
Esher and Walton,2.4
Fareham and Waterlooville,2.4
Farnham and Bordon,2.0
Faversham and Mid Kent,2.8000000000000003
Folkestone and Hythe,4.0
Gillingham and Rainham,3.9
Godalming and Ash,1.7999999999999998
Gosport,3.2
Gravesham,4.3999999999999995
Guildford,1.9
Hamble Valley,1.7999999999999998
Hastings and Rye,4.5
Havant,3.8
Henley and Thame,1.7000000000000002
Herne Bay and Sandwich,3.3000000000000003
Horsham,1.9
Hove and Portslade,3.9
Isle of Wight East,4.3999999999999995
Isle of Wight West,3.0
Lewes,3.2
Maidenhead,2.3
Maidstone and Malling,3.2
Mid Buckinghamshire,1.6
Mid Sussex,1.7000000000000002
Milton Keynes Central,4.3
Milton Keynes North,3.6999999999999997
New Forest East,2.1999999999999997
New Forest West,2.1999999999999997
Newbury,2.5
North East Hampshire,1.5
North West Hampshire,2.1
Oxford East,3.0
Oxford West and Abingdon,1.7000000000000002
Portsmouth North,3.8
Portsmouth South,5.1
Reading Central,4.3
Reading West and Mid Berkshire,2.9000000000000004
Reigate,1.9
Rochester and Strood,3.6999999999999997
Romsey and Southampton North,2.1
Runnymede and Weybridge,2.5
Sevenoaks,2.0
Sittingbourne and Sheppey,3.6999999999999997
Slough,6.0
Southampton Itchen,3.9
Southampton Test,4.5
Spelthorne,3.4000000000000004
Surrey Heath,2.1
Sussex Weald,2.1999999999999997
Tonbridge,2.3
Tunbridge Wells,2.3
Weald of Kent,2.3
Winchester,2.0
Windsor,2.8000000000000003
Witney,1.9
Woking,2.6
Wokingham,1.9
Worthing West,3.0
Wycombe,4.6
Bath,1.9
Bournemouth East,4.0
Bournemouth West,3.5999999999999996
Bridgwater,2.8000000000000003
Bristol Central,2.4
Bristol East,4.5
Bristol North East,3.8
Bristol North West,3.0
Bristol South,3.8
Camborne and Redruth,3.0
Central Devon,2.1999999999999997
Cheltenham,2.8000000000000003
Chippenham,2.1
Christchurch,2.4
East Wiltshire,2.1
Exeter,2.1999999999999997
Exmouth and Exeter East,1.7999999999999998
Filton and Bradley Stoke,1.7000000000000002
Forest of Dean,2.5
Frome and East Somerset,2.4
Glastonbury and Somerton,2.1999999999999997
Gloucester,3.6999999999999997
Honiton and Sidmouth,1.9
Melksham and Devizes,2.3
Mid Dorset and North Poole,2.1999999999999997
Newton Abbot,2.1
North Cornwall,3.0
North Cotswolds,1.9
North Devon,2.7
North Dorset,2.1
North East Somerset and Hanham,1.7000000000000002
North Somerset,1.6
Plymouth Moor View,3.1
Plymouth Sutton and Devonport,4.2
Poole,3.0
Salisbury,2.3
South Cotswolds,1.9
South Devon,2.3
South Dorset,2.5
South East Cornwall,2.7
South West Devon,1.6
South West Wiltshire,2.6
St Austell and Newquay,3.2
St Ives,2.8000000000000003
Stroud,2.1
Swindon North,2.9000000000000004
Swindon South,3.5000000000000004
Taunton and Wellington,2.3
Tewkesbury,2.3
Thornbury and Yate,2.1999999999999997
Tiverton and Minehead,2.1999999999999997
Torbay,3.3000000000000003
Torridge and Tavistock,2.4
Truro and Falmouth,2.3
Wells and Mendip Hills,2.1
West Dorset,2.3
Weston-super-Mare,3.2
Yeovil,2.6
Aberafan Maesteg,3.5999999999999996
Alyn and Deeside,2.9000000000000004
Bangor Aberconwy,2.8000000000000003
Blaenau Gwent and Rhymney,4.1000000000000005
"Brecon, Radnor and Cwm Tawe",2.8000000000000003
Bridgend,2.4
Caerfyrddin,2.6
Caerphilly,3.1
Cardiff East,4.3999999999999995
Cardiff North,2.1
Cardiff South and Penarth,3.5000000000000004
Cardiff West,3.8
Ceredigion Preseli,2.6
Clwyd East,2.7
Clwyd North,4.3999999999999995
Dwyfor Meirionnydd,2.4
Gower,2.1
Llanelli,3.0
Merthyr Tydfil and Aberdare,3.2
Mid and South Pembrokeshire,3.2
Monmouthshire,2.3
Montgomeryshire and Glyndwr,2.7
Neath and Swansea East,2.8000000000000003
Newport East,4.9
Newport West and Islwyn,2.8000000000000003
Pontypridd,2.7
Rhondda and Ogmore,3.5999999999999996
Swansea West,4.2
Torfaen,3.5999999999999996
Vale of Glamorgan,3.4000000000000004
Wrexham,2.9000000000000004
Ynys Mon,3.4000000000000004
Aldridge-Brownhills,2.9000000000000004
Birmingham Edgbaston,9.3
Birmingham Erdington,10.299999999999999
Birmingham Hall Green and Moseley,11.1
Birmingham Hodge Hill and Solihull North,10.100000000000001
Birmingham Ladywood,12.3
Birmingham Northfield,7.199999999999999
Birmingham Perry Barr,15.1
Birmingham Selly Oak,6.2
Birmingham Yardley,11.0
Bromsgrove,2.5
Burton and Uttoxeter,3.5999999999999996
Cannock Chase,3.0
Coventry East,6.800000000000001
Coventry North West,5.0
Coventry South,4.8
Droitwich and Evesham,2.6
Dudley,5.7
Halesowen,4.3999999999999995
Hereford and South Herefordshire,2.8000000000000003
Kenilworth and Southam,1.6
Kingswinford and South Staffordshire,2.6
Lichfield,2.3
Meriden and Solihull East,3.9
Newcastle-under-Lyme,3.0
North Herefordshire,2.4
North Shropshire,2.4
North Warwickshire and Bedworth,3.0
Nuneaton,4.2
Redditch,3.6999999999999997
Rugby,2.8000000000000003
Shrewsbury,2.4
Smethwick,7.199999999999999
Solihull West and Shirley,2.8000000000000003
South Shropshire,2.1999999999999997
Stafford,2.6
Staffordshire Moorlands,2.3
Stoke-on-Trent Central,6.2
Stoke-on-Trent North,5.3
Stoke-on-Trent South,3.4000000000000004
"Stone, Great Wyrley and Penkridge",2.1
Stourbridge,4.6
Stratford-on-Avon,2.0
Sutton Coldfield,2.7
Tamworth,2.9000000000000004
Telford,4.2
The Wrekin,2.8000000000000003
Tipton and Wednesbury,6.4
Walsall and Bloxwich,7.9
Warwick and Leamington,2.6
West Bromwich,6.4
West Worcestershire,2.1999999999999997
Wolverhampton North East,6.3
Wolverhampton South East,6.9
Wolverhampton West,6.7
Worcester,3.4000000000000004
Wyre Forest,3.1
Barnsley North,3.1
Barnsley South,3.5999999999999996
Beverley and Holderness,2.1
Bradford East,9.5
Bradford South,7.000000000000001
Bradford West,10.2
Bridlington and The Wolds,2.9000000000000004
Brigg and Immingham,2.1999999999999997
Calder Valley,2.8000000000000003
Colne Valley,2.6
Dewsbury and Batley,6.7
Doncaster Central,5.0
Doncaster East and the Isle of Axholme,2.8000000000000003
Doncaster North,3.8
Goole and Pocklington,1.7999999999999998
Great Grimsby and Cleethorpes,4.9
Halifax,5.4
Harrogate and Knaresborough,1.7000000000000002
Huddersfield,5.8999999999999995
Keighley and Ilkley,4.0
Kingston upon Hull East,5.5
Kingston upon Hull North and Cottingham,4.9
Kingston upon Hull West and Haltemprice,4.3999999999999995
Leeds Central and Headingley,3.4000000000000004
Leeds East,6.2
Leeds North East,4.3999999999999995
Leeds North West,2.0
Leeds South,7.6
Leeds South West and Morley,3.0
Leeds West and Pudsey,4.6
Normanton and Hemsworth,2.8000000000000003
Ossett and Denby Dale,2.7
Penistone and Stocksbridge,2.3
"Pontefract, Castleford and Knottingley",3.4000000000000004
Rawmarsh and Conisbrough,3.4000000000000004
Richmond and Northallerton,1.7999999999999998
Rother Valley,2.8000000000000003
Rotherham,4.9
Scarborough and Whitby,2.8000000000000003
Scunthorpe,4.2
Selby,2.1
Sheffield Brightside and Hillsborough,6.7
Sheffield Central,3.5999999999999996
Sheffield Hallam,1.7000000000000002
Sheffield Heeley,5.4
Sheffield South East,4.7
Shipley,3.2
Skipton and Ripon,1.6
Spen Valley,3.5000000000000004
Thirsk and Malton,1.7999999999999998
Wakefield and Rothwell,4.2
Wetherby and Easingwold,1.3
York Central,2.1
York Outer,1.3
Basildon and Billericay,4.1000000000000005
Bedford,5.7
Braintree,2.5
Brentwood and Ongar,2.4
Broadland and Fakenham,2.0
Broxbourne,3.2
Bury St Edmunds and Stowmarket,2.3
Cambridge,2.1
Castle Point,2.4
Central Suffolk and North Ipswich,1.9
Chelmsford,2.9000000000000004
Clacton,4.2
Colchester,3.4000000000000004
Dunstable and Leighton Buzzard,3.1
Ely and East Cambridgeshire,2.1
Epping Forest,3.1
Great Yarmouth,4.3999999999999995
Harlow,3.9
Harpenden and Berkhamsted,1.7000000000000002
Harwich and North Essex,2.7
Hemel Hempstead,3.8
Hertford and Stortford,2.0
Hertsmere,3.4000000000000004
Hitchin,2.1
Huntingdon,2.1999999999999997
Ipswich,4.3
Lowestoft,3.9
Luton North,6.1
Luton South and South Bedfordshire,7.1
Maldon,2.3
Mid Bedfordshire,1.9
Mid Norfolk,2.0
North Bedfordshire,2.5
North East Cambridgeshire,3.5999999999999996
North East Hertfordshire,2.1999999999999997
North Norfolk,2.5
North West Cambridgeshire,3.4000000000000004
North West Essex,2.1
North West Norfolk,3.0
Norwich North,3.3000000000000003
Norwich South,3.6999999999999997
Peterborough,6.5
Rayleigh and Wickford,2.0
South Basildon and East Thurrock,3.8
South Cambridgeshire,1.7000000000000002
South Norfolk,2.0
South Suffolk,2.3
South West Hertfordshire,2.6
South West Norfolk,2.4
Southend East and Rochford,4.9
Southend West and Leigh,3.2
St Albans,2.6
St Neots and Mid Cambridgeshire,2.1999999999999997
Stevenage,3.2
Suffolk Coastal,2.1
Thurrock,4.9
Watford,4.3999999999999995
Waveney Valley,2.3
Welwyn Hatfield,3.1
West Suffolk,2.3
Witham,2.3
Amber Valley,2.9000000000000004
Ashfield,3.8
Bassetlaw,3.2
Bolsover,2.7
Boston and Skegness,4.0
Broxtowe,3.0
Chesterfield,3.4000000000000004
Corby and East Northamptonshire,3.1
Daventry,2.3
Derby North,4.2
Derby South,6.5
Derbyshire Dales,1.7999999999999998
Erewash,3.5999999999999996
Gainsborough,2.8000000000000003
Gedling,3.3000000000000003
Grantham and Bourne,3.1
"Harborough, Oadby and Wigston",2.4
High Peak,2.3
Hinckley and Bosworth,2.5
Kettering,3.2
Leicester East,5.1
Leicester South,5.8999999999999995
Leicester West,5.800000000000001
Lincoln,3.5000000000000004
Loughborough,2.5
Louth and Horncastle,2.4
Mansfield,3.9
Melton and Syston,2.7
Mid Derbyshire,1.7999999999999998
Mid Leicestershire,2.1
Newark,2.6
North East Derbyshire,2.5
North West Leicestershire,2.1
Northampton North,5.2
Northampton South,3.2
Nottingham East,7.000000000000001
Nottingham North and Kimberley,6.2
Nottingham South,4.2
Rushcliffe,2.0
Rutland and Stamford,2.0
Sherwood Forest,2.9000000000000004
Sleaford and North Hykeham,2.1
South Derbyshire,2.4
South Holland and The Deepings,2.8000000000000003
South Leicestershire,1.9
South Northamptonshire,1.9
Wellingborough and Rushden,3.6999999999999997
Barking,7.5
Battersea,3.6999999999999997
Beckenham and Penge,3.6999999999999997
Bermondsey and Old Southwark,4.6
Bethnal Green and Stepney,7.3999999999999995
Bexleyheath and Crayford,3.4000000000000004
Brent East,9.3
Brent West,5.4
Brentford and Isleworth,5.1
Bromley and Biggin Hill,3.1
Carshalton and Wallington,3.8
Chelsea and Fulham,3.5999999999999996
Chingford and Woodford Green,4.9
Chipping Barnet,4.0
Cities of London and Westminster,3.1
Clapham and Brixton Hill,5.5
Croydon East,5.800000000000001
Croydon South,4.1000000000000005
Croydon West,7.9
Dagenham and Rainham,6.4
Dulwich and West Norwood,6.2
Ealing Central and Acton,5.6000000000000005
Ealing North,7.199999999999999
Ealing Southall,6.6000000000000005
East Ham,8.5
Edmonton and Winchmore Hill,8.200000000000001
Eltham and Chislehurst,4.5
Enfield North,7.3
Erith and Thamesmead,6.4
Feltham and Heston,5.5
Finchley and Golders Green,5.2
Greenwich and Woolwich,5.2
Hackney North and Stoke Newington,7.3999999999999995
Hackney South and Shoreditch,6.7
Hammersmith and Chiswick,4.8
Hampstead and Highgate,4.1000000000000005
Harrow East,4.7
Harrow West,5.4
Hayes and Harlington,5.8999999999999995
Hendon,5.800000000000001
Holborn and St Pancras,5.0
Hornchurch and Upminster,3.9
Hornsey and Friern Barnet,4.9
Ilford North,5.5
Ilford South,7.3999999999999995
Islington North,6.1
Islington South and Finsbury,5.5
Kensington and Bayswater,3.6999999999999997
Kingston and Surbiton,3.4000000000000004
Lewisham East,7.5
Lewisham North,6.6000000000000005
Lewisham West and East Dulwich,5.7
Leyton and Wanstead,6.2
Mitcham and Morden,6.0
Old Bexley and Sidcup,2.5
Orpington,3.4000000000000004
Peckham,6.7
Poplar and Limehouse,6.2
Putney,4.5
Queen's Park and Maida Vale,7.1
Richmond Park,2.5
Romford,4.6
"Ruislip, Northwood and Pinner",3.0
Southgate and Wood Green,6.800000000000001
Stratford and Bow,6.5
Streatham and Croydon North,7.1
Sutton and Cheam,3.0
Tooting,4.1000000000000005
Tottenham,8.9
Twickenham,2.6
Uxbridge and South Ruislip,4.5
Vauxhall and Camberwell Green,6.3
Walthamstow,7.000000000000001
West Ham and Beckton,7.8
Wimbledon,2.9000000000000004
Bishop Auckland,3.1
Blaydon and Consett,3.0
Blyth and Ashington,3.9
City of Durham,2.1999999999999997
Cramlington and Killingworth,2.6
Darlington,3.9
Easington,4.0
Gateshead Central and Whickham,4.2
Hartlepool,4.5
Hexham,2.0
Houghton and Sunderland South,3.5999999999999996
Jarrow and Gateshead East,4.3999999999999995
Middlesbrough South and East Cleveland,3.1
Middlesbrough and Thornaby East,5.800000000000001
Newcastle upon Tyne Central and West,5.4
Newcastle upon Tyne East and Wallsend,4.3
Newcastle upon Tyne North,1.9
Newton Aycliffe and Spennymoor,3.0
North Durham,3.0
North Northumberland,2.3
Redcar,3.8
South Shields,5.1
Stockton North,5.0
Stockton West,2.0
Sunderland Central,4.1000000000000005
Tynemouth,3.0
Washington and Gateshead South,3.6999999999999997
Altrincham and Sale West,1.9
Ashton-under-Lyne,5.5
Barrow and Furness,2.4
Birkenhead,4.8
Blackburn,6.1
Blackley and Middleton South,7.000000000000001
Blackpool North and Fleetwood,3.3000000000000003
Blackpool South,6.0
Bolton North East,5.7
Bolton South and Walkden,6.3
Bolton West,3.4000000000000004
Bootle,5.3
Burnley,5.6000000000000005
Bury North,4.5
Bury South,4.0
Carlisle,2.3
Cheadle,1.9
Chester North and Neston,2.7
Chester South and Eddisbury,1.7000000000000002
Chorley,2.6
Congleton,1.7000000000000002
Crewe and Nantwich,2.8000000000000003
Ellesmere Port and Bromborough,3.1
Fylde,2.5
Gorton and Denton,7.5
Hazel Grove,2.5
Heywood and Middleton North,5.2
Hyndburn,5.1
Knowsley,4.5
Lancaster and Wyre,2.1999999999999997
Leigh and Atherton,3.8
Liverpool Garston,3.5999999999999996
Liverpool Riverside,5.800000000000001
Liverpool Walton,5.7
Liverpool Wavertree,6.0
Liverpool West Derby,5.4
Macclesfield,2.3
Makerfield,2.9000000000000004
Manchester Central,4.8
Manchester Rusholme,6.4
Manchester Withington,3.6999999999999997
Mid Cheshire,2.4
Morecambe and Lunesdale,2.8000000000000003
Oldham East and Saddleworth,6.3
"Oldham West, Chadderton and Royton",7.1
Pendle and Clitheroe,4.6
Penrith and Solway,1.7999999999999998
Preston,5.3
Ribble Valley,1.9
Rochdale,7.1
Rossendale and Darwen,3.5000000000000004
Runcorn and Helsby,3.8
Salford,4.9
Sefton Central,2.0
South Ribble,2.1
Southport,3.1
St Helens North,3.4000000000000004
St Helens South and Whiston,4.1000000000000005
Stalybridge and Hyde,4.2
Stockport,4.2
Stretford and Urmston,4.0
Tatton,1.7999999999999998
Wallasey,3.9
Warrington North,3.0
Warrington South,2.3
West Lancashire,2.8000000000000003
Westmorland and Lonsdale,1.3
Whitehaven and Workington,2.7
Widnes and Halewood,3.6999999999999997
Wigan,4.0
Wirral West,1.7000000000000002
Worsley and Eccles,3.9
Wythenshawe and Sale East,4.0
Belfast East,3.1
Belfast North,4.7
Belfast South and Mid Down,2.4
Belfast West,4.9
East Antrim,2.7
East Londonderry,3.3000000000000003
Fermanagh and South Tyrone,2.7
Foyle,5.5
Lagan Valley,2.1
Mid Ulster,2.1999999999999997
Newry and Armagh,3.4000000000000004
North Antrim,3.0
North Down,2.4
South Antrim,2.0
South Down,2.5
Strangford,2.9000000000000004
Upper Bann,3.0
West Tyrone,2.9000000000000004
Aberdeen North,4.0
Aberdeen South,2.9000000000000004
Aberdeenshire North and Moray East,2.7
Airdrie and Shotts,3.0
Alloa and Grangemouth,2.9000000000000004
Angus and Perthshire Glens,2.7
Arbroath and Broughty Ferry,3.1
"Argyll, Bute and South Lochaber",2.1999999999999997
"Ayr, Carrick and Cumnock",3.6999999999999997
Bathgate and Linlithgow,2.7
"Berwickshire, Roxburgh and Selkirk",2.9000000000000004
"Caithness, Sutherland and Easter Ross",2.0
Central Ayrshire,3.2
Coatbridge and Bellshill,3.1
Cowdenbeath and Kirkcaldy,3.9
Cumbernauld and Kirkintilloch,2.7
Dumfries and Galloway,2.8000000000000003
"Dumfriesshire, Clydesdale and Tweeddale",2.6
Dundee Central,4.3
Dunfermline and Dollar,2.5
East Kilbride and Strathaven,2.1
East Renfrewshire,1.7999999999999998
Edinburgh East and Musselburgh,2.7
Edinburgh North and Leith,3.1
Edinburgh South,1.7999999999999998
Edinburgh South West,2.8000000000000003
Edinburgh West,2.0
Falkirk,3.0
Glasgow East,5.7
Glasgow North,5.1
Glasgow North East,5.3
Glasgow South,4.1000000000000005
Glasgow South West,4.7
Glasgow West,4.3
Glenrothes and Mid Fife,4.0
Gordon and Buchan,1.6
Hamilton and Clyde Valley,3.1
Inverclyde and Renfrewshire West,3.0
"Inverness, Skye and West Ross-shire",2.3
Kilmarnock and Loudoun,3.5999999999999996
Livingston,2.5
Lothian East,2.1
Mid Dunbartonshire,1.6
Midlothian,2.4
"Moray West, Nairn and Strathspey",2.1999999999999997
"Motherwell, Wishaw and Carluke",3.0
Na h-Eileanan an Iar,1.9
North Ayrshire and Arran,4.0
North East Fife,2.1999999999999997
Orkney and Shetland,1.3
Paisley and Renfrewshire North,2.9000000000000004
Paisley and Renfrewshire South,3.0
Perth and Kinross-shire,2.5
Rutherglen,2.9000000000000004
Stirling and Strathallan,2.1
West Aberdeenshire and Kincardine,1.5
West Dunbartonshire,3.6999999999999997
Aldershot,2.7
Arundel and South Downs,2.3
Ashford,3.0
Aylesbury,4.0
Banbury,2.6
Basingstoke,2.9000000000000004
Beaconsfield,2.5
Bexhill and Battle,3.0
Bicester and Woodstock,1.9
Bognor Regis and Littlehampton,4.0
Bracknell,2.8000000000000003
Brighton Kemptown and Peacehaven,4.5
Brighton Pavilion,3.8
Buckingham and Bletchley,3.5999999999999996
Canterbury,3.0
Chatham and Aylesford,4.0
Chesham and Amersham,2.3
Chichester,3.4000000000000004
Crawley,4.3999999999999995
Dartford,3.0
Didcot and Wantage,2.0
Dorking and Horley,1.9
Dover and Deal,3.4000000000000004
Earley and Woodley,2.6
East Grinstead and Uckfield,2.1
East Hampshire,2.0
East Surrey,2.5
East Thanet,5.3
East Worthing and Shoreham,2.8000000000000003
Eastbourne,4.7
Eastleigh,2.1999999999999997
Epsom and Ewell,2.0
Esher and Walton,2.4
Fareham and Waterlooville,2.5
Farnham and Bordon,1.9
Faversham and Mid Kent,2.8000000000000003
Folkestone and Hythe,4.0
Gillingham and Rainham,4.0
Godalming and Ash,1.7999999999999998
Gosport,3.2
Gravesham,4.3
Guildford,1.9
Hamble Valley,1.7999999999999998
Hastings and Rye,4.5
Havant,3.8
Henley and Thame,1.7000000000000002
Herne Bay and Sandwich,3.2
Horsham,1.9
Hove and Portslade,3.9
Isle of Wight East,4.3
Isle of Wight West,3.0
Lewes,3.3000000000000003
Maidenhead,2.1999999999999997
Maidstone and Malling,3.2
Mid Buckinghamshire,1.7000000000000002
Mid Sussex,1.7000000000000002
Milton Keynes Central,4.3
Milton Keynes North,3.5999999999999996
New Forest East,2.3
New Forest West,2.3
Newbury,2.4
North East Hampshire,1.5
North West Hampshire,2.1999999999999997
Oxford East,3.0
Oxford West and Abingdon,1.7000000000000002
Portsmouth North,3.8
Portsmouth South,5.1
Reading Central,4.2
Reading West and Mid Berkshire,2.9000000000000004
Reigate,1.9
Rochester and Strood,3.8
Romsey and Southampton North,2.1
Runnymede and Weybridge,2.4
Sevenoaks,2.0
Sittingbourne and Sheppey,3.6999999999999997
Slough,5.8999999999999995
Southampton Itchen,3.9
Southampton Test,4.5
Spelthorne,3.4000000000000004
Surrey Heath,2.1
Sussex Weald,2.1
Tonbridge,2.3
Tunbridge Wells,2.3
Weald of Kent,2.4
Winchester,2.0
Windsor,2.9000000000000004
Witney,1.7999999999999998
Woking,2.5
Wokingham,1.9
Worthing West,3.1
Wycombe,4.6
Bath,1.9
Bournemouth East,3.9
Bournemouth West,3.5999999999999996
Bridgwater,2.8000000000000003
Bristol Central,2.4
Bristol East,4.3999999999999995
Bristol North East,3.6999999999999997
Bristol North West,3.0
Bristol South,3.9
Camborne and Redruth,3.0
Central Devon,2.1999999999999997
Cheltenham,2.8000000000000003
Chippenham,2.1
Christchurch,2.1999999999999997
East Wiltshire,2.1
Exeter,2.1999999999999997
Exmouth and Exeter East,1.7999999999999998
Filton and Bradley Stoke,1.7000000000000002
Forest of Dean,2.5
Frome and East Somerset,2.3
Glastonbury and Somerton,2.1999999999999997
Gloucester,3.6999999999999997
Honiton and Sidmouth,2.0
Melksham and Devizes,2.3
Mid Dorset and North Poole,2.1
Newton Abbot,2.1
North Cornwall,2.8000000000000003
North Cotswolds,1.9
North Devon,2.7
North Dorset,2.1
North East Somerset and Hanham,1.7000000000000002
North Somerset,1.7000000000000002
Plymouth Moor View,3.1
Plymouth Sutton and Devonport,4.1000000000000005
Poole,3.0
Salisbury,2.3
South Cotswolds,1.9
South Devon,2.4
South Dorset,2.5
South East Cornwall,2.6
South West Devon,1.6
South West Wiltshire,2.5
St Austell and Newquay,3.1
St Ives,2.9000000000000004
Stroud,2.1
Swindon North,3.0
Swindon South,3.6999999999999997
Taunton and Wellington,2.3
Tewkesbury,2.3
Thornbury and Yate,2.1999999999999997
Tiverton and Minehead,2.3
Torbay,3.4000000000000004
Torridge and Tavistock,2.4
Truro and Falmouth,2.4
Wells and Mendip Hills,2.1
West Dorset,2.1999999999999997
Weston-super-Mare,3.2
Yeovil,2.6
Aberafan Maesteg,3.6999999999999997
Alyn and Deeside,3.0
Bangor Aberconwy,2.9000000000000004
Blaenau Gwent and Rhymney,4.1000000000000005
"Brecon, Radnor and Cwm Tawe",2.7
Bridgend,2.4
Caerfyrddin,2.7
Caerphilly,3.1
Cardiff East,4.5
Cardiff North,2.1999999999999997
Cardiff South and Penarth,3.5000000000000004
Cardiff West,3.9
Ceredigion Preseli,2.5
Clwyd East,2.6
Clwyd North,4.3
Dwyfor Meirionnydd,2.5
Gower,2.1999999999999997
Llanelli,3.0
Merthyr Tydfil and Aberdare,3.3000000000000003
Mid and South Pembrokeshire,3.2
Monmouthshire,2.3
Montgomeryshire and Glyndwr,2.7
Neath and Swansea East,2.8000000000000003
Newport East,4.9
Newport West and Islwyn,2.8000000000000003
Pontypridd,2.7
Rhondda and Ogmore,3.5999999999999996
Swansea West,4.2
Torfaen,3.5999999999999996
Vale of Glamorgan,3.4000000000000004
Wrexham,2.9000000000000004
Ynys Mon,3.4000000000000004
Aldridge-Brownhills,2.9000000000000004
Birmingham Edgbaston,9.2
Birmingham Erdington,10.299999999999999
Birmingham Hall Green and Moseley,11.0
Birmingham Hodge Hill and Solihull North,10.0
Birmingham Ladywood,12.3
Birmingham Northfield,7.3
Birmingham Perry Barr,15.0
Birmingham Selly Oak,6.3
Birmingham Yardley,11.0
Bromsgrove,2.5
Burton and Uttoxeter,3.5999999999999996
Cannock Chase,3.0
Coventry East,6.7
Coventry North West,5.1
Coventry South,4.8
Droitwich and Evesham,2.6
Dudley,5.7
Halesowen,4.3999999999999995
Hereford and South Herefordshire,2.8000000000000003
Kenilworth and Southam,1.6
Kingswinford and South Staffordshire,2.6
Lichfield,2.1999999999999997
Meriden and Solihull East,3.9
Newcastle-under-Lyme,3.0
North Herefordshire,2.4
North Shropshire,2.4
North Warwickshire and Bedworth,3.0
Nuneaton,4.2
Redditch,3.5999999999999996
Rugby,2.8000000000000003
Shrewsbury,2.4
Smethwick,7.199999999999999
Solihull West and Shirley,2.8000000000000003
South Shropshire,2.1999999999999997
Stafford,2.7
Staffordshire Moorlands,2.3
Stoke-on-Trent Central,6.2
Stoke-on-Trent North,5.2
Stoke-on-Trent South,3.5000000000000004
"Stone, Great Wyrley and Penkridge",2.1999999999999997
Stourbridge,4.7
Stratford-on-Avon,2.0
Sutton Coldfield,2.7
Tamworth,2.9000000000000004
Telford,4.2
The Wrekin,2.8000000000000003
Tipton and Wednesbury,6.3
Walsall and Bloxwich,7.8
Warwick and Leamington,2.6
West Bromwich,6.3
West Worcestershire,2.3
Wolverhampton North East,6.2
Wolverhampton South East,6.9
Wolverhampton West,6.6000000000000005
Worcester,3.4000000000000004
Wyre Forest,3.1
Barnsley North,3.1
Barnsley South,3.5999999999999996
Beverley and Holderness,2.1
Bradford East,9.4
Bradford South,6.9
Bradford West,9.9
Bridlington and The Wolds,2.8000000000000003
Brigg and Immingham,2.1999999999999997
Calder Valley,2.9000000000000004
Colne Valley,2.6
Dewsbury and Batley,6.7
Doncaster Central,5.1
Doncaster East and the Isle of Axholme,2.7
Doncaster North,3.9
Goole and Pocklington,1.7999999999999998
Great Grimsby and Cleethorpes,4.9
Halifax,5.4
Harrogate and Knaresborough,1.7999999999999998
Huddersfield,6.0
Keighley and Ilkley,4.1000000000000005
Kingston upon Hull East,5.4
Kingston upon Hull North and Cottingham,4.9
Kingston upon Hull West and Haltemprice,4.3999999999999995
Leeds Central and Headingley,3.4000000000000004
Leeds East,6.3
Leeds North East,4.5
Leeds North West,2.1
Leeds South,7.6
Leeds South West and Morley,3.0
Leeds West and Pudsey,4.6
Normanton and Hemsworth,2.9000000000000004
Ossett and Denby Dale,2.7
Penistone and Stocksbridge,2.3
"Pontefract, Castleford and Knottingley",3.4000000000000004
Rawmarsh and Conisbrough,3.4000000000000004
Richmond and Northallerton,1.7999999999999998
Rother Valley,2.7
Rotherham,4.9
Scarborough and Whitby,2.7
Scunthorpe,4.2
Selby,2.0
Sheffield Brightside and Hillsborough,6.7
Sheffield Central,3.5999999999999996
Sheffield Hallam,1.7000000000000002
Sheffield Heeley,5.4
Sheffield South East,4.7
Shipley,3.1
Skipton and Ripon,1.6
Spen Valley,3.5000000000000004
Thirsk and Malton,1.7000000000000002
Wakefield and Rothwell,4.2
Wetherby and Easingwold,1.4000000000000001
York Central,2.1
York Outer,1.3
Basildon and Billericay,4.1000000000000005
Bedford,5.7
Braintree,2.4
Brentwood and Ongar,2.5
Broadland and Fakenham,2.0
Broxbourne,3.2
Bury St Edmunds and Stowmarket,2.3
Cambridge,2.1999999999999997
Castle Point,2.4
Central Suffolk and North Ipswich,1.7999999999999998
Chelmsford,2.8000000000000003
Clacton,4.2
Colchester,3.4000000000000004
Dunstable and Leighton Buzzard,3.1
Ely and East Cambridgeshire,2.1
Epping Forest,3.1
Great Yarmouth,4.3
Harlow,4.0
Harpenden and Berkhamsted,1.7000000000000002
Harwich and North Essex,2.7
Hemel Hempstead,3.8
Hertford and Stortford,2.0
Hertsmere,3.5000000000000004
Hitchin,2.1
Huntingdon,2.1
Ipswich,4.3
Lowestoft,3.9
Luton North,6.0
Luton South and South Bedfordshire,7.000000000000001
Maldon,2.3
Mid Bedfordshire,2.0
Mid Norfolk,2.0
North Bedfordshire,2.5
North East Cambridgeshire,3.5999999999999996
North East Hertfordshire,2.3
North Norfolk,2.5
North West Cambridgeshire,3.4000000000000004
North West Essex,2.1
North West Norfolk,3.0
Norwich North,3.3000000000000003
Norwich South,3.5999999999999996
Peterborough,6.5
Rayleigh and Wickford,2.0
South Basildon and East Thurrock,3.6999999999999997
South Cambridgeshire,1.7999999999999998
South Norfolk,2.0
South Suffolk,2.1999999999999997
South West Hertfordshire,2.6
South West Norfolk,2.4
Southend East and Rochford,4.9
Southend West and Leigh,3.2
St Albans,2.6
St Neots and Mid Cambridgeshire,2.1
Stevenage,3.3000000000000003
Suffolk Coastal,2.0
Thurrock,4.8
Watford,4.3
Waveney Valley,2.3
Welwyn Hatfield,3.1
West Suffolk,2.4
Witham,2.3
Amber Valley,2.8000000000000003
Ashfield,3.8
Bassetlaw,3.2
Bolsover,2.7
Boston and Skegness,4.0
Broxtowe,2.9000000000000004
Chesterfield,3.4000000000000004
Corby and East Northamptonshire,3.0
Daventry,2.3
Derby North,4.1000000000000005
Derby South,6.4
Derbyshire Dales,1.7000000000000002
Erewash,3.5999999999999996
Gainsborough,2.8000000000000003
Gedling,3.3000000000000003
Grantham and Bourne,3.1
"Harborough, Oadby and Wigston",2.4
High Peak,2.4
Hinckley and Bosworth,2.5
Kettering,3.2
Leicester East,5.0
Leicester South,5.800000000000001
Leicester West,5.800000000000001
Lincoln,3.5000000000000004
Loughborough,2.5
Louth and Horncastle,2.5
Mansfield,3.9
Melton and Syston,2.7
Mid Derbyshire,1.7999999999999998
Mid Leicestershire,2.1
Newark,2.6
North East Derbyshire,2.6
North West Leicestershire,2.1
Northampton North,5.1
Northampton South,3.2
Nottingham East,6.9
Nottingham North and Kimberley,6.2
Nottingham South,4.2
Rushcliffe,1.9
Rutland and Stamford,2.0
Sherwood Forest,2.8000000000000003
Sleaford and North Hykeham,2.1
South Derbyshire,2.3
South Holland and The Deepings,2.8000000000000003
South Leicestershire,1.9
South Northamptonshire,1.9
Wellingborough and Rushden,3.6999999999999997
Barking,7.7
Battersea,3.6999999999999997
Beckenham and Penge,3.8
Bermondsey and Old Southwark,4.7
Bethnal Green and Stepney,7.3999999999999995
Bexleyheath and Crayford,3.3000000000000003
Brent East,9.3
Brent West,5.4
Brentford and Isleworth,5.1
Bromley and Biggin Hill,3.1
Carshalton and Wallington,3.9
Chelsea and Fulham,3.5999999999999996
Chingford and Woodford Green,5.0
Chipping Barnet,4.0
Cities of London and Westminster,3.1
Clapham and Brixton Hill,5.5
Croydon East,5.800000000000001
Croydon South,4.2
Croydon West,7.9
Dagenham and Rainham,6.4
Dulwich and West Norwood,6.3
Ealing Central and Acton,5.6000000000000005
Ealing North,7.3
Ealing Southall,6.6000000000000005
East Ham,8.5
Edmonton and Winchmore Hill,8.200000000000001
Eltham and Chislehurst,4.6
Enfield North,7.199999999999999
Erith and Thamesmead,6.3
Feltham and Heston,5.5
Finchley and Golders Green,5.2
Greenwich and Woolwich,5.2
Hackney North and Stoke Newington,7.5
Hackney South and Shoreditch,6.7
Hammersmith and Chiswick,4.7
Hampstead and Highgate,4.1000000000000005
Harrow East,4.7
Harrow West,5.4
Hayes and Harlington,6.0
Hendon,5.800000000000001
Holborn and St Pancras,5.1
Hornchurch and Upminster,4.0
Hornsey and Friern Barnet,4.9
Ilford North,5.5
Ilford South,7.5
Islington North,6.0
Islington South and Finsbury,5.4
Kensington and Bayswater,3.5999999999999996
Kingston and Surbiton,3.4000000000000004
Lewisham East,7.5
Lewisham North,6.7
Lewisham West and East Dulwich,5.800000000000001
Leyton and Wanstead,6.2
Mitcham and Morden,6.0
Old Bexley and Sidcup,2.5
Orpington,3.3000000000000003
Peckham,6.800000000000001
Poplar and Limehouse,6.2
Putney,4.5
Queen's Park and Maida Vale,7.000000000000001
Richmond Park,2.5
Romford,4.6
"Ruislip, Northwood and Pinner",3.1
Southgate and Wood Green,6.9
Stratford and Bow,6.5
Streatham and Croydon North,7.1
Sutton and Cheam,3.0
Tooting,4.1000000000000005
Tottenham,9.0
Twickenham,2.6
Uxbridge and South Ruislip,4.5
Vauxhall and Camberwell Green,6.4
Walthamstow,7.1
West Ham and Beckton,7.9
Wimbledon,2.9000000000000004
Bishop Auckland,3.1
Blaydon and Consett,3.0
Blyth and Ashington,3.8
City of Durham,2.1999999999999997
Cramlington and Killingworth,2.5
Darlington,3.8
Easington,3.9
Gateshead Central and Whickham,4.1000000000000005
Hartlepool,4.3999999999999995
Hexham,2.0
Houghton and Sunderland South,3.5999999999999996
Jarrow and Gateshead East,4.3
Middlesbrough South and East Cleveland,3.1
Middlesbrough and Thornaby East,5.800000000000001
Newcastle upon Tyne Central and West,5.3
Newcastle upon Tyne East and Wallsend,4.2
Newcastle upon Tyne North,1.9
Newton Aycliffe and Spennymoor,3.0
North Durham,2.9000000000000004
North Northumberland,2.3
Redcar,3.8
South Shields,4.8
Stockton North,4.8
Stockton West,1.9
Sunderland Central,4.1000000000000005
Tynemouth,3.0
Washington and Gateshead South,3.6999999999999997
Altrincham and Sale West,1.9
Ashton-under-Lyne,5.5
Barrow and Furness,2.4
Birkenhead,4.8
Blackburn,6.0
Blackley and Middleton South,6.9
Blackpool North and Fleetwood,3.3000000000000003
Blackpool South,5.8999999999999995
Bolton North East,5.6000000000000005
Bolton South and Walkden,6.3
Bolton West,3.4000000000000004
Bootle,5.2
Burnley,5.6000000000000005
Bury North,4.5
Bury South,4.0
Carlisle,2.3
Cheadle,1.9
Chester North and Neston,2.7
Chester South and Eddisbury,1.7000000000000002
Chorley,2.6
Congleton,1.7000000000000002
Crewe and Nantwich,2.8000000000000003
Ellesmere Port and Bromborough,3.0
Fylde,2.5
Gorton and Denton,7.5
Hazel Grove,2.5
Heywood and Middleton North,5.1
Hyndburn,5.2
Knowsley,4.6
Lancaster and Wyre,2.1999999999999997
Leigh and Atherton,3.6999999999999997
Liverpool Garston,3.5999999999999996
Liverpool Riverside,5.7
Liverpool Walton,5.6000000000000005
Liverpool Wavertree,5.8999999999999995
Liverpool West Derby,5.4
Macclesfield,2.3
Makerfield,2.9000000000000004
Manchester Central,4.8
Manchester Rusholme,6.3
Manchester Withington,3.6999999999999997
Mid Cheshire,2.5
Morecambe and Lunesdale,2.8000000000000003
Oldham East and Saddleworth,6.2
"Oldham West, Chadderton and Royton",7.000000000000001
Pendle and Clitheroe,4.5
Penrith and Solway,1.7999999999999998
Preston,5.3
Ribble Valley,2.0
Rochdale,7.000000000000001
Rossendale and Darwen,3.5000000000000004
Runcorn and Helsby,3.6999999999999997
Salford,4.9
Sefton Central,2.0
South Ribble,2.1
Southport,3.0
St Helens North,3.4000000000000004
St Helens South and Whiston,4.1000000000000005
Stalybridge and Hyde,4.1000000000000005
Stockport,4.1000000000000005
Stretford and Urmston,4.1000000000000005
Tatton,1.7999999999999998
Wallasey,3.9
Warrington North,3.0
Warrington South,2.3
West Lancashire,2.8000000000000003
Westmorland and Lonsdale,1.3
Whitehaven and Workington,2.7
Widnes and Halewood,3.5999999999999996
Wigan,4.0
Wirral West,1.7000000000000002
Worsley and Eccles,3.9
Wythenshawe and Sale East,4.0
Belfast East,3.2
Belfast North,5.0
Belfast South and Mid Down,2.5
Belfast West,5.1
East Antrim,2.7
East Londonderry,3.3000000000000003
Fermanagh and South Tyrone,2.7
Foyle,5.4
Lagan Valley,2.1
Mid Ulster,2.3
Newry and Armagh,3.5000000000000004
North Antrim,3.0
North Down,2.4
South Antrim,2.1
South Down,2.6
Strangford,2.9000000000000004
Upper Bann,3.1
West Tyrone,2.9000000000000004
Aberdeen North,3.9
Aberdeen South,2.8000000000000003
Aberdeenshire North and Moray East,2.6
Airdrie and Shotts,2.9000000000000004
Alloa and Grangemouth,2.7
Angus and Perthshire Glens,2.5
Arbroath and Broughty Ferry,2.9000000000000004
"Argyll, Bute and South Lochaber",2.1999999999999997
"Ayr, Carrick and Cumnock",3.5999999999999996
Bathgate and Linlithgow,2.5
"Berwickshire, Roxburgh and Selkirk",2.8000000000000003
"Caithness, Sutherland and Easter Ross",2.0
Central Ayrshire,3.1
Coatbridge and Bellshill,3.1
Cowdenbeath and Kirkcaldy,3.8
Cumbernauld and Kirkintilloch,2.6
Dumfries and Galloway,2.6
"Dumfriesshire, Clydesdale and Tweeddale",2.5
Dundee Central,4.1000000000000005
Dunfermline and Dollar,2.4
East Kilbride and Strathaven,1.9
East Renfrewshire,1.7000000000000002
Edinburgh East and Musselburgh,2.7
Edinburgh North and Leith,3.0
Edinburgh South,1.7000000000000002
Edinburgh South West,2.7
Edinburgh West,1.9
Falkirk,3.0
Glasgow East,5.6000000000000005
Glasgow North,5.1
Glasgow North East,5.1
Glasgow South,4.0
Glasgow South West,4.6
Glasgow West,4.3
Glenrothes and Mid Fife,3.8
Gordon and Buchan,1.6
Hamilton and Clyde Valley,3.0
Inverclyde and Renfrewshire West,2.9000000000000004
"Inverness, Skye and West Ross-shire",2.1999999999999997
Kilmarnock and Loudoun,3.5000000000000004
Livingston,2.4
Lothian East,2.0
Mid Dunbartonshire,1.5
Midlothian,2.3
"Moray West, Nairn and Strathspey",2.0
"Motherwell, Wishaw and Carluke",3.0
Na h-Eileanan an Iar,1.7999999999999998
North Ayrshire and Arran,3.9
North East Fife,2.0
Orkney and Shetland,1.3
Paisley and Renfrewshire North,2.9000000000000004
Paisley and Renfrewshire South,3.0
Perth and Kinross-shire,2.4
Rutherglen,2.8000000000000003
Stirling and Strathallan,2.1
West Aberdeenshire and Kincardine,1.5
West Dunbartonshire,3.5999999999999996
Aldershot,2.7
Arundel and South Downs,2.1999999999999997
Ashford,3.0
Aylesbury,4.0
Banbury,2.7
Basingstoke,3.0
Beaconsfield,2.6
Bexhill and Battle,3.0
Bicester and Woodstock,1.9
Bognor Regis and Littlehampton,4.0
Bracknell,2.8000000000000003
Brighton Kemptown and Peacehaven,4.3999999999999995
Brighton Pavilion,3.9
Buckingham and Bletchley,3.5000000000000004
Canterbury,3.1
Chatham and Aylesford,4.1000000000000005
Chesham and Amersham,2.3
Chichester,3.5000000000000004
Crawley,4.3999999999999995
Dartford,3.0
Didcot and Wantage,2.0
Dorking and Horley,1.9
Dover and Deal,3.3000000000000003
Earley and Woodley,2.6
East Grinstead and Uckfield,2.1
East Hampshire,1.9
East Surrey,2.5
East Thanet,5.2
East Worthing and Shoreham,2.8000000000000003
Eastbourne,4.7
Eastleigh,2.1999999999999997
Epsom and Ewell,2.0
Esher and Walton,2.4
Fareham and Waterlooville,2.4
Farnham and Bordon,2.0
Faversham and Mid Kent,2.9000000000000004
Folkestone and Hythe,3.9
Gillingham and Rainham,3.9
Godalming and Ash,1.9
Gosport,3.1
Gravesham,4.3
Guildford,1.9
Hamble Valley,1.9
Hastings and Rye,4.3999999999999995
Havant,3.6999999999999997
Henley and Thame,1.7000000000000002
Herne Bay and Sandwich,3.3000000000000003
Horsham,1.9
Hove and Portslade,3.8
Isle of Wight East,4.3
Isle of Wight West,3.0
Lewes,3.3000000000000003
Maidenhead,2.3
Maidstone and Malling,3.3000000000000003
Mid Buckinghamshire,1.6
Mid Sussex,1.7999999999999998
Milton Keynes Central,4.3
Milton Keynes North,3.5999999999999996
New Forest East,2.4
New Forest West,2.3
Newbury,2.5
North East Hampshire,1.5
North West Hampshire,2.1
Oxford East,3.1
Oxford West and Abingdon,1.7000000000000002
Portsmouth North,3.6999999999999997
Portsmouth South,5.1
Reading Central,4.3
Reading West and Mid Berkshire,2.9000000000000004
Reigate,1.9
Rochester and Strood,3.8
Romsey and Southampton North,2.1
Runnymede and Weybridge,2.4
Sevenoaks,2.1
Sittingbourne and Sheppey,3.8
Slough,5.8999999999999995
Southampton Itchen,3.9
Southampton Test,4.3999999999999995
Spelthorne,3.4000000000000004
Surrey Heath,2.1999999999999997
Sussex Weald,2.1999999999999997
Tonbridge,2.3
Tunbridge Wells,2.4
Weald of Kent,2.4
Winchester,2.0
Windsor,2.8000000000000003
Witney,1.9
Woking,2.6
Wokingham,1.9
Worthing West,3.1
Wycombe,4.5
Bath,1.9
Bournemouth East,3.9
Bournemouth West,3.5999999999999996
Bridgwater,2.8000000000000003
Bristol Central,2.4
Bristol East,4.5
Bristol North East,3.8
Bristol North West,3.0
Bristol South,3.9
Camborne and Redruth,3.0
Central Devon,2.1999999999999997
Cheltenham,2.8000000000000003
Chippenham,2.1
Christchurch,2.3
East Wiltshire,2.1
Exeter,2.1
Exmouth and Exeter East,1.9
Filton and Bradley Stoke,1.7000000000000002
Forest of Dean,2.6
Frome and East Somerset,2.4
Glastonbury and Somerton,2.1999999999999997
Gloucester,3.6999999999999997
Honiton and Sidmouth,2.1
Melksham and Devizes,2.4
Mid Dorset and North Poole,2.1
Newton Abbot,2.1
North Cornwall,2.8000000000000003
North Cotswolds,2.0
North Devon,2.7
North Dorset,2.1
North East Somerset and Hanham,1.7000000000000002
North Somerset,1.7000000000000002
Plymouth Moor View,3.1
Plymouth Sutton and Devonport,4.1000000000000005
Poole,2.8000000000000003
Salisbury,2.3
South Cotswolds,1.9
South Devon,2.4
South Dorset,2.5
South East Cornwall,2.6
South West Devon,1.6
South West Wiltshire,2.5
St Austell and Newquay,3.0
St Ives,2.9000000000000004
Stroud,2.1
Swindon North,2.9000000000000004
Swindon South,3.6999999999999997
Taunton and Wellington,2.3
Tewkesbury,2.3
Thornbury and Yate,2.1999999999999997
Tiverton and Minehead,2.4
Torbay,3.3000000000000003
Torridge and Tavistock,2.3
Truro and Falmouth,2.4
Wells and Mendip Hills,2.1
West Dorset,2.1999999999999997
Weston-super-Mare,3.2
Yeovil,2.6
Aberafan Maesteg,3.5999999999999996
Alyn and Deeside,2.9000000000000004
Bangor Aberconwy,2.9000000000000004
Blaenau Gwent and Rhymney,4.1000000000000005
"Brecon, Radnor and Cwm Tawe",2.7
Bridgend,2.4
Caerfyrddin,2.6
Caerphilly,3.2
Cardiff East,4.5
Cardiff North,2.1
Cardiff South and Penarth,3.5999999999999996
Cardiff West,3.8
Ceredigion Preseli,2.5
Clwyd East,2.6
Clwyd North,4.3
Dwyfor Meirionnydd,2.4
Gower,2.1
Llanelli,3.0
Merthyr Tydfil and Aberdare,3.3000000000000003
Mid and South Pembrokeshire,3.2
Monmouthshire,2.3
Montgomeryshire and Glyndwr,2.6
Neath and Swansea East,2.7
Newport East,5.0
Newport West and Islwyn,2.8000000000000003
Pontypridd,2.6
Rhondda and Ogmore,3.5000000000000004
Swansea West,4.1000000000000005
Torfaen,3.5999999999999996
Vale of Glamorgan,3.5999999999999996
Wrexham,2.9000000000000004
Ynys Mon,3.4000000000000004
Aldridge-Brownhills,2.8000000000000003
Birmingham Edgbaston,9.2
Birmingham Erdington,10.299999999999999
Birmingham Hall Green and Moseley,10.9
Birmingham Hodge Hill and Solihull North,10.0
Birmingham Ladywood,12.2
Birmingham Northfield,7.3
Birmingham Perry Barr,14.799999999999999
Birmingham Selly Oak,6.3
Birmingham Yardley,11.0
Bromsgrove,2.5
Burton and Uttoxeter,3.5999999999999996
Cannock Chase,2.9000000000000004
Coventry East,6.7
Coventry North West,5.0
Coventry South,4.7
Droitwich and Evesham,2.6
Dudley,5.7
Halesowen,4.3
Hereford and South Herefordshire,2.8000000000000003
Kenilworth and Southam,1.6
Kingswinford and South Staffordshire,2.6
Lichfield,2.1
Meriden and Solihull East,3.9
Newcastle-under-Lyme,3.0
North Herefordshire,2.3
North Shropshire,2.4
North Warwickshire and Bedworth,3.0
Nuneaton,4.2
Redditch,3.5999999999999996
Rugby,2.8000000000000003
Shrewsbury,2.4
Smethwick,7.3
Solihull West and Shirley,2.8000000000000003
South Shropshire,2.1
Stafford,2.6
Staffordshire Moorlands,2.1999999999999997
Stoke-on-Trent Central,6.1
Stoke-on-Trent North,5.1
Stoke-on-Trent South,3.5000000000000004
"Stone, Great Wyrley and Penkridge",2.1
Stourbridge,4.6
Stratford-on-Avon,2.1
Sutton Coldfield,2.7
Tamworth,2.9000000000000004
Telford,4.3
The Wrekin,2.8000000000000003
Tipton and Wednesbury,6.2
Walsall and Bloxwich,7.7
Warwick and Leamington,2.6
West Bromwich,6.4
West Worcestershire,2.1999999999999997
Wolverhampton North East,6.1
Wolverhampton South East,6.800000000000001
Wolverhampton West,6.5
Worcester,3.4000000000000004
Wyre Forest,3.2
Barnsley North,3.1
Barnsley South,3.5999999999999996
Beverley and Holderness,2.1
Bradford East,9.2
Bradford South,6.9
Bradford West,9.8
Bridlington and The Wolds,2.8000000000000003
Brigg and Immingham,2.1999999999999997
Calder Valley,2.9000000000000004
Colne Valley,2.6
Dewsbury and Batley,6.5
Doncaster Central,5.1
Doncaster East and the Isle of Axholme,2.7
Doncaster North,3.9
Goole and Pocklington,1.9
Great Grimsby and Cleethorpes,4.9
Halifax,5.3
Harrogate and Knaresborough,1.7000000000000002
Huddersfield,5.8999999999999995
Keighley and Ilkley,4.1000000000000005
Kingston upon Hull East,5.3
Kingston upon Hull North and Cottingham,4.8
Kingston upon Hull West and Haltemprice,4.3
Leeds Central and Headingley,3.5000000000000004
Leeds East,6.2
Leeds North East,4.3999999999999995
Leeds North West,2.1
Leeds South,7.6
Leeds South West and Morley,3.0
Leeds West and Pudsey,4.7
Normanton and Hemsworth,2.9000000000000004
Ossett and Denby Dale,2.6
Penistone and Stocksbridge,2.3
"Pontefract, Castleford and Knottingley",3.3000000000000003
Rawmarsh and Conisbrough,3.4000000000000004
Richmond and Northallerton,1.7999999999999998
Rother Valley,2.7
Rotherham,4.8
Scarborough and Whitby,2.7
Scunthorpe,4.2
Selby,2.0
Sheffield Brightside and Hillsborough,6.6000000000000005
Sheffield Central,3.5999999999999996
Sheffield Hallam,1.7999999999999998
Sheffield Heeley,5.4
Sheffield South East,4.7
Shipley,3.1
Skipton and Ripon,1.6
Spen Valley,3.5000000000000004
Thirsk and Malton,1.7000000000000002
Wakefield and Rothwell,4.2
Wetherby and Easingwold,1.4000000000000001
York Central,2.1
York Outer,1.3
Basildon and Billericay,4.0
Bedford,5.800000000000001
Braintree,2.5
Brentwood and Ongar,2.5
Broadland and Fakenham,2.0
Broxbourne,3.2
Bury St Edmunds and Stowmarket,2.3
Cambridge,2.1
Castle Point,2.4
Central Suffolk and North Ipswich,1.9
Chelmsford,2.9000000000000004
Clacton,4.2
Colchester,3.4000000000000004
Dunstable and Leighton Buzzard,3.1
Ely and East Cambridgeshire,2.1
Epping Forest,3.1
Great Yarmouth,4.3
Harlow,4.0
Harpenden and Berkhamsted,1.7999999999999998
Harwich and North Essex,2.8000000000000003
Hemel Hempstead,3.8
Hertford and Stortford,1.9
Hertsmere,3.5000000000000004
Hitchin,2.1
Huntingdon,2.1999999999999997
Ipswich,4.3
Lowestoft,4.0
Luton North,5.8999999999999995
Luton South and South Bedfordshire,6.9
Maldon,2.1999999999999997
Mid Bedfordshire,1.9
Mid Norfolk,2.0
North Bedfordshire,2.5
North East Cambridgeshire,3.5000000000000004
North East Hertfordshire,2.1999999999999997
North Norfolk,2.4
North West Cambridgeshire,3.4000000000000004
North West Essex,2.0
North West Norfolk,2.9000000000000004
Norwich North,3.3000000000000003
Norwich South,3.6999999999999997
Peterborough,6.4
Rayleigh and Wickford,2.0
South Basildon and East Thurrock,3.5999999999999996
South Cambridgeshire,1.7999999999999998
South Norfolk,2.0
South Suffolk,2.3
South West Hertfordshire,2.6
South West Norfolk,2.5
Southend East and Rochford,5.0
Southend West and Leigh,3.2
St Albans,2.7
St Neots and Mid Cambridgeshire,2.1999999999999997
Stevenage,3.2
Suffolk Coastal,2.1
Thurrock,4.7
Watford,4.2
Waveney Valley,2.4
Welwyn Hatfield,3.1
West Suffolk,2.4
Witham,2.4
Amber Valley,2.8000000000000003
Ashfield,3.9
Bassetlaw,3.1
Bolsover,2.7
Boston and Skegness,4.1000000000000005
Broxtowe,2.9000000000000004
Chesterfield,3.3000000000000003
Corby and East Northamptonshire,3.0
Daventry,2.3
Derby North,4.1000000000000005
Derby South,6.3
Derbyshire Dales,1.7999999999999998
Erewash,3.5999999999999996
Gainsborough,2.8000000000000003
Gedling,3.3000000000000003
Grantham and Bourne,3.0
"Harborough, Oadby and Wigston",2.4
High Peak,2.4
Hinckley and Bosworth,2.5
Kettering,3.1
Leicester East,4.8
Leicester South,5.6000000000000005
Leicester West,5.6000000000000005
Lincoln,3.5000000000000004
Loughborough,2.5
Louth and Horncastle,2.5
Mansfield,3.8
Melton and Syston,2.7
Mid Derbyshire,1.7999999999999998
Mid Leicestershire,2.1
Newark,2.6
North East Derbyshire,2.4
North West Leicestershire,2.0
Northampton North,5.0
Northampton South,3.1
Nottingham East,6.800000000000001
Nottingham North and Kimberley,6.2
Nottingham South,4.2
Rushcliffe,1.9
Rutland and Stamford,2.0
Sherwood Forest,2.8000000000000003
Sleaford and North Hykeham,2.1
South Derbyshire,2.4
South Holland and The Deepings,2.7
South Leicestershire,1.7999999999999998
South Northamptonshire,1.7999999999999998
Wellingborough and Rushden,3.6999999999999997
Barking,7.7
Battersea,3.5999999999999996
Beckenham and Penge,3.6999999999999997
Bermondsey and Old Southwark,4.7
Bethnal Green and Stepney,7.3
Bexleyheath and Crayford,3.3000000000000003
Brent East,9.0
Brent West,5.4
Brentford and Isleworth,5.0
Bromley and Biggin Hill,3.1
Carshalton and Wallington,3.8
Chelsea and Fulham,3.5000000000000004
Chingford and Woodford Green,5.0
Chipping Barnet,3.9
Cities of London and Westminster,3.1
Clapham and Brixton Hill,5.4
Croydon East,5.7
Croydon South,4.1000000000000005
Croydon West,7.9
Dagenham and Rainham,6.4
Dulwich and West Norwood,6.3
Ealing Central and Acton,5.7
Ealing North,7.199999999999999
Ealing Southall,6.5
East Ham,8.4
Edmonton and Winchmore Hill,8.200000000000001
Eltham and Chislehurst,4.6
Enfield North,7.199999999999999
Erith and Thamesmead,6.3
Feltham and Heston,5.5
Finchley and Golders Green,5.2
Greenwich and Woolwich,5.2
Hackney North and Stoke Newington,7.6
Hackney South and Shoreditch,6.6000000000000005
Hammersmith and Chiswick,4.7
Hampstead and Highgate,4.1000000000000005
Harrow East,4.6
Harrow West,5.4
Hayes and Harlington,5.8999999999999995
Hendon,5.7
Holborn and St Pancras,5.1
Hornchurch and Upminster,3.9
Hornsey and Friern Barnet,4.8
Ilford North,5.5
Ilford South,7.3999999999999995
Islington North,6.0
Islington South and Finsbury,5.5
Kensington and Bayswater,3.5999999999999996
Kingston and Surbiton,3.4000000000000004
Lewisham East,7.3999999999999995
Lewisham North,6.7
Lewisham West and East Dulwich,5.7
Leyton and Wanstead,6.1
Mitcham and Morden,5.8999999999999995
Old Bexley and Sidcup,2.4
Orpington,3.4000000000000004
Peckham,6.800000000000001
Poplar and Limehouse,6.1
Putney,4.3999999999999995
Queen's Park and Maida Vale,7.000000000000001
Richmond Park,2.5
Romford,4.6
"Ruislip, Northwood and Pinner",3.0
Southgate and Wood Green,6.800000000000001
Stratford and Bow,6.4
Streatham and Croydon North,7.000000000000001
Sutton and Cheam,2.9000000000000004
Tooting,4.0
Tottenham,9.0
Twickenham,2.6
Uxbridge and South Ruislip,4.5
Vauxhall and Camberwell Green,6.2
Walthamstow,7.1
West Ham and Beckton,7.9
Wimbledon,2.9000000000000004
Bishop Auckland,3.1
Blaydon and Consett,3.0
Blyth and Ashington,3.8
City of Durham,2.3
Cramlington and Killingworth,2.6
Darlington,3.8
Easington,3.9
Gateshead Central and Whickham,4.0
Hartlepool,4.3
Hexham,1.9
Houghton and Sunderland South,3.5000000000000004
Jarrow and Gateshead East,4.3999999999999995
Middlesbrough South and East Cleveland,3.2
Middlesbrough and Thornaby East,5.7
Newcastle upon Tyne Central and West,5.1
Newcastle upon Tyne East and Wallsend,4.2
Newcastle upon Tyne North,1.9
Newton Aycliffe and Spennymoor,3.0
North Durham,3.0
North Northumberland,2.1999999999999997
Redcar,3.8
South Shields,4.9
Stockton North,4.7
Stockton West,1.9
Sunderland Central,4.0
Tynemouth,3.0
Washington and Gateshead South,3.5999999999999996
Altrincham and Sale West,1.9
Ashton-under-Lyne,5.4
Barrow and Furness,2.4
Birkenhead,4.6
Blackburn,5.800000000000001
Blackley and Middleton South,6.9
Blackpool North and Fleetwood,3.3000000000000003
Blackpool South,5.800000000000001
Bolton North East,5.5
Bolton South and Walkden,6.2
Bolton West,3.4000000000000004
Bootle,5.2
Burnley,5.6000000000000005
Bury North,4.3999999999999995
Bury South,3.9
Carlisle,2.3
Cheadle,1.9
Chester North and Neston,2.7
Chester South and Eddisbury,1.7000000000000002
Chorley,2.6
Congleton,1.7000000000000002
Crewe and Nantwich,2.8000000000000003
Ellesmere Port and Bromborough,3.0
Fylde,2.4
Gorton and Denton,7.5
Hazel Grove,2.6
Heywood and Middleton North,5.1
Hyndburn,5.2
Knowsley,4.6
Lancaster and Wyre,2.1999999999999997
Leigh and Atherton,3.8
Liverpool Garston,3.6999999999999997
Liverpool Riverside,5.7
Liverpool Walton,5.7
Liverpool Wavertree,5.800000000000001
Liverpool West Derby,5.3
Macclesfield,2.3
Makerfield,2.9000000000000004
Manchester Central,4.7
Manchester Rusholme,6.3
Manchester Withington,3.5999999999999996
Mid Cheshire,2.5
Morecambe and Lunesdale,2.8000000000000003
Oldham East and Saddleworth,6.3
"Oldham West, Chadderton and Royton",7.1
Pendle and Clitheroe,4.5
Penrith and Solway,1.9
Preston,5.3
Ribble Valley,1.9
Rochdale,6.9
Rossendale and Darwen,3.4000000000000004
Runcorn and Helsby,3.6999999999999997
Salford,4.9
Sefton Central,2.0
South Ribble,2.1999999999999997
Southport,3.0
St Helens North,3.3000000000000003
St Helens South and Whiston,4.1000000000000005
Stalybridge and Hyde,4.1000000000000005
Stockport,4.1000000000000005
Stretford and Urmston,4.1000000000000005
Tatton,1.7999999999999998
Wallasey,3.9
Warrington North,2.9000000000000004
Warrington South,2.3
West Lancashire,2.8000000000000003
Westmorland and Lonsdale,1.3
Whitehaven and Workington,2.8000000000000003
Widnes and Halewood,3.6999999999999997
Wigan,4.0
Wirral West,1.7000000000000002
Worsley and Eccles,3.9
Wythenshawe and Sale East,4.1000000000000005
Belfast East,3.3000000000000003
Belfast North,4.9
Belfast South and Mid Down,2.5
Belfast West,5.1
East Antrim,2.7
East Londonderry,3.3000000000000003
Fermanagh and South Tyrone,2.7
Foyle,5.4
Lagan Valley,2.1999999999999997
Mid Ulster,2.1999999999999997
Newry and Armagh,3.5999999999999996
North Antrim,3.0
North Down,2.4
South Antrim,2.1
South Down,2.5
Strangford,2.9000000000000004
Upper Bann,3.0
West Tyrone,2.9000000000000004
Aberdeen North,3.9
Aberdeen South,2.8000000000000003
Aberdeenshire North and Moray East,2.6
Airdrie and Shotts,2.9000000000000004
Alloa and Grangemouth,2.8000000000000003
Angus and Perthshire Glens,2.5
Arbroath and Broughty Ferry,2.8000000000000003
"Argyll, Bute and South Lochaber",2.1
"Ayr, Carrick and Cumnock",3.5999999999999996
Bathgate and Linlithgow,2.5
"Berwickshire, Roxburgh and Selkirk",2.7
"Caithness, Sutherland and Easter Ross",1.9
Central Ayrshire,3.0
Coatbridge and Bellshill,2.9000000000000004
Cowdenbeath and Kirkcaldy,3.8
Cumbernauld and Kirkintilloch,2.6
Dumfries and Galloway,2.6
"Dumfriesshire, Clydesdale and Tweeddale",2.4
Dundee Central,4.0
Dunfermline and Dollar,2.4
East Kilbride and Strathaven,1.9
East Renfrewshire,1.7000000000000002
Edinburgh East and Musselburgh,2.7
Edinburgh North and Leith,3.1
Edinburgh South,1.7999999999999998
Edinburgh South West,2.7
Edinburgh West,2.0
Falkirk,3.0
Glasgow East,5.5
Glasgow North,5.0
Glasgow North East,5.1
Glasgow South,3.9
Glasgow South West,4.5
Glasgow West,4.2
Glenrothes and Mid Fife,3.8
Gordon and Buchan,1.6
Hamilton and Clyde Valley,3.0
Inverclyde and Renfrewshire West,2.8000000000000003
"Inverness, Skye and West Ross-shire",2.1999999999999997
Kilmarnock and Loudoun,3.5000000000000004
Livingston,2.4
Lothian East,2.0
Mid Dunbartonshire,1.5
Midlothian,2.3
"Moray West, Nairn and Strathspey",2.0
"Motherwell, Wishaw and Carluke",2.9000000000000004
Na h-Eileanan an Iar,1.7999999999999998
North Ayrshire and Arran,3.8
North East Fife,2.0
Orkney and Shetland,1.3
Paisley and Renfrewshire North,2.8000000000000003
Paisley and Renfrewshire South,3.0
Perth and Kinross-shire,2.3
Rutherglen,2.8000000000000003
Stirling and Strathallan,2.0
West Aberdeenshire and Kincardine,1.5
West Dunbartonshire,3.5999999999999996
Aldershot,2.8000000000000003
Arundel and South Downs,2.1999999999999997
Ashford,3.0
Aylesbury,3.9
Banbury,2.6
Basingstoke,2.9000000000000004
Beaconsfield,2.6
Bexhill and Battle,3.0
Bicester and Woodstock,1.9
Bognor Regis and Littlehampton,3.9
Bracknell,2.9000000000000004
Brighton Kemptown and Peacehaven,4.3999999999999995
Brighton Pavilion,3.9
Buckingham and Bletchley,3.5000000000000004
Canterbury,3.1
Chatham and Aylesford,4.0
Chesham and Amersham,2.3
Chichester,3.5000000000000004
Crawley,4.3999999999999995
Dartford,3.1
Didcot and Wantage,2.0
Dorking and Horley,2.0
Dover and Deal,3.4000000000000004
Earley and Woodley,2.6
East Grinstead and Uckfield,2.1999999999999997
East Hampshire,2.0
East Surrey,2.5
East Thanet,5.4
East Worthing and Shoreham,2.8000000000000003
Eastbourne,4.6
Eastleigh,2.1999999999999997
Epsom and Ewell,2.1
Esher and Walton,2.4
Fareham and Waterlooville,2.4
Farnham and Bordon,2.0
Faversham and Mid Kent,2.9000000000000004
Folkestone and Hythe,4.0
Gillingham and Rainham,3.9
Godalming and Ash,1.9
Gosport,3.1
Gravesham,4.3
Guildford,1.9
Hamble Valley,1.9
Hastings and Rye,4.5
Havant,3.6999999999999997
Henley and Thame,1.7999999999999998
Herne Bay and Sandwich,3.3000000000000003
Horsham,1.9
Hove and Portslade,3.9
Isle of Wight East,4.3999999999999995
Isle of Wight West,3.0
Lewes,3.2
Maidenhead,2.1999999999999997
Maidstone and Malling,3.3000000000000003
Mid Buckinghamshire,1.7000000000000002
Mid Sussex,1.7999999999999998
Milton Keynes Central,4.3
Milton Keynes North,3.6999999999999997
New Forest East,2.3
New Forest West,2.4
Newbury,2.4
North East Hampshire,1.5
North West Hampshire,2.1999999999999997
Oxford East,3.0
Oxford West and Abingdon,1.7000000000000002
Portsmouth North,3.6999999999999997
Portsmouth South,5.2
Reading Central,4.2
Reading West and Mid Berkshire,2.8000000000000003
Reigate,1.7999999999999998
Rochester and Strood,3.8
Romsey and Southampton North,2.1
Runnymede and Weybridge,2.4
Sevenoaks,2.1
Sittingbourne and Sheppey,3.8
Slough,5.800000000000001
Southampton Itchen,3.9
Southampton Test,4.5
Spelthorne,3.4000000000000004
Surrey Heath,2.1999999999999997
Sussex Weald,2.1999999999999997
Tonbridge,2.3
Tunbridge Wells,2.4
Weald of Kent,2.4
Winchester,2.0
Windsor,2.8000000000000003
Witney,1.9
Woking,2.7
Wokingham,1.7999999999999998
Worthing West,3.1
Wycombe,4.5
Bath,1.7999999999999998
Bournemouth East,3.9
Bournemouth West,3.5999999999999996
Bridgwater,2.8000000000000003
Bristol Central,2.5
Bristol East,4.3999999999999995
Bristol North East,3.9
Bristol North West,3.0
Bristol South,3.9
Camborne and Redruth,3.1
Central Devon,2.1999999999999997
Cheltenham,2.7
Chippenham,2.1
Christchurch,2.3
East Wiltshire,2.1
Exeter,2.1999999999999997
Exmouth and Exeter East,1.9
Filton and Bradley Stoke,1.7000000000000002
Forest of Dean,2.6
Frome and East Somerset,2.3
Glastonbury and Somerton,2.3
Gloucester,3.6999999999999997
Honiton and Sidmouth,2.0
Melksham and Devizes,2.3
Mid Dorset and North Poole,2.1
Newton Abbot,2.1999999999999997
North Cornwall,3.0
North Cotswolds,1.9
North Devon,2.8000000000000003
North Dorset,2.1
North East Somerset and Hanham,1.7000000000000002
North Somerset,1.7000000000000002
Plymouth Moor View,3.2
Plymouth Sutton and Devonport,4.1000000000000005
Poole,2.8000000000000003
Salisbury,2.4
South Cotswolds,1.9
South Devon,2.4
South Dorset,2.4
South East Cornwall,2.7
South West Devon,1.7000000000000002
South West Wiltshire,2.5
St Austell and Newquay,3.1
St Ives,3.0
Stroud,2.1
Swindon North,2.9000000000000004
Swindon South,3.6999999999999997
Taunton and Wellington,2.3
Tewkesbury,2.3
Thornbury and Yate,2.1999999999999997
Tiverton and Minehead,2.4
Torbay,3.4000000000000004
Torridge and Tavistock,2.4
Truro and Falmouth,2.4
Wells and Mendip Hills,2.1
West Dorset,2.1999999999999997
Weston-super-Mare,3.1
Yeovil,2.6
Aberafan Maesteg,3.5000000000000004
Alyn and Deeside,2.9000000000000004
Bangor Aberconwy,2.9000000000000004
Blaenau Gwent and Rhymney,4.1000000000000005
"Brecon, Radnor and Cwm Tawe",2.7
Bridgend,2.5
Caerfyrddin,2.7
Caerphilly,3.2
Cardiff East,4.5
Cardiff North,2.1999999999999997
Cardiff South and Penarth,3.5999999999999996
Cardiff West,3.9
Ceredigion Preseli,2.5
Clwyd East,2.6
Clwyd North,4.2
Dwyfor Meirionnydd,2.5
Gower,2.1999999999999997
Llanelli,3.0
Merthyr Tydfil and Aberdare,3.3000000000000003
Mid and South Pembrokeshire,3.2
Monmouthshire,2.3
Montgomeryshire and Glyndwr,2.7
Neath and Swansea East,2.7
Newport East,4.9
Newport West and Islwyn,2.8000000000000003
Pontypridd,2.7
Rhondda and Ogmore,3.5000000000000004
Swansea West,4.1000000000000005
Torfaen,3.5999999999999996
Vale of Glamorgan,3.5000000000000004
Wrexham,2.9000000000000004
Ynys Mon,3.4000000000000004
Aldridge-Brownhills,2.8000000000000003
Birmingham Edgbaston,9.2
Birmingham Erdington,10.4
Birmingham Hall Green and Moseley,10.8
Birmingham Hodge Hill and Solihull North,10.0
Birmingham Ladywood,12.2
Birmingham Northfield,7.3999999999999995
Birmingham Perry Barr,14.499999999999998
Birmingham Selly Oak,6.3
Birmingham Yardley,10.9
Bromsgrove,2.6
Burton and Uttoxeter,3.5000000000000004
Cannock Chase,3.0
Coventry East,6.800000000000001
Coventry North West,5.0
Coventry South,4.7
Droitwich and Evesham,2.6
Dudley,5.7
Halesowen,4.3999999999999995
Hereford and South Herefordshire,2.8000000000000003
Kenilworth and Southam,1.7000000000000002
Kingswinford and South Staffordshire,2.7
Lichfield,2.1999999999999997
Meriden and Solihull East,4.0
Newcastle-under-Lyme,3.0
North Herefordshire,2.4
North Shropshire,2.5
North Warwickshire and Bedworth,3.1
Nuneaton,4.2
Redditch,3.5000000000000004
Rugby,2.8000000000000003
Shrewsbury,2.4
Smethwick,7.3
Solihull West and Shirley,2.8000000000000003
South Shropshire,2.1999999999999997
Stafford,2.6
Staffordshire Moorlands,2.1999999999999997
Stoke-on-Trent Central,6.0
Stoke-on-Trent North,5.0
Stoke-on-Trent South,3.4000000000000004
"Stone, Great Wyrley and Penkridge",2.1999999999999997
Stourbridge,4.6
Stratford-on-Avon,2.1
Sutton Coldfield,2.8000000000000003
Tamworth,2.9000000000000004
Telford,4.3
The Wrekin,2.7
Tipton and Wednesbury,6.3
Walsall and Bloxwich,7.6
Warwick and Leamington,2.6
West Bromwich,6.3
West Worcestershire,2.1999999999999997
Wolverhampton North East,6.1
Wolverhampton South East,6.800000000000001
Wolverhampton West,6.5
Worcester,3.4000000000000004
Wyre Forest,3.0
Barnsley North,3.2
Barnsley South,3.5000000000000004
Beverley and Holderness,2.1
Bradford East,9.1
Bradford South,6.800000000000001
Bradford West,9.700000000000001
Bridlington and The Wolds,2.8000000000000003
Brigg and Immingham,2.1999999999999997
Calder Valley,2.8000000000000003
Colne Valley,2.5
Dewsbury and Batley,6.4
Doncaster Central,5.0
Doncaster East and the Isle of Axholme,2.7
Doncaster North,3.8
Goole and Pocklington,1.7999999999999998
Great Grimsby and Cleethorpes,4.9
Halifax,5.3
Harrogate and Knaresborough,1.7999999999999998
Huddersfield,5.8999999999999995
Keighley and Ilkley,4.1000000000000005
Kingston upon Hull East,5.2
Kingston upon Hull North and Cottingham,4.8
Kingston upon Hull West and Haltemprice,4.2
Leeds Central and Headingley,3.4000000000000004
Leeds East,6.2
Leeds North East,4.3
Leeds North West,2.0
Leeds South,7.5
Leeds South West and Morley,3.0
Leeds West and Pudsey,4.6
Normanton and Hemsworth,2.9000000000000004
Ossett and Denby Dale,2.7
Penistone and Stocksbridge,2.3
"Pontefract, Castleford and Knottingley",3.3000000000000003
Rawmarsh and Conisbrough,3.4000000000000004
Richmond and Northallerton,1.7999999999999998
Rother Valley,2.7
Rotherham,4.8
Scarborough and Whitby,2.7
Scunthorpe,4.0
Selby,2.0
Sheffield Brightside and Hillsborough,6.5
Sheffield Central,3.5000000000000004
Sheffield Hallam,1.7000000000000002
Sheffield Heeley,5.4
Sheffield South East,4.7
Shipley,3.1
Skipton and Ripon,1.6
Spen Valley,3.5000000000000004
Thirsk and Malton,1.7000000000000002
Wakefield and Rothwell,4.2
Wetherby and Easingwold,1.4000000000000001
York Central,2.0
York Outer,1.3
Basildon and Billericay,3.9
Bedford,5.6000000000000005
Braintree,2.4
Brentwood and Ongar,2.5
Broadland and Fakenham,2.0
Broxbourne,3.2
Bury St Edmunds and Stowmarket,2.3
Cambridge,2.1
Castle Point,2.5
Central Suffolk and North Ipswich,1.9
Chelmsford,2.9000000000000004
Clacton,4.3999999999999995
Colchester,3.4000000000000004
Dunstable and Leighton Buzzard,3.1
Ely and East Cambridgeshire,2.1
Epping Forest,3.1
Great Yarmouth,4.5
Harlow,4.0
Harpenden and Berkhamsted,1.7000000000000002
Harwich and North Essex,2.8000000000000003
Hemel Hempstead,3.6999999999999997
Hertford and Stortford,1.9
Hertsmere,3.4000000000000004
Hitchin,2.0
Huntingdon,2.1999999999999997
Ipswich,4.2
Lowestoft,4.1000000000000005
Luton North,5.800000000000001
Luton South and South Bedfordshire,6.9
Maldon,2.1999999999999997
Mid Bedfordshire,2.0
Mid Norfolk,2.1
North Bedfordshire,2.5
North East Cambridgeshire,3.5000000000000004
North East Hertfordshire,2.1
North Norfolk,2.6
North West Cambridgeshire,3.4000000000000004
North West Essex,1.9
North West Norfolk,3.0
Norwich North,3.3000000000000003
Norwich South,3.6999999999999997
Peterborough,6.3
Rayleigh and Wickford,2.0
South Basildon and East Thurrock,3.5999999999999996
South Cambridgeshire,1.7000000000000002
South Norfolk,2.1
South Suffolk,2.3
South West Hertfordshire,2.5
South West Norfolk,2.5
Southend East and Rochford,5.2
Southend West and Leigh,3.2
St Albans,2.6
St Neots and Mid Cambridgeshire,2.1
Stevenage,3.1
Suffolk Coastal,2.1
Thurrock,4.6
Watford,4.1000000000000005
Waveney Valley,2.3
Welwyn Hatfield,2.9000000000000004
West Suffolk,2.3
Witham,2.4
Amber Valley,2.8000000000000003
Ashfield,3.6999999999999997
Bassetlaw,3.2
Bolsover,2.7
Boston and Skegness,4.3
Broxtowe,2.8000000000000003
Chesterfield,3.3000000000000003
Corby and East Northamptonshire,2.9000000000000004
Daventry,2.3
Derby North,4.1000000000000005
Derby South,6.2
Derbyshire Dales,1.7999999999999998
Erewash,3.5000000000000004
Gainsborough,2.9000000000000004
Gedling,3.2
Grantham and Bourne,3.0
"Harborough, Oadby and Wigston",2.4
High Peak,2.4
Hinckley and Bosworth,2.4
Kettering,3.0
Leicester East,4.6
Leicester South,5.4
Leicester West,5.4
Lincoln,3.5000000000000004
Loughborough,2.5
Louth and Horncastle,2.6
Mansfield,3.9
Melton and Syston,2.6
Mid Derbyshire,1.9
Mid Leicestershire,2.1
Newark,2.5
North East Derbyshire,2.4
North West Leicestershire,2.1
Northampton North,5.0
Northampton South,3.0
Nottingham East,6.7
Nottingham North and Kimberley,6.0
Nottingham South,4.2
Rushcliffe,1.9
Rutland and Stamford,2.0
Sherwood Forest,2.8000000000000003
Sleaford and North Hykeham,2.0
South Derbyshire,2.3
South Holland and The Deepings,2.8000000000000003
South Leicestershire,1.7999999999999998
South Northamptonshire,1.7999999999999998
Wellingborough and Rushden,3.5999999999999996
Barking,7.5
Battersea,3.5000000000000004
Beckenham and Penge,3.5999999999999996
Bermondsey and Old Southwark,4.6
Bethnal Green and Stepney,7.199999999999999
Bexleyheath and Crayford,3.2
Brent East,8.9
Brent West,5.3
Brentford and Isleworth,4.9
Bromley and Biggin Hill,3.1
Carshalton and Wallington,3.6999999999999997
Chelsea and Fulham,3.5000000000000004
Chingford and Woodford Green,4.8
Chipping Barnet,3.8
Cities of London and Westminster,3.1
Clapham and Brixton Hill,5.4
Croydon East,5.6000000000000005
Croydon South,4.1000000000000005
Croydon West,7.8
Dagenham and Rainham,6.4
Dulwich and West Norwood,6.2
Ealing Central and Acton,5.6000000000000005
Ealing North,7.199999999999999
Ealing Southall,6.4
East Ham,8.3
Edmonton and Winchmore Hill,8.0
Eltham and Chislehurst,4.6
Enfield North,7.1
Erith and Thamesmead,6.2
Feltham and Heston,5.4
Finchley and Golders Green,5.1
Greenwich and Woolwich,5.2
Hackney North and Stoke Newington,7.3999999999999995
Hackney South and Shoreditch,6.6000000000000005
Hammersmith and Chiswick,4.7
Hampstead and Highgate,4.0
Harrow East,4.3999999999999995
Harrow West,5.2
Hayes and Harlington,5.800000000000001
Hendon,5.6000000000000005
Holborn and St Pancras,5.0
Hornchurch and Upminster,3.8
Hornsey and Friern Barnet,4.7
Ilford North,5.4
Ilford South,7.199999999999999
Islington North,5.8999999999999995
Islington South and Finsbury,5.3
Kensington and Bayswater,3.5999999999999996
Kingston and Surbiton,3.3000000000000003
Lewisham East,7.3
Lewisham North,6.5
Lewisham West and East Dulwich,5.7
Leyton and Wanstead,6.0
Mitcham and Morden,5.800000000000001
Old Bexley and Sidcup,2.4
Orpington,3.4000000000000004
Peckham,6.6000000000000005
Poplar and Limehouse,6.0
Putney,4.3
Queen's Park and Maida Vale,6.800000000000001
Richmond Park,2.5
Romford,4.5
"Ruislip, Northwood and Pinner",3.0
Southgate and Wood Green,6.6000000000000005
Stratford and Bow,6.3
Streatham and Croydon North,6.9
Sutton and Cheam,2.9000000000000004
Tooting,3.9
Tottenham,8.799999999999999
Twickenham,2.6
Uxbridge and South Ruislip,4.3999999999999995
Vauxhall and Camberwell Green,6.2
Walthamstow,6.9
West Ham and Beckton,7.7
Wimbledon,2.8000000000000003
Bishop Auckland,3.1
Blaydon and Consett,2.9000000000000004
Blyth and Ashington,3.8
City of Durham,2.3
Cramlington and Killingworth,2.6
Darlington,3.5999999999999996
Easington,4.0
Gateshead Central and Whickham,4.0
Hartlepool,4.3
Hexham,2.0
Houghton and Sunderland South,3.5000000000000004
Jarrow and Gateshead East,4.3999999999999995
Middlesbrough South and East Cleveland,3.2
Middlesbrough and Thornaby East,5.5
Newcastle upon Tyne Central and West,5.0
Newcastle upon Tyne East and Wallsend,4.1000000000000005
Newcastle upon Tyne North,1.9
Newton Aycliffe and Spennymoor,3.1
North Durham,3.0
North Northumberland,2.4
Redcar,3.8
South Shields,5.0
Stockton North,4.8
Stockton West,1.9
Sunderland Central,4.0
Tynemouth,3.1
Washington and Gateshead South,3.5000000000000004
Altrincham and Sale West,1.9
Ashton-under-Lyne,5.4
Barrow and Furness,2.3
Birkenhead,4.6
Blackburn,5.8999999999999995
Blackley and Middleton South,6.800000000000001
Blackpool North and Fleetwood,3.2
Blackpool South,6.1
Bolton North East,5.4
Bolton South and Walkden,6.2
Bolton West,3.4000000000000004
Bootle,5.3
Burnley,5.6000000000000005
Bury North,4.3999999999999995
Bury South,3.9
Carlisle,2.1999999999999997
Cheadle,1.9
Chester North and Neston,2.7
Chester South and Eddisbury,1.7000000000000002
Chorley,2.4
Congleton,1.7000000000000002
Crewe and Nantwich,2.9000000000000004
Ellesmere Port and Bromborough,3.0
Fylde,2.5
Gorton and Denton,7.199999999999999
Hazel Grove,2.6
Heywood and Middleton North,5.1
Hyndburn,5.1
Knowsley,4.5
Lancaster and Wyre,2.3
Leigh and Atherton,3.6999999999999997
Liverpool Garston,3.5999999999999996
Liverpool Riverside,5.7
Liverpool Walton,5.6000000000000005
Liverpool Wavertree,5.7
Liverpool West Derby,5.3
Macclesfield,2.3
Makerfield,2.8000000000000003
Manchester Central,4.7
Manchester Rusholme,6.1
Manchester Withington,3.5999999999999996
Mid Cheshire,2.5
Morecambe and Lunesdale,2.8000000000000003
Oldham East and Saddleworth,6.1
"Oldham West, Chadderton and Royton",6.9
Pendle and Clitheroe,4.3999999999999995
Penrith and Solway,1.9
Preston,5.3
Ribble Valley,2.0
Rochdale,6.800000000000001
Rossendale and Darwen,3.3000000000000003
Runcorn and Helsby,3.6999999999999997
Salford,5.0
Sefton Central,2.1
South Ribble,2.1
Southport,3.0
St Helens North,3.3000000000000003
St Helens South and Whiston,4.1000000000000005
Stalybridge and Hyde,4.1000000000000005
Stockport,4.0
Stretford and Urmston,4.1000000000000005
Tatton,1.7999999999999998
Wallasey,3.8
Warrington North,3.0
Warrington South,2.3
West Lancashire,2.8000000000000003
Westmorland and Lonsdale,1.3
Whitehaven and Workington,2.8000000000000003
Widnes and Halewood,3.6999999999999997
Wigan,4.0
Wirral West,1.7999999999999998
Worsley and Eccles,3.9
Wythenshawe and Sale East,4.1000000000000005
Belfast East,3.0
Belfast North,4.7
Belfast South and Mid Down,2.4
Belfast West,4.8
East Antrim,2.6
East Londonderry,3.3000000000000003
Fermanagh and South Tyrone,2.6
Foyle,5.2
Lagan Valley,2.1
Mid Ulster,2.0
Newry and Armagh,3.3000000000000003
North Antrim,2.9000000000000004
North Down,2.4
South Antrim,2.0
South Down,2.4
Strangford,2.9000000000000004
Upper Bann,3.0
West Tyrone,2.7
Aberdeen North,4.0
Aberdeen South,2.8000000000000003
Aberdeenshire North and Moray East,2.6
Airdrie and Shotts,2.9000000000000004
Alloa and Grangemouth,2.8000000000000003
Angus and Perthshire Glens,2.5
Arbroath and Broughty Ferry,2.9000000000000004
"Argyll, Bute and South Lochaber",2.3
"Ayr, Carrick and Cumnock",3.6999999999999997
Bathgate and Linlithgow,2.5
"Berwickshire, Roxburgh and Selkirk",2.8000000000000003
"Caithness, Sutherland and Easter Ross",2.0
Central Ayrshire,3.1
Coatbridge and Bellshill,2.9000000000000004
Cowdenbeath and Kirkcaldy,3.9
Cumbernauld and Kirkintilloch,2.6
Dumfries and Galloway,2.7
"Dumfriesshire, Clydesdale and Tweeddale",2.4
Dundee Central,4.1000000000000005
Dunfermline and Dollar,2.4
East Kilbride and Strathaven,1.9
East Renfrewshire,1.7000000000000002
Edinburgh East and Musselburgh,2.7
Edinburgh North and Leith,3.2
Edinburgh South,1.7999999999999998
Edinburgh South West,2.7
Edinburgh West,2.1
Falkirk,2.9000000000000004
Glasgow East,5.6000000000000005
Glasgow North,5.1
Glasgow North East,5.1
Glasgow South,4.0
Glasgow South West,4.5
Glasgow West,4.2
Glenrothes and Mid Fife,3.8
Gordon and Buchan,1.6
Hamilton and Clyde Valley,3.0
Inverclyde and Renfrewshire West,3.0
"Inverness, Skye and West Ross-shire",2.3
Kilmarnock and Loudoun,3.5999999999999996
Livingston,2.5
Lothian East,2.1
Mid Dunbartonshire,1.5
Midlothian,2.3
"Moray West, Nairn and Strathspey",2.1
"Motherwell, Wishaw and Carluke",2.9000000000000004
Na h-Eileanan an Iar,2.0
North Ayrshire and Arran,3.8
North East Fife,2.1
Orkney and Shetland,1.5
Paisley and Renfrewshire North,2.9000000000000004
Paisley and Renfrewshire South,2.9000000000000004
Perth and Kinross-shire,2.4
Rutherglen,2.8000000000000003
Stirling and Strathallan,2.1
West Aberdeenshire and Kincardine,1.4000000000000001
West Dunbartonshire,3.5999999999999996
Aldershot,2.8000000000000003
Arundel and South Downs,2.1999999999999997
Ashford,3.0
Aylesbury,3.9
Banbury,2.7
Basingstoke,3.0
Beaconsfield,2.5
Bexhill and Battle,3.0
Bicester and Woodstock,1.9
Bognor Regis and Littlehampton,4.1000000000000005
Bracknell,2.9000000000000004
Brighton Kemptown and Peacehaven,4.6
Brighton Pavilion,3.9
Buckingham and Bletchley,3.4000000000000004
Canterbury,3.2
Chatham and Aylesford,3.9
Chesham and Amersham,2.1999999999999997
Chichester,3.5000000000000004
Crawley,4.3999999999999995
Dartford,3.1
Didcot and Wantage,2.0
Dorking and Horley,1.9
Dover and Deal,3.5000000000000004
Earley and Woodley,2.6
East Grinstead and Uckfield,2.1
East Hampshire,2.0
East Surrey,2.5
East Thanet,5.6000000000000005
East Worthing and Shoreham,2.8000000000000003
Eastbourne,4.7
Eastleigh,2.1999999999999997
Epsom and Ewell,2.0
Esher and Walton,2.4
Fareham and Waterlooville,2.4
Farnham and Bordon,2.0
Faversham and Mid Kent,2.9000000000000004
Folkestone and Hythe,4.2
Gillingham and Rainham,3.9
Godalming and Ash,1.9
Gosport,3.1
Gravesham,4.1000000000000005
Guildford,1.9
Hamble Valley,1.9
Hastings and Rye,4.7
Havant,3.6999999999999997
Henley and Thame,1.7000000000000002
Herne Bay and Sandwich,3.4000000000000004
Horsham,1.7999999999999998
Hove and Portslade,3.9
Isle of Wight East,4.5
Isle of Wight West,3.1
Lewes,3.1
Maidenhead,2.1999999999999997
Maidstone and Malling,3.3000000000000003
Mid Buckinghamshire,1.6
Mid Sussex,1.7000000000000002
Milton Keynes Central,4.2
Milton Keynes North,3.5999999999999996
New Forest East,2.3
New Forest West,2.4
Newbury,2.4
North East Hampshire,1.5
North West Hampshire,2.0
Oxford East,3.0
Oxford West and Abingdon,1.6
Portsmouth North,3.6999999999999997
Portsmouth South,5.2
Reading Central,4.2
Reading West and Mid Berkshire,2.8000000000000003
Reigate,1.7999999999999998
Rochester and Strood,3.9
Romsey and Southampton North,2.1
Runnymede and Weybridge,2.4
Sevenoaks,2.1
Sittingbourne and Sheppey,3.6999999999999997
Slough,5.800000000000001
Southampton Itchen,3.8
Southampton Test,4.3999999999999995
Spelthorne,3.3000000000000003
Surrey Heath,2.1999999999999997
Sussex Weald,2.1999999999999997
Tonbridge,2.3
Tunbridge Wells,2.4
Weald of Kent,2.4
Winchester,1.9
Windsor,2.8000000000000003
Witney,1.9
Woking,2.6
Wokingham,1.7999999999999998
Worthing West,3.1
Wycombe,4.5
Bath,1.9
Bournemouth East,3.9
Bournemouth West,3.6999999999999997
Bridgwater,2.8000000000000003
Bristol Central,2.5
Bristol East,4.3999999999999995
Bristol North East,3.8
Bristol North West,3.0
Bristol South,3.9
Camborne and Redruth,3.2
Central Devon,2.1999999999999997
Cheltenham,2.7
Chippenham,2.1
Christchurch,2.1999999999999997
East Wiltshire,2.1
Exeter,2.3
Exmouth and Exeter East,1.9
Filton and Bradley Stoke,1.7000000000000002
Forest of Dean,2.6
Frome and East Somerset,2.4
Glastonbury and Somerton,2.3
Gloucester,3.6999999999999997
Honiton and Sidmouth,2.0
Melksham and Devizes,2.3
Mid Dorset and North Poole,2.1
Newton Abbot,2.1999999999999997
North Cornwall,3.1
North Cotswolds,1.9
North Devon,2.8000000000000003
North Dorset,2.1
North East Somerset and Hanham,1.7000000000000002
North Somerset,1.7000000000000002
Plymouth Moor View,3.2
Plymouth Sutton and Devonport,4.2
Poole,2.8000000000000003
Salisbury,2.3
South Cotswolds,1.9
South Devon,2.5
South Dorset,2.6
South East Cornwall,2.7
South West Devon,1.6
South West Wiltshire,2.5
St Austell and Newquay,3.1
St Ives,3.1
Stroud,2.1
Swindon North,2.8000000000000003
Swindon South,3.5999999999999996
Taunton and Wellington,2.3
Tewkesbury,2.1999999999999997
Thornbury and Yate,2.1
Tiverton and Minehead,2.4
Torbay,3.4000000000000004
Torridge and Tavistock,2.4
Truro and Falmouth,2.5
Wells and Mendip Hills,2.1999999999999997
West Dorset,2.1999999999999997
Weston-super-Mare,3.2
Yeovil,2.6
Aberafan Maesteg,3.5000000000000004
Alyn and Deeside,2.8000000000000003
Bangor Aberconwy,2.9000000000000004
Blaenau Gwent and Rhymney,4.0
"Brecon, Radnor and Cwm Tawe",2.7
Bridgend,2.5
Caerfyrddin,2.7
Caerphilly,3.3000000000000003
Cardiff East,4.3999999999999995
Cardiff North,2.1
Cardiff South and Penarth,3.5000000000000004
Cardiff West,3.8
Ceredigion Preseli,2.6
Clwyd East,2.6
Clwyd North,4.3
Dwyfor Meirionnydd,2.7
Gower,2.1999999999999997
Llanelli,3.0
Merthyr Tydfil and Aberdare,3.3000000000000003
Mid and South Pembrokeshire,3.3000000000000003
Monmouthshire,2.1999999999999997
Montgomeryshire and Glyndwr,2.6
Neath and Swansea East,2.7
Newport East,4.9
Newport West and Islwyn,2.9000000000000004
Pontypridd,2.6
Rhondda and Ogmore,3.5000000000000004
Swansea West,4.0
Torfaen,3.5999999999999996
Vale of Glamorgan,3.5000000000000004
Wrexham,2.8000000000000003
Ynys Mon,3.4000000000000004
Aldridge-Brownhills,2.8000000000000003
Birmingham Edgbaston,9.0
Birmingham Erdington,10.2
Birmingham Hall Green and Moseley,10.7
Birmingham Hodge Hill and Solihull North,9.9
Birmingham Ladywood,12.1
Birmingham Northfield,7.3999999999999995
Birmingham Perry Barr,14.399999999999999
Birmingham Selly Oak,6.2
Birmingham Yardley,10.9
Bromsgrove,2.6
Burton and Uttoxeter,3.4000000000000004
Cannock Chase,3.0
Coventry East,6.7
Coventry North West,5.0
Coventry South,4.7
Droitwich and Evesham,2.5
Dudley,5.6000000000000005
Halesowen,4.3
Hereford and South Herefordshire,2.7
Kenilworth and Southam,1.7000000000000002
Kingswinford and South Staffordshire,2.5
Lichfield,2.1999999999999997
Meriden and Solihull East,3.9
Newcastle-under-Lyme,2.9000000000000004
North Herefordshire,2.3
North Shropshire,2.5
North Warwickshire and Bedworth,3.1
Nuneaton,4.0
Redditch,3.5000000000000004
Rugby,2.7
Shrewsbury,2.4
Smethwick,7.199999999999999
Solihull West and Shirley,2.8000000000000003
South Shropshire,2.1
Stafford,2.7
Staffordshire Moorlands,2.1
Stoke-on-Trent Central,5.800000000000001
Stoke-on-Trent North,4.9
Stoke-on-Trent South,3.3000000000000003
"Stone, Great Wyrley and Penkridge",2.1999999999999997
Stourbridge,4.6
Stratford-on-Avon,2.1999999999999997
Sutton Coldfield,2.8000000000000003
Tamworth,2.9000000000000004
Telford,4.2
The Wrekin,2.7
Tipton and Wednesbury,6.2
Walsall and Bloxwich,7.5
Warwick and Leamington,2.6
West Bromwich,6.2
West Worcestershire,2.3
Wolverhampton North East,6.1
Wolverhampton South East,6.800000000000001
Wolverhampton West,6.4
Worcester,3.3000000000000003
Wyre Forest,3.1
Barnsley North,3.0
Barnsley South,3.5000000000000004
Beverley and Holderness,2.1
Bradford East,9.0
Bradford South,6.6000000000000005
Bradford West,9.6
Bridlington and The Wolds,2.9000000000000004
Brigg and Immingham,2.1999999999999997
Calder Valley,2.7
Colne Valley,2.5
Dewsbury and Batley,6.4
Doncaster Central,4.9
Doncaster East and the Isle of Axholme,2.6
Doncaster North,3.8
Goole and Pocklington,1.7999999999999998
Great Grimsby and Cleethorpes,4.9
Halifax,5.2
Harrogate and Knaresborough,1.7999999999999998
Huddersfield,5.800000000000001
Keighley and Ilkley,4.0
Kingston upon Hull East,5.1
Kingston upon Hull North and Cottingham,4.7
Kingston upon Hull West and Haltemprice,4.1000000000000005
Leeds Central and Headingley,3.4000000000000004
Leeds East,6.2
Leeds North East,4.3
Leeds North West,2.0
Leeds South,7.3999999999999995
Leeds South West and Morley,2.9000000000000004
Leeds West and Pudsey,4.6
Normanton and Hemsworth,2.9000000000000004
Ossett and Denby Dale,2.7
Penistone and Stocksbridge,2.1999999999999997
"Pontefract, Castleford and Knottingley",3.2
Rawmarsh and Conisbrough,3.3000000000000003
Richmond and Northallerton,1.7000000000000002
Rother Valley,2.7
Rotherham,4.7
Scarborough and Whitby,2.8000000000000003
Scunthorpe,4.1000000000000005
Selby,2.0
Sheffield Brightside and Hillsborough,6.4
Sheffield Central,3.5000000000000004
Sheffield Hallam,1.7000000000000002
Sheffield Heeley,5.3
Sheffield South East,4.6
Shipley,3.0
Skipton and Ripon,1.6
Spen Valley,3.4000000000000004
Thirsk and Malton,1.7999999999999998
Wakefield and Rothwell,4.1000000000000005
Wetherby and Easingwold,1.4000000000000001
York Central,2.0
York Outer,1.4000000000000001
Basildon and Billericay,3.9
Bedford,5.6000000000000005
Braintree,2.4
Brentwood and Ongar,2.5
Broadland and Fakenham,2.0
Broxbourne,3.2
Bury St Edmunds and Stowmarket,2.3
Cambridge,2.1
Castle Point,2.4
Central Suffolk and North Ipswich,2.0
Chelmsford,2.8000000000000003
Clacton,4.5
Colchester,3.5000000000000004
Dunstable and Leighton Buzzard,3.1
Ely and East Cambridgeshire,2.1
Epping Forest,3.0
Great Yarmouth,4.7
Harlow,3.9
Harpenden and Berkhamsted,1.7000000000000002
Harwich and North Essex,2.8000000000000003
Hemel Hempstead,3.6999999999999997
Hertford and Stortford,1.9
Hertsmere,3.3000000000000003
Hitchin,2.0
Huntingdon,2.1999999999999997
Ipswich,4.3
Lowestoft,4.1000000000000005
Luton North,5.6000000000000005
Luton South and South Bedfordshire,6.7
Maldon,2.1999999999999997
Mid Bedfordshire,1.9
Mid Norfolk,2.0
North Bedfordshire,2.5
North East Cambridgeshire,3.5999999999999996
North East Hertfordshire,2.1
North Norfolk,2.6
North West Cambridgeshire,3.3000000000000003
North West Essex,2.0
North West Norfolk,3.1
Norwich North,3.3000000000000003
Norwich South,3.6999999999999997
Peterborough,6.2
Rayleigh and Wickford,1.9
South Basildon and East Thurrock,3.6999999999999997
South Cambridgeshire,1.7000000000000002
South Norfolk,2.1
South Suffolk,2.3
South West Hertfordshire,2.6
South West Norfolk,2.5
Southend East and Rochford,5.1
Southend West and Leigh,3.2
St Albans,2.6
St Neots and Mid Cambridgeshire,2.1
Stevenage,3.1
Suffolk Coastal,2.1
Thurrock,4.5
Watford,4.1000000000000005
Waveney Valley,2.4
Welwyn Hatfield,2.9000000000000004
West Suffolk,2.3
Witham,2.4
Amber Valley,2.8000000000000003
Ashfield,3.6999999999999997
Bassetlaw,3.2
Bolsover,2.7
Boston and Skegness,4.5
Broxtowe,2.9000000000000004
Chesterfield,3.3000000000000003
Corby and East Northamptonshire,2.8000000000000003
Daventry,2.3
Derby North,4.1000000000000005
Derby South,6.4
Derbyshire Dales,1.7999999999999998
Erewash,3.4000000000000004
Gainsborough,2.9000000000000004
Gedling,3.2
Grantham and Bourne,3.1
"Harborough, Oadby and Wigston",2.4
High Peak,2.3
Hinckley and Bosworth,2.4
Kettering,3.0
Leicester East,4.3999999999999995
Leicester South,5.4
Leicester West,5.4
Lincoln,3.5000000000000004
Loughborough,2.4
Louth and Horncastle,2.6
Mansfield,3.8
Melton and Syston,2.6
Mid Derbyshire,1.7999999999999998
Mid Leicestershire,2.0
Newark,2.6
North East Derbyshire,2.4
North West Leicestershire,2.0
Northampton North,4.8
Northampton South,3.0
Nottingham East,6.7
Nottingham North and Kimberley,5.8999999999999995
Nottingham South,4.2
Rushcliffe,1.9
Rutland and Stamford,1.9
Sherwood Forest,2.8000000000000003
Sleaford and North Hykeham,2.1
South Derbyshire,2.3
South Holland and The Deepings,2.8000000000000003
South Leicestershire,1.7999999999999998
South Northamptonshire,1.7999999999999998
Wellingborough and Rushden,3.5999999999999996
Barking,7.3999999999999995
Battersea,3.5000000000000004
Beckenham and Penge,3.5999999999999996
Bermondsey and Old Southwark,4.7
Bethnal Green and Stepney,7.199999999999999
Bexleyheath and Crayford,3.2
Brent East,8.799999999999999
Brent West,5.2
Brentford and Isleworth,4.8
Bromley and Biggin Hill,3.1
Carshalton and Wallington,3.8
Chelsea and Fulham,3.4000000000000004
Chingford and Woodford Green,4.8
Chipping Barnet,3.9
Cities of London and Westminster,3.0
Clapham and Brixton Hill,5.3
Croydon East,5.6000000000000005
Croydon South,4.0
Croydon West,7.7
Dagenham and Rainham,6.3
Dulwich and West Norwood,6.2
Ealing Central and Acton,5.5
Ealing North,7.1
Ealing Southall,6.5
East Ham,8.1
Edmonton and Winchmore Hill,7.9
Eltham and Chislehurst,4.6
Enfield North,6.9
Erith and Thamesmead,6.2
Feltham and Heston,5.3
Finchley and Golders Green,5.0
Greenwich and Woolwich,5.2
Hackney North and Stoke Newington,7.3
Hackney South and Shoreditch,6.5
Hammersmith and Chiswick,4.7
Hampstead and Highgate,4.0
Harrow East,4.3999999999999995
Harrow West,5.2
Hayes and Harlington,5.800000000000001
Hendon,5.6000000000000005
Holborn and St Pancras,4.9
Hornchurch and Upminster,3.8
Hornsey and Friern Barnet,4.7
Ilford North,5.3
Ilford South,7.199999999999999
Islington North,5.7
Islington South and Finsbury,5.3
Kensington and Bayswater,3.5999999999999996
Kingston and Surbiton,3.3000000000000003
Lewisham East,7.199999999999999
Lewisham North,6.4
Lewisham West and East Dulwich,5.7
Leyton and Wanstead,6.0
Mitcham and Morden,5.800000000000001
Old Bexley and Sidcup,2.3
Orpington,3.4000000000000004
Peckham,6.5
Poplar and Limehouse,5.8999999999999995
Putney,4.3
Queen's Park and Maida Vale,6.800000000000001
Richmond Park,2.5
Romford,4.5
"Ruislip, Northwood and Pinner",3.0
Southgate and Wood Green,6.5
Stratford and Bow,6.2
Streatham and Croydon North,6.800000000000001
Sutton and Cheam,2.9000000000000004
Tooting,3.9
Tottenham,8.799999999999999
Twickenham,2.5
Uxbridge and South Ruislip,4.3999999999999995
Vauxhall and Camberwell Green,6.1
Walthamstow,6.9
West Ham and Beckton,7.6
Wimbledon,2.8000000000000003
Bishop Auckland,3.2
Blaydon and Consett,2.9000000000000004
Blyth and Ashington,3.6999999999999997
City of Durham,2.1999999999999997
Cramlington and Killingworth,2.7
Darlington,3.5999999999999996
Easington,4.0
Gateshead Central and Whickham,4.0
Hartlepool,4.3
Hexham,2.0
Houghton and Sunderland South,3.4000000000000004
Jarrow and Gateshead East,4.3
Middlesbrough South and East Cleveland,3.2
Middlesbrough and Thornaby East,5.4
Newcastle upon Tyne Central and West,5.1
Newcastle upon Tyne East and Wallsend,4.1000000000000005
Newcastle upon Tyne North,1.9
Newton Aycliffe and Spennymoor,3.0
North Durham,3.0
North Northumberland,2.5
Redcar,3.8
South Shields,5.0
Stockton North,4.7
Stockton West,1.9
Sunderland Central,3.9
Tynemouth,3.1
Washington and Gateshead South,3.5000000000000004
Altrincham and Sale West,1.9
Ashton-under-Lyne,5.3
Barrow and Furness,2.3
Birkenhead,4.5
Blackburn,5.800000000000001
Blackley and Middleton South,6.7
Blackpool North and Fleetwood,3.3000000000000003
Blackpool South,6.0
Bolton North East,5.4
Bolton South and Walkden,6.1
Bolton West,3.4000000000000004
Bootle,5.2
Burnley,5.5
Bury North,4.3
Bury South,3.9
Carlisle,2.3
Cheadle,1.9
Chester North and Neston,2.7
Chester South and Eddisbury,1.7000000000000002
Chorley,2.4
Congleton,1.7999999999999998
Crewe and Nantwich,2.9000000000000004
Ellesmere Port and Bromborough,2.9000000000000004
Fylde,2.6
Gorton and Denton,7.199999999999999
Hazel Grove,2.7
Heywood and Middleton North,5.0
Hyndburn,5.2
Knowsley,4.3999999999999995
Lancaster and Wyre,2.1999999999999997
Leigh and Atherton,3.6999999999999997
Liverpool Garston,3.5000000000000004
Liverpool Riverside,5.7
Liverpool Walton,5.5
Liverpool Wavertree,5.7
Liverpool West Derby,5.3
Macclesfield,2.3
Makerfield,2.8000000000000003
Manchester Central,4.6
Manchester Rusholme,6.0
Manchester Withington,3.5999999999999996
Mid Cheshire,2.5
Morecambe and Lunesdale,2.8000000000000003
Oldham East and Saddleworth,6.1
"Oldham West, Chadderton and Royton",6.800000000000001
Pendle and Clitheroe,4.3999999999999995
Penrith and Solway,1.9
Preston,5.2
Ribble Valley,2.0
Rochdale,6.6000000000000005
Rossendale and Darwen,3.3000000000000003
Runcorn and Helsby,3.5999999999999996
Salford,4.9
Sefton Central,2.1999999999999997
South Ribble,2.1
Southport,3.0
St Helens North,3.4000000000000004
St Helens South and Whiston,4.0
Stalybridge and Hyde,4.1000000000000005
Stockport,4.0
Stretford and Urmston,4.0
Tatton,1.7999999999999998
Wallasey,3.9
Warrington North,3.0
Warrington South,2.1999999999999997
West Lancashire,2.8000000000000003
Westmorland and Lonsdale,1.3
Whitehaven and Workington,2.7
Widnes and Halewood,3.5999999999999996
Wigan,4.0
Wirral West,1.7000000000000002
Worsley and Eccles,3.8
Wythenshawe and Sale East,4.0
Belfast East,2.9000000000000004
Belfast North,4.6
Belfast South and Mid Down,2.3
Belfast West,4.5
East Antrim,2.5
East Londonderry,3.2
Fermanagh and South Tyrone,2.5
Foyle,5.0
Lagan Valley,1.9
Mid Ulster,1.9
Newry and Armagh,3.2
North Antrim,2.8000000000000003
North Down,2.3
South Antrim,1.9
South Down,2.1999999999999997
Strangford,2.8000000000000003
Upper Bann,2.8000000000000003
West Tyrone,2.7
Aberdeen North,4.0
Aberdeen South,2.8000000000000003
Aberdeenshire North and Moray East,2.6
Airdrie and Shotts,2.9000000000000004
Alloa and Grangemouth,2.8000000000000003
Angus and Perthshire Glens,2.5
Arbroath and Broughty Ferry,2.9000000000000004
"Argyll, Bute and South Lochaber",2.4
"Ayr, Carrick and Cumnock",3.5999999999999996
Bathgate and Linlithgow,2.5
"Berwickshire, Roxburgh and Selkirk",2.8000000000000003
"Caithness, Sutherland and Easter Ross",2.0
Central Ayrshire,3.1
Coatbridge and Bellshill,2.8000000000000003
Cowdenbeath and Kirkcaldy,3.8
Cumbernauld and Kirkintilloch,2.6
Dumfries and Galloway,2.7
"Dumfriesshire, Clydesdale and Tweeddale",2.4
Dundee Central,4.0
Dunfermline and Dollar,2.3
East Kilbride and Strathaven,1.9
East Renfrewshire,1.6
Edinburgh East and Musselburgh,2.8000000000000003
Edinburgh North and Leith,3.2
Edinburgh South,1.7999999999999998
Edinburgh South West,2.8000000000000003
Edinburgh West,2.0
Falkirk,2.9000000000000004
Glasgow East,5.6000000000000005
Glasgow North,5.1
Glasgow North East,5.0
Glasgow South,3.9
Glasgow South West,4.3999999999999995
Glasgow West,4.0
Glenrothes and Mid Fife,3.8
Gordon and Buchan,1.6
Hamilton and Clyde Valley,2.9000000000000004
Inverclyde and Renfrewshire West,2.9000000000000004
"Inverness, Skye and West Ross-shire",2.3
Kilmarnock and Loudoun,3.4000000000000004
Livingston,2.4
Lothian East,2.0
Mid Dunbartonshire,1.5
Midlothian,2.3
"Moray West, Nairn and Strathspey",2.1
"Motherwell, Wishaw and Carluke",2.9000000000000004
Na h-Eileanan an Iar,1.9
North Ayrshire and Arran,3.9
North East Fife,2.0
Orkney and Shetland,1.5
Paisley and Renfrewshire North,2.9000000000000004
Paisley and Renfrewshire South,2.9000000000000004
Perth and Kinross-shire,2.4
Rutherglen,2.7
Stirling and Strathallan,2.1
West Aberdeenshire and Kincardine,1.5
West Dunbartonshire,3.5999999999999996
Aldershot,2.8000000000000003
Arundel and South Downs,2.1999999999999997
Ashford,3.0
Aylesbury,3.8
Banbury,2.7
Basingstoke,3.0
Beaconsfield,2.5
Bexhill and Battle,3.0
Bicester and Woodstock,1.9
Bognor Regis and Littlehampton,4.0
Bracknell,2.8000000000000003
Brighton Kemptown and Peacehaven,4.6
Brighton Pavilion,4.0
Buckingham and Bletchley,3.3000000000000003
Canterbury,3.2
Chatham and Aylesford,3.9
Chesham and Amersham,2.1999999999999997
Chichester,3.5000000000000004
Crawley,4.3999999999999995
Dartford,3.0
Didcot and Wantage,1.9
Dorking and Horley,1.9
Dover and Deal,3.5000000000000004
Earley and Woodley,2.6
East Grinstead and Uckfield,2.1
East Hampshire,2.0
East Surrey,2.5
East Thanet,5.6000000000000005
East Worthing and Shoreham,2.8000000000000003
Eastbourne,4.6
Eastleigh,2.1999999999999997
Epsom and Ewell,2.0
Esher and Walton,2.4
Fareham and Waterlooville,2.4
Farnham and Bordon,2.0
Faversham and Mid Kent,2.9000000000000004
Folkestone and Hythe,4.2
Gillingham and Rainham,3.9
Godalming and Ash,1.7999999999999998
Gosport,3.2
Gravesham,4.1000000000000005
Guildford,1.9
Hamble Valley,1.9
Hastings and Rye,4.7
Havant,3.5999999999999996
Henley and Thame,1.7000000000000002
Herne Bay and Sandwich,3.4000000000000004
Horsham,1.9
Hove and Portslade,4.0
Isle of Wight East,4.7
Isle of Wight West,3.1
Lewes,3.2
Maidenhead,2.1
Maidstone and Malling,3.3000000000000003
Mid Buckinghamshire,1.6
Mid Sussex,1.7000000000000002
Milton Keynes Central,4.0
Milton Keynes North,3.5999999999999996
New Forest East,2.4
New Forest West,2.4
Newbury,2.5
North East Hampshire,1.6
North West Hampshire,2.0
Oxford East,2.9000000000000004
Oxford West and Abingdon,1.6
Portsmouth North,3.6999999999999997
Portsmouth South,5.1
Reading Central,4.3
Reading West and Mid Berkshire,2.8000000000000003
Reigate,1.9
Rochester and Strood,3.8
Romsey and Southampton North,2.1
Runnymede and Weybridge,2.4
Sevenoaks,2.1
Sittingbourne and Sheppey,3.8
Slough,5.7
Southampton Itchen,3.9
Southampton Test,4.5
Spelthorne,3.4000000000000004
Surrey Heath,2.1999999999999997
Sussex Weald,2.3
Tonbridge,2.1999999999999997
Tunbridge Wells,2.4
Weald of Kent,2.4
Winchester,1.9
Windsor,2.8000000000000003
Witney,1.9
Woking,2.6
Wokingham,1.9
Worthing West,3.2
Wycombe,4.3999999999999995
Bath,1.9
Bournemouth East,3.9
Bournemouth West,3.6999999999999997
Bridgwater,2.9000000000000004
Bristol Central,2.5
Bristol East,4.3
Bristol North East,3.8
Bristol North West,3.0
Bristol South,4.0
Camborne and Redruth,3.4000000000000004
Central Devon,2.1
Cheltenham,2.6
Chippenham,2.1
Christchurch,2.1999999999999997
East Wiltshire,2.1
Exeter,2.3
Exmouth and Exeter East,1.9
Filton and Bradley Stoke,1.7000000000000002
Forest of Dean,2.6
Frome and East Somerset,2.4
Glastonbury and Somerton,2.1999999999999997
Gloucester,3.6999999999999997
Honiton and Sidmouth,2.0
Melksham and Devizes,2.3
Mid Dorset and North Poole,2.1
Newton Abbot,2.1999999999999997
North Cornwall,3.2
North Cotswolds,1.9
North Devon,2.9000000000000004
North Dorset,2.0
North East Somerset and Hanham,1.7000000000000002
North Somerset,1.6
Plymouth Moor View,3.2
Plymouth Sutton and Devonport,4.2
Poole,2.9000000000000004
Salisbury,2.1999999999999997
South Cotswolds,1.9
South Devon,2.6
South Dorset,2.5
South East Cornwall,2.7
South West Devon,1.6
South West Wiltshire,2.4
St Austell and Newquay,3.3000000000000003
St Ives,3.2
Stroud,2.1
Swindon North,2.8000000000000003
Swindon South,3.5999999999999996
Taunton and Wellington,2.3
Tewkesbury,2.3
Thornbury and Yate,2.1
Tiverton and Minehead,2.4
Torbay,3.5000000000000004
Torridge and Tavistock,2.5
Truro and Falmouth,2.5
Wells and Mendip Hills,2.1999999999999997
West Dorset,2.1999999999999997
Weston-super-Mare,3.2
Yeovil,2.6
Aberafan Maesteg,3.5000000000000004
Alyn and Deeside,2.7
Bangor Aberconwy,3.0
Blaenau Gwent and Rhymney,4.0
"Brecon, Radnor and Cwm Tawe",2.8000000000000003
Bridgend,2.4
Caerfyrddin,2.7
Caerphilly,3.3000000000000003
Cardiff East,4.3999999999999995
Cardiff North,2.1
Cardiff South and Penarth,3.4000000000000004
Cardiff West,3.8
Ceredigion Preseli,2.6
Clwyd East,2.6
Clwyd North,4.3
Dwyfor Meirionnydd,2.7
Gower,2.1
Llanelli,3.0
Merthyr Tydfil and Aberdare,3.3000000000000003
Mid and South Pembrokeshire,3.4000000000000004
Monmouthshire,2.3
Montgomeryshire and Glyndwr,2.6
Neath and Swansea East,2.6
Newport East,4.9
Newport West and Islwyn,2.9000000000000004
Pontypridd,2.6
Rhondda and Ogmore,3.4000000000000004
Swansea West,4.0
Torfaen,3.5000000000000004
Vale of Glamorgan,3.5999999999999996
Wrexham,2.8000000000000003
Ynys Mon,3.5000000000000004
Aldridge-Brownhills,2.8000000000000003
Birmingham Edgbaston,9.1
Birmingham Erdington,10.2
Birmingham Hall Green and Moseley,10.8
Birmingham Hodge Hill and Solihull North,9.8
Birmingham Ladywood,11.899999999999999
Birmingham Northfield,7.5
Birmingham Perry Barr,14.2
Birmingham Selly Oak,6.1
Birmingham Yardley,10.7
Bromsgrove,2.5
Burton and Uttoxeter,3.4000000000000004
Cannock Chase,3.0
Coventry East,6.6000000000000005
Coventry North West,4.9
Coventry South,4.6
Droitwich and Evesham,2.6
Dudley,5.7
Halesowen,4.2
Hereford and South Herefordshire,2.5
Kenilworth and Southam,1.7000000000000002
Kingswinford and South Staffordshire,2.5
Lichfield,2.1
Meriden and Solihull East,3.9
Newcastle-under-Lyme,2.9000000000000004
North Herefordshire,2.3
North Shropshire,2.4
North Warwickshire and Bedworth,3.0
Nuneaton,4.0
Redditch,3.4000000000000004
Rugby,2.6
Shrewsbury,2.3
Smethwick,7.1
Solihull West and Shirley,2.8000000000000003
South Shropshire,2.1
Stafford,2.7
Staffordshire Moorlands,2.1
Stoke-on-Trent Central,5.800000000000001
Stoke-on-Trent North,4.9
Stoke-on-Trent South,3.3000000000000003
"Stone, Great Wyrley and Penkridge",2.1
Stourbridge,4.6
Stratford-on-Avon,2.1999999999999997
Sutton Coldfield,2.8000000000000003
Tamworth,2.8000000000000003
Telford,4.1000000000000005
The Wrekin,2.7
Tipton and Wednesbury,6.1
Walsall and Bloxwich,7.3
Warwick and Leamington,2.5
West Bromwich,6.1
West Worcestershire,2.1999999999999997
Wolverhampton North East,6.1
Wolverhampton South East,6.6000000000000005
Wolverhampton West,6.4
Worcester,3.2
Wyre Forest,3.0
Barnsley North,3.0
Barnsley South,3.5000000000000004
Beverley and Holderness,2.1999999999999997
Bradford East,8.799999999999999
Bradford South,6.6000000000000005
Bradford West,9.4
Bridlington and The Wolds,3.0
Brigg and Immingham,2.1999999999999997
Calder Valley,2.7
Colne Valley,2.6
Dewsbury and Batley,6.3
Doncaster Central,4.8
Doncaster East and the Isle of Axholme,2.7
Doncaster North,3.8
Goole and Pocklington,1.7999999999999998
Great Grimsby and Cleethorpes,4.9
Halifax,5.2
Harrogate and Knaresborough,1.7999999999999998
Huddersfield,5.800000000000001
Keighley and Ilkley,3.9
Kingston upon Hull East,5.2
Kingston upon Hull North and Cottingham,4.7
Kingston upon Hull West and Haltemprice,4.1000000000000005
Leeds Central and Headingley,3.4000000000000004
Leeds East,6.1
Leeds North East,4.3
Leeds North West,2.0
Leeds South,7.3999999999999995
Leeds South West and Morley,3.0
Leeds West and Pudsey,4.6
Normanton and Hemsworth,2.9000000000000004
Ossett and Denby Dale,2.7
Penistone and Stocksbridge,2.1
"Pontefract, Castleford and Knottingley",3.2
Rawmarsh and Conisbrough,3.3000000000000003
Richmond and Northallerton,1.7999999999999998
Rother Valley,2.7
Rotherham,4.7
Scarborough and Whitby,2.8000000000000003
Scunthorpe,4.0
Selby,1.9
Sheffield Brightside and Hillsborough,6.2
Sheffield Central,3.4000000000000004
Sheffield Hallam,1.6
Sheffield Heeley,5.3
Sheffield South East,4.6
Shipley,3.0
Skipton and Ripon,1.6
Spen Valley,3.4000000000000004
Thirsk and Malton,1.7999999999999998
Wakefield and Rothwell,4.1000000000000005
Wetherby and Easingwold,1.3
York Central,2.0
York Outer,1.3
Basildon and Billericay,3.9
Bedford,5.4
Braintree,2.5
Brentwood and Ongar,2.6
Broadland and Fakenham,2.1
Broxbourne,3.3000000000000003
Bury St Edmunds and Stowmarket,2.3
Cambridge,2.1
Castle Point,2.5
Central Suffolk and North Ipswich,2.0
Chelmsford,2.9000000000000004
Clacton,4.7
Colchester,3.5999999999999996
Dunstable and Leighton Buzzard,3.1
Ely and East Cambridgeshire,2.1
Epping Forest,3.0
Great Yarmouth,4.9
Harlow,4.0
Harpenden and Berkhamsted,1.7999999999999998
Harwich and North Essex,2.8000000000000003
Hemel Hempstead,3.6999999999999997
Hertford and Stortford,1.9
Hertsmere,3.4000000000000004
Hitchin,2.1
Huntingdon,2.1999999999999997
Ipswich,4.3999999999999995
Lowestoft,4.1000000000000005
Luton North,5.6000000000000005
Luton South and South Bedfordshire,6.6000000000000005
Maldon,2.3
Mid Bedfordshire,2.0
Mid Norfolk,2.1
North Bedfordshire,2.5
North East Cambridgeshire,3.6999999999999997
North East Hertfordshire,2.1
North Norfolk,2.7
North West Cambridgeshire,3.3000000000000003
North West Essex,2.1
North West Norfolk,3.2
Norwich North,3.3000000000000003
Norwich South,3.6999999999999997
Peterborough,6.3
Rayleigh and Wickford,1.9
South Basildon and East Thurrock,3.8
South Cambridgeshire,1.7999999999999998
South Norfolk,2.1
South Suffolk,2.4
South West Hertfordshire,2.6
South West Norfolk,2.6
Southend East and Rochford,5.1
Southend West and Leigh,3.2
St Albans,2.6
St Neots and Mid Cambridgeshire,2.1
Stevenage,3.2
Suffolk Coastal,2.1
Thurrock,4.5
Watford,4.2
Waveney Valley,2.5
Welwyn Hatfield,3.0
West Suffolk,2.4
Witham,2.4
Amber Valley,2.8000000000000003
Ashfield,3.8
Bassetlaw,3.2
Bolsover,2.8000000000000003
Boston and Skegness,4.8
Broxtowe,2.9000000000000004
Chesterfield,3.3000000000000003
Corby and East Northamptonshire,3.0
Daventry,2.3
Derby North,4.1000000000000005
Derby South,6.4
Derbyshire Dales,1.7999999999999998
Erewash,3.4000000000000004
Gainsborough,3.0
Gedling,3.2
Grantham and Bourne,3.1
"Harborough, Oadby and Wigston",2.5
High Peak,2.3
Hinckley and Bosworth,2.4
Kettering,3.1
Leicester East,4.5
Leicester South,5.3
Leicester West,5.4
Lincoln,3.5999999999999996
Loughborough,2.5
Louth and Horncastle,2.8000000000000003
Mansfield,3.9
Melton and Syston,2.6
Mid Derbyshire,1.7999999999999998
Mid Leicestershire,2.1
Newark,2.7
North East Derbyshire,2.4
North West Leicestershire,2.0
Northampton North,4.8
Northampton South,3.0
Nottingham East,6.7
Nottingham North and Kimberley,6.0
Nottingham South,4.2
Rushcliffe,2.0
Rutland and Stamford,1.9
Sherwood Forest,2.9000000000000004
Sleaford and North Hykeham,2.1
South Derbyshire,2.4
South Holland and The Deepings,2.8000000000000003
South Leicestershire,1.9
South Northamptonshire,1.7999999999999998
Wellingborough and Rushden,3.5999999999999996
Barking,7.3999999999999995
Battersea,3.5000000000000004
Beckenham and Penge,3.5999999999999996
Bermondsey and Old Southwark,4.7
Bethnal Green and Stepney,7.1
Bexleyheath and Crayford,3.2
Brent East,8.799999999999999
Brent West,5.2
Brentford and Isleworth,4.8
Bromley and Biggin Hill,3.1
Carshalton and Wallington,3.8
Chelsea and Fulham,3.4000000000000004
Chingford and Woodford Green,4.7
Chipping Barnet,3.6999999999999997
Cities of London and Westminster,3.0
Clapham and Brixton Hill,5.3
Croydon East,5.6000000000000005
Croydon South,4.0
Croydon West,7.7
Dagenham and Rainham,6.3
Dulwich and West Norwood,6.1
Ealing Central and Acton,5.5
Ealing North,7.1
Ealing Southall,6.5
East Ham,8.0
Edmonton and Winchmore Hill,7.8
Eltham and Chislehurst,4.5
Enfield North,6.9
Erith and Thamesmead,6.2
Feltham and Heston,5.2
Finchley and Golders Green,5.0
Greenwich and Woolwich,5.1
Hackney North and Stoke Newington,7.199999999999999
Hackney South and Shoreditch,6.5
Hammersmith and Chiswick,4.6
Hampstead and Highgate,3.8
Harrow East,4.3999999999999995
Harrow West,5.2
Hayes and Harlington,5.7
Hendon,5.6000000000000005
Holborn and St Pancras,4.8
Hornchurch and Upminster,3.8
Hornsey and Friern Barnet,4.7
Ilford North,5.2
Ilford South,7.1
Islington North,5.7
Islington South and Finsbury,5.1
Kensington and Bayswater,3.5000000000000004
Kingston and Surbiton,3.4000000000000004
Lewisham East,7.199999999999999
Lewisham North,6.3
Lewisham West and East Dulwich,5.6000000000000005
Leyton and Wanstead,5.8999999999999995
Mitcham and Morden,5.800000000000001
Old Bexley and Sidcup,2.3
Orpington,3.4000000000000004
Peckham,6.5
Poplar and Limehouse,5.800000000000001
Putney,4.3
Queen's Park and Maida Vale,6.6000000000000005
Richmond Park,2.4
Romford,4.5
"Ruislip, Northwood and Pinner",3.0
Southgate and Wood Green,6.5
Stratford and Bow,6.2
Streatham and Croydon North,6.800000000000001
Sutton and Cheam,2.9000000000000004
Tooting,3.9
Tottenham,8.7
Twickenham,2.4
Uxbridge and South Ruislip,4.3999999999999995
Vauxhall and Camberwell Green,6.1
Walthamstow,6.800000000000001
West Ham and Beckton,7.3999999999999995
Wimbledon,2.8000000000000003
Bishop Auckland,3.2
Blaydon and Consett,2.9000000000000004
Blyth and Ashington,3.8
City of Durham,2.1999999999999997
Cramlington and Killingworth,2.7
Darlington,3.6999999999999997
Easington,4.1000000000000005
Gateshead Central and Whickham,4.0
Hartlepool,4.3999999999999995
Hexham,2.0
Houghton and Sunderland South,3.5999999999999996
Jarrow and Gateshead East,4.3
Middlesbrough South and East Cleveland,3.3000000000000003
Middlesbrough and Thornaby East,5.4
Newcastle upon Tyne Central and West,5.1
Newcastle upon Tyne East and Wallsend,4.2
Newcastle upon Tyne North,1.9
Newton Aycliffe and Spennymoor,3.0
North Durham,3.1
North Northumberland,2.5
Redcar,3.9
South Shields,5.0
Stockton North,4.8
Stockton West,1.9
Sunderland Central,4.0
Tynemouth,3.2
Washington and Gateshead South,3.5000000000000004
Altrincham and Sale West,1.9
Ashton-under-Lyne,5.4
Barrow and Furness,2.3
Birkenhead,4.5
Blackburn,5.800000000000001
Blackley and Middleton South,6.7
Blackpool North and Fleetwood,3.5000000000000004
Blackpool South,6.3
Bolton North East,5.4
Bolton South and Walkden,6.0
Bolton West,3.4000000000000004
Bootle,5.3
Burnley,5.5
Bury North,4.3999999999999995
Bury South,3.8
Carlisle,2.4
Cheadle,1.9
Chester North and Neston,2.7
Chester South and Eddisbury,1.7000000000000002
Chorley,2.4
Congleton,1.7999999999999998
Crewe and Nantwich,2.9000000000000004
Ellesmere Port and Bromborough,2.9000000000000004
Fylde,2.6
Gorton and Denton,7.1
Hazel Grove,2.7
Heywood and Middleton North,5.0
Hyndburn,5.3
Knowsley,4.3
Lancaster and Wyre,2.1999999999999997
Leigh and Atherton,3.6999999999999997
Liverpool Garston,3.5000000000000004
Liverpool Riverside,5.800000000000001
Liverpool Walton,5.6000000000000005
Liverpool Wavertree,5.7
Liverpool West Derby,5.2
Macclesfield,2.3
Makerfield,2.9000000000000004
Manchester Central,4.6
Manchester Rusholme,6.0
Manchester Withington,3.5999999999999996
Mid Cheshire,2.4
Morecambe and Lunesdale,2.8000000000000003
Oldham East and Saddleworth,5.8999999999999995
"Oldham West, Chadderton and Royton",6.800000000000001
Pendle and Clitheroe,4.5
Penrith and Solway,1.9
Preston,5.1
Ribble Valley,2.0
Rochdale,6.6000000000000005
Rossendale and Darwen,3.4000000000000004
Runcorn and Helsby,3.5999999999999996
Salford,4.9
Sefton Central,2.1
South Ribble,2.1
Southport,3.1
St Helens North,3.4000000000000004
St Helens South and Whiston,4.0
Stalybridge and Hyde,4.2
Stockport,4.0
Stretford and Urmston,4.0
Tatton,1.7999999999999998
Wallasey,3.8
Warrington North,3.0
Warrington South,2.3
West Lancashire,2.8000000000000003
Westmorland and Lonsdale,1.4000000000000001
Whitehaven and Workington,2.8000000000000003
Widnes and Halewood,3.5999999999999996
Wigan,4.0
Wirral West,1.7000000000000002
Worsley and Eccles,3.8
Wythenshawe and Sale East,4.0
Belfast East,2.9000000000000004
Belfast North,4.5
Belfast South and Mid Down,2.4
Belfast West,4.5
East Antrim,2.5
East Londonderry,3.2
Fermanagh and South Tyrone,2.5
Foyle,5.0
Lagan Valley,1.9
Mid Ulster,1.9
Newry and Armagh,3.3000000000000003
North Antrim,2.7
North Down,2.3
South Antrim,1.9
South Down,2.4
Strangford,2.7
Upper Bann,2.8000000000000003
West Tyrone,2.6
Aberdeen North,4.1000000000000005
Aberdeen South,2.9000000000000004
Aberdeenshire North and Moray East,2.8000000000000003
Airdrie and Shotts,2.9000000000000004
Alloa and Grangemouth,2.9000000000000004
Angus and Perthshire Glens,2.6
Arbroath and Broughty Ferry,2.9000000000000004
"Argyll, Bute and South Lochaber",2.5
"Ayr, Carrick and Cumnock",3.6999999999999997
Bathgate and Linlithgow,2.6
"Berwickshire, Roxburgh and Selkirk",3.0
"Caithness, Sutherland and Easter Ross",2.1999999999999997
Central Ayrshire,3.1
Coatbridge and Bellshill,2.9000000000000004
Cowdenbeath and Kirkcaldy,4.0
Cumbernauld and Kirkintilloch,2.7
Dumfries and Galloway,2.7
"Dumfriesshire, Clydesdale and Tweeddale",2.4
Dundee Central,4.0
Dunfermline and Dollar,2.5
East Kilbride and Strathaven,1.9
East Renfrewshire,1.6
Edinburgh East and Musselburgh,2.8000000000000003
Edinburgh North and Leith,3.3000000000000003
Edinburgh South,1.7999999999999998
Edinburgh South West,2.8000000000000003
Edinburgh West,2.1999999999999997
Falkirk,3.0
Glasgow East,5.6000000000000005
Glasgow North,5.3
Glasgow North East,5.1
Glasgow South,3.8
Glasgow South West,4.3999999999999995
Glasgow West,4.0
Glenrothes and Mid Fife,3.9
Gordon and Buchan,1.6
Hamilton and Clyde Valley,2.9000000000000004
Inverclyde and Renfrewshire West,2.9000000000000004
"Inverness, Skye and West Ross-shire",2.4
Kilmarnock and Loudoun,3.5000000000000004
Livingston,2.4
Lothian East,2.1
Mid Dunbartonshire,1.5
Midlothian,2.4
"Moray West, Nairn and Strathspey",2.1999999999999997
"Motherwell, Wishaw and Carluke",2.8000000000000003
Na h-Eileanan an Iar,2.1
North Ayrshire and Arran,4.0
North East Fife,2.1
Orkney and Shetland,1.5
Paisley and Renfrewshire North,3.0
Paisley and Renfrewshire South,2.9000000000000004
Perth and Kinross-shire,2.4
Rutherglen,2.7
Stirling and Strathallan,2.1999999999999997
West Aberdeenshire and Kincardine,1.6
West Dunbartonshire,3.6999999999999997
Aldershot,2.8000000000000003
Arundel and South Downs,2.3
Ashford,3.0
Aylesbury,3.5999999999999996
Banbury,2.7
Basingstoke,3.1
Beaconsfield,2.5
Bexhill and Battle,3.1
Bicester and Woodstock,1.9
Bognor Regis and Littlehampton,4.1000000000000005
Bracknell,2.9000000000000004
Brighton Kemptown and Peacehaven,4.7
Brighton Pavilion,4.0
Buckingham and Bletchley,3.4000000000000004
Canterbury,3.2
Chatham and Aylesford,3.9
Chesham and Amersham,2.1999999999999997
Chichester,3.5999999999999996
Crawley,4.5
Dartford,3.1
Didcot and Wantage,2.0
Dorking and Horley,1.9
Dover and Deal,3.5000000000000004
Earley and Woodley,2.6
East Grinstead and Uckfield,2.1999999999999997
East Hampshire,1.9
East Surrey,2.5
East Thanet,5.6000000000000005
East Worthing and Shoreham,2.9000000000000004
Eastbourne,4.7
Eastleigh,2.1999999999999997
Epsom and Ewell,2.1
Esher and Walton,2.4
Fareham and Waterlooville,2.4
Farnham and Bordon,2.0
Faversham and Mid Kent,2.9000000000000004
Folkestone and Hythe,4.2
Gillingham and Rainham,3.9
Godalming and Ash,1.9
Gosport,3.3000000000000003
Gravesham,4.1000000000000005
Guildford,1.9
Hamble Valley,2.0
Hastings and Rye,4.8
Havant,3.5999999999999996
Henley and Thame,1.7000000000000002
Herne Bay and Sandwich,3.4000000000000004
Horsham,1.9
Hove and Portslade,4.0
Isle of Wight East,4.9
Isle of Wight West,3.3000000000000003
Lewes,3.3000000000000003
Maidenhead,2.1999999999999997
Maidstone and Malling,3.3000000000000003
Mid Buckinghamshire,1.9
Mid Sussex,1.7999999999999998
Milton Keynes Central,4.0
Milton Keynes North,3.6999999999999997
New Forest East,2.4
New Forest West,2.4
Newbury,2.5
North East Hampshire,1.6
North West Hampshire,2.1
Oxford East,2.9000000000000004
Oxford West and Abingdon,1.6
Portsmouth North,3.5999999999999996
Portsmouth South,5.1
Reading Central,4.2
Reading West and Mid Berkshire,2.8000000000000003
Reigate,1.9
Rochester and Strood,3.8
Romsey and Southampton North,2.1
Runnymede and Weybridge,2.4
Sevenoaks,2.1
Sittingbourne and Sheppey,3.8
Slough,5.800000000000001
Southampton Itchen,4.0
Southampton Test,4.6
Spelthorne,3.4000000000000004
Surrey Heath,2.1999999999999997
Sussex Weald,2.3
Tonbridge,2.3
Tunbridge Wells,2.3
Weald of Kent,2.4
Winchester,1.9
Windsor,2.8000000000000003
Witney,1.9
Woking,2.6
Wokingham,1.9
Worthing West,3.2
Wycombe,4.3999999999999995
Bath,1.7999999999999998
Bournemouth East,4.0
Bournemouth West,3.8
Bridgwater,2.9000000000000004
Bristol Central,2.5
Bristol East,4.3
Bristol North East,3.8
Bristol North West,3.0
Bristol South,4.0
Camborne and Redruth,3.5000000000000004
Central Devon,2.1999999999999997
Cheltenham,2.6
Chippenham,2.1999999999999997
Christchurch,2.3
East Wiltshire,2.0
Exeter,2.3
Exmouth and Exeter East,2.1
Filton and Bradley Stoke,1.7999999999999998
Forest of Dean,2.6
Frome and East Somerset,2.4
Glastonbury and Somerton,2.3
Gloucester,3.5999999999999996
Honiton and Sidmouth,2.1
Melksham and Devizes,2.1999999999999997
Mid Dorset and North Poole,2.1999999999999997
Newton Abbot,2.3
North Cornwall,3.3000000000000003
North Cotswolds,1.9
North Devon,3.0
North Dorset,2.1
North East Somerset and Hanham,1.7000000000000002
North Somerset,1.6
Plymouth Moor View,3.2
Plymouth Sutton and Devonport,4.2
Poole,3.0
Salisbury,2.3
South Cotswolds,1.9
South Devon,2.6
South Dorset,2.8000000000000003
South East Cornwall,2.9000000000000004
South West Devon,1.7000000000000002
South West Wiltshire,2.5
St Austell and Newquay,3.5000000000000004
St Ives,3.4000000000000004
Stroud,2.1
Swindon North,2.9000000000000004
Swindon South,3.5999999999999996
Taunton and Wellington,2.4
Tewkesbury,2.3
Thornbury and Yate,2.0
Tiverton and Minehead,2.4
Torbay,3.5999999999999996
Torridge and Tavistock,2.6
Truro and Falmouth,2.6
Wells and Mendip Hills,2.3
West Dorset,2.1999999999999997
Weston-super-Mare,3.3000000000000003
Yeovil,2.7
Aberafan Maesteg,3.5999999999999996
Alyn and Deeside,2.7
Bangor Aberconwy,3.1
Blaenau Gwent and Rhymney,4.1000000000000005
"Brecon, Radnor and Cwm Tawe",2.9000000000000004
Bridgend,2.4
Caerfyrddin,2.6
Caerphilly,3.3000000000000003
Cardiff East,4.3999999999999995
Cardiff North,2.1
Cardiff South and Penarth,3.4000000000000004
Cardiff West,3.8
Ceredigion Preseli,2.7
Clwyd East,2.7
Clwyd North,4.3999999999999995
Dwyfor Meirionnydd,2.8000000000000003
Gower,2.1999999999999997
Llanelli,3.0
Merthyr Tydfil and Aberdare,3.3000000000000003
Mid and South Pembrokeshire,3.5000000000000004
Monmouthshire,2.3
Montgomeryshire and Glyndwr,2.6
Neath and Swansea East,2.7
Newport East,5.0
Newport West and Islwyn,2.9000000000000004
Pontypridd,2.7
Rhondda and Ogmore,3.4000000000000004
Swansea West,3.9
Torfaen,3.5999999999999996
Vale of Glamorgan,3.5999999999999996
Wrexham,2.7
Ynys Mon,3.5999999999999996
Aldridge-Brownhills,2.8000000000000003
Birmingham Edgbaston,9.1
Birmingham Erdington,10.100000000000001
Birmingham Hall Green and Moseley,11.0
Birmingham Hodge Hill and Solihull North,9.6
Birmingham Ladywood,11.700000000000001
Birmingham Northfield,7.3999999999999995
Birmingham Perry Barr,14.299999999999999
Birmingham Selly Oak,6.1
Birmingham Yardley,10.5
Bromsgrove,2.6
Burton and Uttoxeter,3.5000000000000004
Cannock Chase,3.0
Coventry East,6.6000000000000005
Coventry North West,4.9
Coventry South,4.6
Droitwich and Evesham,2.7
Dudley,5.6000000000000005
Halesowen,4.3
Hereford and South Herefordshire,2.7
Kenilworth and Southam,1.7000000000000002
Kingswinford and South Staffordshire,2.5
Lichfield,2.1
Meriden and Solihull East,3.8
Newcastle-under-Lyme,2.9000000000000004
North Herefordshire,2.3
North Shropshire,2.5
North Warwickshire and Bedworth,3.0
Nuneaton,4.1000000000000005
Redditch,3.5000000000000004
Rugby,2.7
Shrewsbury,2.4
Smethwick,7.000000000000001
Solihull West and Shirley,2.8000000000000003
South Shropshire,2.1999999999999997
Stafford,2.7
Staffordshire Moorlands,2.1
Stoke-on-Trent Central,5.7
Stoke-on-Trent North,4.9
Stoke-on-Trent South,3.4000000000000004
"Stone, Great Wyrley and Penkridge",2.1999999999999997
Stourbridge,4.6
Stratford-on-Avon,2.3
Sutton Coldfield,2.7
Tamworth,2.8000000000000003
Telford,4.2
The Wrekin,2.7
Tipton and Wednesbury,6.1
Walsall and Bloxwich,7.3
Warwick and Leamington,2.6
West Bromwich,6.0
West Worcestershire,2.3
Wolverhampton North East,6.1
Wolverhampton South East,6.5
Wolverhampton West,6.3
Worcester,3.3000000000000003
Wyre Forest,3.1
Barnsley North,3.0
Barnsley South,3.5999999999999996
Beverley and Holderness,2.1999999999999997
Bradford East,8.9
Bradford South,6.6000000000000005
Bradford West,9.2
Bridlington and The Wolds,3.1
Brigg and Immingham,2.1999999999999997
Calder Valley,2.7
Colne Valley,2.6
Dewsbury and Batley,6.2
Doncaster Central,5.0
Doncaster East and the Isle of Axholme,2.8000000000000003
Doncaster North,3.9
Goole and Pocklington,1.9
Great Grimsby and Cleethorpes,4.9
Halifax,5.2
Harrogate and Knaresborough,1.7999999999999998
Huddersfield,5.800000000000001
Keighley and Ilkley,4.0
Kingston upon Hull East,5.2
Kingston upon Hull North and Cottingham,4.8
Kingston upon Hull West and Haltemprice,4.2
Leeds Central and Headingley,3.5000000000000004
Leeds East,6.2
Leeds North East,4.3
Leeds North West,2.0
Leeds South,7.3999999999999995
Leeds South West and Morley,3.1
Leeds West and Pudsey,4.6
Normanton and Hemsworth,3.0
Ossett and Denby Dale,2.7
Penistone and Stocksbridge,2.1999999999999997
"Pontefract, Castleford and Knottingley",3.2
Rawmarsh and Conisbrough,3.4000000000000004
Richmond and Northallerton,1.9
Rother Valley,2.6
Rotherham,4.7
Scarborough and Whitby,3.0
Scunthorpe,4.0
Selby,2.0
Sheffield Brightside and Hillsborough,6.2
Sheffield Central,3.5000000000000004
Sheffield Hallam,1.6
Sheffield Heeley,5.3
Sheffield South East,4.6
Shipley,3.1
Skipton and Ripon,1.6
Spen Valley,3.5000000000000004
Thirsk and Malton,1.9
Wakefield and Rothwell,4.1000000000000005
Wetherby and Easingwold,1.4000000000000001
York Central,2.0
York Outer,1.3
Basildon and Billericay,4.2
Bedford,5.800000000000001
Braintree,2.6
Brentwood and Ongar,2.6
Broadland and Fakenham,2.1999999999999997
Broxbourne,3.3000000000000003
Bury St Edmunds and Stowmarket,2.5
Cambridge,2.1999999999999997
Castle Point,2.5
Central Suffolk and North Ipswich,2.1
Chelmsford,3.0
Clacton,4.9
Colchester,3.5999999999999996
Dunstable and Leighton Buzzard,3.3000000000000003
Ely and East Cambridgeshire,2.1999999999999997
Epping Forest,3.1
Great Yarmouth,5.2
Harlow,4.2
Harpenden and Berkhamsted,1.7999999999999998
Harwich and North Essex,3.0
Hemel Hempstead,3.9
Hertford and Stortford,2.1
Hertsmere,3.5000000000000004
Hitchin,2.1999999999999997
Huntingdon,2.3
Ipswich,4.8
Lowestoft,4.3
Luton North,5.800000000000001
Luton South and South Bedfordshire,6.9
Maldon,2.4
Mid Bedfordshire,2.1
Mid Norfolk,2.3
North Bedfordshire,2.6
North East Cambridgeshire,3.9
North East Hertfordshire,2.1999999999999997
North Norfolk,2.9000000000000004
North West Cambridgeshire,3.5999999999999996
North West Essex,2.1999999999999997
North West Norfolk,3.4000000000000004
Norwich North,3.5999999999999996
Norwich South,3.9
Peterborough,6.6000000000000005
Rayleigh and Wickford,2.1
South Basildon and East Thurrock,3.9
South Cambridgeshire,1.9
South Norfolk,2.3
South Suffolk,2.5
South West Hertfordshire,2.7
South West Norfolk,2.7
Southend East and Rochford,5.2
Southend West and Leigh,3.4000000000000004
St Albans,2.7
St Neots and Mid Cambridgeshire,2.1999999999999997
Stevenage,3.4000000000000004
Suffolk Coastal,2.3
Thurrock,4.7
Watford,4.3999999999999995
Waveney Valley,2.7
Welwyn Hatfield,3.1
West Suffolk,2.5
Witham,2.5
Amber Valley,3.0
Ashfield,4.0
Bassetlaw,3.4000000000000004
Bolsover,2.9000000000000004
Boston and Skegness,5.2
Broxtowe,2.9000000000000004
Chesterfield,3.3000000000000003
Corby and East Northamptonshire,3.2
Daventry,2.5
Derby North,4.3999999999999995
Derby South,6.7
Derbyshire Dales,2.0
Erewash,3.5999999999999996
Gainsborough,3.1
Gedling,3.3000000000000003
Grantham and Bourne,3.2
"Harborough, Oadby and Wigston",2.6
High Peak,2.4
Hinckley and Bosworth,2.6
Kettering,3.2
Leicester East,4.9
Leicester South,5.800000000000001
Leicester West,5.7
Lincoln,3.6999999999999997
Loughborough,2.6
Louth and Horncastle,3.0
Mansfield,4.0
Melton and Syston,2.7
Mid Derbyshire,1.9
Mid Leicestershire,2.1999999999999997
Newark,2.8000000000000003
North East Derbyshire,2.5
North West Leicestershire,2.1
Northampton North,5.1
Northampton South,3.2
Nottingham East,7.000000000000001
Nottingham North and Kimberley,6.2
Nottingham South,4.3999999999999995
Rushcliffe,2.1
Rutland and Stamford,2.1
Sherwood Forest,3.0
Sleaford and North Hykeham,2.1999999999999997
South Derbyshire,2.5
South Holland and The Deepings,3.0
South Leicestershire,2.0
South Northamptonshire,2.0
Wellingborough and Rushden,3.9
Barking,7.7
Battersea,3.5999999999999996
Beckenham and Penge,3.8
Bermondsey and Old Southwark,4.9
Bethnal Green and Stepney,7.5
Bexleyheath and Crayford,3.4000000000000004
Brent East,9.1
Brent West,5.5
Brentford and Isleworth,5.0
Bromley and Biggin Hill,3.2
Carshalton and Wallington,4.0
Chelsea and Fulham,3.5000000000000004
Chingford and Woodford Green,5.1
Chipping Barnet,4.0
Cities of London and Westminster,3.1
Clapham and Brixton Hill,5.5
Croydon East,5.7
Croydon South,4.2
Croydon West,8.1
Dagenham and Rainham,6.6000000000000005
Dulwich and West Norwood,6.4
Ealing Central and Acton,5.7
Ealing North,7.3999999999999995
Ealing Southall,6.7
East Ham,8.4
Edmonton and Winchmore Hill,8.1
Eltham and Chislehurst,4.7
Enfield North,7.199999999999999
Erith and Thamesmead,6.5
Feltham and Heston,5.5
Finchley and Golders Green,5.2
Greenwich and Woolwich,5.3
Hackney North and Stoke Newington,7.5
Hackney South and Shoreditch,6.800000000000001
Hammersmith and Chiswick,4.8
Hampstead and Highgate,4.1000000000000005
Harrow East,4.6
Harrow West,5.3
Hayes and Harlington,6.1
Hendon,5.8999999999999995
Holborn and St Pancras,5.0
Hornchurch and Upminster,4.0
Hornsey and Friern Barnet,4.8
Ilford North,5.5
Ilford South,7.5
Islington North,5.8999999999999995
Islington South and Finsbury,5.3
Kensington and Bayswater,3.6999999999999997
Kingston and Surbiton,3.5000000000000004
Lewisham East,7.3999999999999995
Lewisham North,6.6000000000000005
Lewisham West and East Dulwich,5.7
Leyton and Wanstead,6.2
Mitcham and Morden,6.0
Old Bexley and Sidcup,2.4
Orpington,3.5000000000000004
Peckham,6.800000000000001
Poplar and Limehouse,6.2
Putney,4.3999999999999995
Queen's Park and Maida Vale,6.9
Richmond Park,2.5
Romford,4.7
"Ruislip, Northwood and Pinner",3.1
Southgate and Wood Green,6.800000000000001
Stratford and Bow,6.5
Streatham and Croydon North,7.199999999999999
Sutton and Cheam,3.1
Tooting,4.1000000000000005
Tottenham,9.1
Twickenham,2.6
Uxbridge and South Ruislip,4.6
Vauxhall and Camberwell Green,6.4
Walthamstow,7.1
West Ham and Beckton,7.8
Wimbledon,2.9000000000000004
Bishop Auckland,3.3000000000000003
Blaydon and Consett,3.1
Blyth and Ashington,4.0
City of Durham,2.4
Cramlington and Killingworth,2.9000000000000004
Darlington,3.8
Easington,4.2
Gateshead Central and Whickham,4.3
Hartlepool,4.6
Hexham,2.1999999999999997
Houghton and Sunderland South,3.5999999999999996
Jarrow and Gateshead East,4.6
Middlesbrough South and East Cleveland,3.4000000000000004
Middlesbrough and Thornaby East,5.7
Newcastle upon Tyne Central and West,5.3
Newcastle upon Tyne East and Wallsend,4.3
Newcastle upon Tyne North,2.0
Newton Aycliffe and Spennymoor,3.1
North Durham,3.1
North Northumberland,2.7
Redcar,4.1000000000000005
South Shields,5.2
Stockton North,4.9
Stockton West,2.0
Sunderland Central,4.0
Tynemouth,3.3000000000000003
Washington and Gateshead South,3.5999999999999996
Altrincham and Sale West,2.0
Ashton-under-Lyne,5.7
Barrow and Furness,2.4
Birkenhead,4.7
Blackburn,6.1
Blackley and Middleton South,7.1
Blackpool North and Fleetwood,3.5999999999999996
Blackpool South,6.7
Bolton North East,5.7
Bolton South and Walkden,6.4
Bolton West,3.5999999999999996
Bootle,5.4
Burnley,5.8999999999999995
Bury North,4.7
Bury South,4.1000000000000005
Carlisle,2.5
Cheadle,1.9
Chester North and Neston,2.9000000000000004
Chester South and Eddisbury,1.7999999999999998
Chorley,2.6
Congleton,1.9
Crewe and Nantwich,3.1
Ellesmere Port and Bromborough,3.0
Fylde,2.8000000000000003
Gorton and Denton,7.6
Hazel Grove,2.9000000000000004
Heywood and Middleton North,5.3
Hyndburn,5.4
Knowsley,4.6
Lancaster and Wyre,2.3
Leigh and Atherton,3.9
Liverpool Garston,3.6999999999999997
Liverpool Riverside,6.1
Liverpool Walton,5.8999999999999995
Liverpool Wavertree,5.8999999999999995
Liverpool West Derby,5.4
Macclesfield,2.4
Makerfield,3.1
Manchester Central,5.0
Manchester Rusholme,6.4
Manchester Withington,3.5999999999999996
Mid Cheshire,2.7
Morecambe and Lunesdale,3.0
Oldham East and Saddleworth,6.3
"Oldham West, Chadderton and Royton",7.199999999999999
Pendle and Clitheroe,4.7
Penrith and Solway,2.1
Preston,5.3
Ribble Valley,2.1
Rochdale,7.000000000000001
Rossendale and Darwen,3.5999999999999996
Runcorn and Helsby,3.9
Salford,5.1
Sefton Central,2.1999999999999997
South Ribble,2.1999999999999997
Southport,3.2
St Helens North,3.5000000000000004
St Helens South and Whiston,4.2
Stalybridge and Hyde,4.3999999999999995
Stockport,4.2
Stretford and Urmston,4.3
Tatton,1.9
Wallasey,4.0
Warrington North,3.2
Warrington South,2.4
West Lancashire,2.9000000000000004
Westmorland and Lonsdale,1.5
Whitehaven and Workington,2.9000000000000004
Widnes and Halewood,3.9
Wigan,4.1000000000000005
Wirral West,1.7999999999999998
Worsley and Eccles,4.1000000000000005
Wythenshawe and Sale East,4.3
Belfast East,3.0
Belfast North,4.6
Belfast South and Mid Down,2.5
Belfast West,4.7
East Antrim,2.7
East Londonderry,3.3000000000000003
Fermanagh and South Tyrone,2.6
Foyle,5.0
Lagan Valley,2.0
Mid Ulster,2.0
Newry and Armagh,3.3000000000000003
North Antrim,2.9000000000000004
North Down,2.4
South Antrim,2.0
South Down,2.4
Strangford,2.8000000000000003
Upper Bann,2.9000000000000004
West Tyrone,2.6
Aberdeen North,4.3999999999999995
Aberdeen South,3.1
Aberdeenshire North and Moray East,2.9000000000000004
Airdrie and Shotts,3.1
Alloa and Grangemouth,3.0
Angus and Perthshire Glens,2.8000000000000003
Arbroath and Broughty Ferry,3.1
"Argyll, Bute and South Lochaber",2.7
"Ayr, Carrick and Cumnock",3.9
Bathgate and Linlithgow,2.7
"Berwickshire, Roxburgh and Selkirk",3.0
"Caithness, Sutherland and Easter Ross",2.3
Central Ayrshire,3.2
Coatbridge and Bellshill,3.0
Cowdenbeath and Kirkcaldy,4.2
Cumbernauld and Kirkintilloch,2.8000000000000003
Dumfries and Galloway,2.9000000000000004
"Dumfriesshire, Clydesdale and Tweeddale",2.6
Dundee Central,4.2
Dunfermline and Dollar,2.7
East Kilbride and Strathaven,2.1
East Renfrewshire,1.7000000000000002
Edinburgh East and Musselburgh,2.9000000000000004
Edinburgh North and Leith,3.4000000000000004
Edinburgh South,1.9
Edinburgh South West,3.1
Edinburgh West,2.3
Falkirk,3.1
Glasgow East,5.8999999999999995
Glasgow North,5.4
Glasgow North East,5.4
Glasgow South,4.1000000000000005
Glasgow South West,4.7
Glasgow West,4.1000000000000005
Glenrothes and Mid Fife,4.0
Gordon and Buchan,1.7000000000000002
Hamilton and Clyde Valley,3.1
Inverclyde and Renfrewshire West,3.1
"Inverness, Skye and West Ross-shire",2.6
Kilmarnock and Loudoun,3.6999999999999997
Livingston,2.7
Lothian East,2.3
Mid Dunbartonshire,1.6
Midlothian,2.4
"Moray West, Nairn and Strathspey",2.5
"Motherwell, Wishaw and Carluke",3.0
Na h-Eileanan an Iar,2.3
North Ayrshire and Arran,4.1000000000000005
North East Fife,2.1999999999999997
Orkney and Shetland,1.7000000000000002
Paisley and Renfrewshire North,3.3000000000000003
Paisley and Renfrewshire South,3.2
Perth and Kinross-shire,2.7
Rutherglen,2.9000000000000004
Stirling and Strathallan,2.3
West Aberdeenshire and Kincardine,1.7000000000000002
West Dunbartonshire,3.8
Aldershot,3.0
Arundel and South Downs,2.4
Ashford,3.2
Aylesbury,3.6999999999999997
Banbury,2.8000000000000003
Basingstoke,3.2
Beaconsfield,2.7
Bexhill and Battle,3.2
Bicester and Woodstock,2.0
Bognor Regis and Littlehampton,4.3
Bracknell,2.9000000000000004
Brighton Kemptown and Peacehaven,4.8
Brighton Pavilion,4.1000000000000005
Buckingham and Bletchley,3.5999999999999996
Canterbury,3.3000000000000003
Chatham and Aylesford,4.1000000000000005
Chesham and Amersham,2.4
Chichester,3.8
Crawley,4.7
Dartford,3.3000000000000003
Didcot and Wantage,2.1999999999999997
Dorking and Horley,2.1
Dover and Deal,3.6999999999999997
Earley and Woodley,2.8000000000000003
East Grinstead and Uckfield,2.3
East Hampshire,2.1
East Surrey,2.6
East Thanet,5.800000000000001
East Worthing and Shoreham,3.1
Eastbourne,4.9
Eastleigh,2.4
Epsom and Ewell,2.1999999999999997
Esher and Walton,2.4
Fareham and Waterlooville,2.6
Farnham and Bordon,2.1999999999999997
Faversham and Mid Kent,3.1
Folkestone and Hythe,4.3
Gillingham and Rainham,4.1000000000000005
Godalming and Ash,2.0
Gosport,3.5000000000000004
Gravesham,4.2
Guildford,2.0
Hamble Valley,2.0
Hastings and Rye,5.0
Havant,3.8
Henley and Thame,1.7999999999999998
Herne Bay and Sandwich,3.5000000000000004
Horsham,2.0
Hove and Portslade,4.1000000000000005
Isle of Wight East,5.1
Isle of Wight West,3.5999999999999996
Lewes,3.5000000000000004
Maidenhead,2.4
Maidstone and Malling,3.5000000000000004
Mid Buckinghamshire,2.0
Mid Sussex,1.9
Milton Keynes Central,4.3
Milton Keynes North,3.9
New Forest East,2.5
New Forest West,2.5
Newbury,2.6
North East Hampshire,1.7000000000000002
North West Hampshire,2.1999999999999997
Oxford East,3.1
Oxford West and Abingdon,1.7000000000000002
Portsmouth North,3.9
Portsmouth South,5.3
Reading Central,4.5
Reading West and Mid Berkshire,2.9000000000000004
Reigate,2.0
Rochester and Strood,4.1000000000000005
Romsey and Southampton North,2.1999999999999997
Runnymede and Weybridge,2.6
Sevenoaks,2.1999999999999997
Sittingbourne and Sheppey,4.0
Slough,6.1
Southampton Itchen,4.2
Southampton Test,4.8
Spelthorne,3.5999999999999996
Surrey Heath,2.1999999999999997
Sussex Weald,2.4
Tonbridge,2.5
Tunbridge Wells,2.5
Weald of Kent,2.6
Winchester,2.0
Windsor,3.0
Witney,2.0
Woking,2.7
Wokingham,2.0
Worthing West,3.3000000000000003
Wycombe,4.5
Bath,2.0
Bournemouth East,4.1000000000000005
Bournemouth West,3.9
Bridgwater,3.0
Bristol Central,2.6
Bristol East,4.5
Bristol North East,4.0
Bristol North West,3.2
Bristol South,4.2
Camborne and Redruth,3.5999999999999996
Central Devon,2.3
Cheltenham,2.7
Chippenham,2.3
Christchurch,2.4
East Wiltshire,2.1
Exeter,2.3
Exmouth and Exeter East,2.1999999999999997
Filton and Bradley Stoke,1.9
Forest of Dean,2.7
Frome and East Somerset,2.5
Glastonbury and Somerton,2.3
Gloucester,3.9
Honiton and Sidmouth,2.1999999999999997
Melksham and Devizes,2.4
Mid Dorset and North Poole,2.3
Newton Abbot,2.3
North Cornwall,3.5999999999999996
North Cotswolds,2.0
North Devon,3.2
North Dorset,2.1999999999999997
North East Somerset and Hanham,1.7999999999999998
North Somerset,1.6
Plymouth Moor View,3.3000000000000003
Plymouth Sutton and Devonport,4.3999999999999995
Poole,3.2
Salisbury,2.3
South Cotswolds,2.0
South Devon,2.7
South Dorset,2.9000000000000004
South East Cornwall,3.1
South West Devon,1.7999999999999998
South West Wiltshire,2.6
St Austell and Newquay,3.6999999999999997
St Ives,3.5999999999999996
Stroud,2.3
Swindon North,3.0
Swindon South,3.8
Taunton and Wellington,2.4
Tewkesbury,2.5
Thornbury and Yate,2.1
Tiverton and Minehead,2.6
Torbay,3.8
Torridge and Tavistock,2.8000000000000003
Truro and Falmouth,2.7
Wells and Mendip Hills,2.3
West Dorset,2.3
Weston-super-Mare,3.4000000000000004
Yeovil,2.8000000000000003
Aberafan Maesteg,3.8
Alyn and Deeside,2.9000000000000004
Bangor Aberconwy,3.1
Blaenau Gwent and Rhymney,4.3
"Brecon, Radnor and Cwm Tawe",3.0
Bridgend,2.7
Caerfyrddin,2.7
Caerphilly,3.4000000000000004
Cardiff East,4.7
Cardiff North,2.1999999999999997
Cardiff South and Penarth,3.5999999999999996
Cardiff West,4.0
Ceredigion Preseli,2.9000000000000004
Clwyd East,2.8000000000000003
Clwyd North,4.6
Dwyfor Meirionnydd,3.0
Gower,2.3
Llanelli,3.1
Merthyr Tydfil and Aberdare,3.5000000000000004
Mid and South Pembrokeshire,3.6999999999999997
Monmouthshire,2.4
Montgomeryshire and Glyndwr,2.8000000000000003
Neath and Swansea East,2.8000000000000003
Newport East,5.1
Newport West and Islwyn,3.0
Pontypridd,2.8000000000000003
Rhondda and Ogmore,3.5999999999999996
Swansea West,4.2
Torfaen,3.8
Vale of Glamorgan,3.6999999999999997
Wrexham,3.0
Ynys Mon,3.8
Aldridge-Brownhills,3.0
Birmingham Edgbaston,9.3
Birmingham Erdington,10.4
Birmingham Hall Green and Moseley,11.3
Birmingham Hodge Hill and Solihull North,10.0
Birmingham Ladywood,12.1
Birmingham Northfield,7.6
Birmingham Perry Barr,14.799999999999999
Birmingham Selly Oak,6.3
Birmingham Yardley,10.8
Bromsgrove,2.7
Burton and Uttoxeter,3.6999999999999997
Cannock Chase,3.2
Coventry East,7.000000000000001
Coventry North West,5.2
Coventry South,4.8
Droitwich and Evesham,2.8000000000000003
Dudley,5.8999999999999995
Halesowen,4.5
Hereford and South Herefordshire,2.8000000000000003
Kenilworth and Southam,1.7999999999999998
Kingswinford and South Staffordshire,2.7
Lichfield,2.1999999999999997
Meriden and Solihull East,4.0
Newcastle-under-Lyme,3.0
North Herefordshire,2.5
North Shropshire,2.7
North Warwickshire and Bedworth,3.2
Nuneaton,4.3
Redditch,3.6999999999999997
Rugby,2.9000000000000004
Shrewsbury,2.6
Smethwick,7.3
Solihull West and Shirley,2.9000000000000004
South Shropshire,2.4
Stafford,2.9000000000000004
Staffordshire Moorlands,2.1999999999999997
Stoke-on-Trent Central,6.1
Stoke-on-Trent North,5.2
Stoke-on-Trent South,3.5999999999999996
"Stone, Great Wyrley and Penkridge",2.3
Stourbridge,4.9
Stratford-on-Avon,2.4
Sutton Coldfield,2.8000000000000003
Tamworth,3.1
Telford,4.3999999999999995
The Wrekin,2.9000000000000004
Tipton and Wednesbury,6.5
Walsall and Bloxwich,7.6
Warwick and Leamington,2.7
West Bromwich,6.4
West Worcestershire,2.4
Wolverhampton North East,6.5
Wolverhampton South East,7.000000000000001
Wolverhampton West,6.800000000000001
Worcester,3.5000000000000004
Wyre Forest,3.2
Barnsley North,3.3000000000000003
Barnsley South,3.9
Beverley and Holderness,2.3
Bradford East,9.1
Bradford South,6.9
Bradford West,9.6
Bridlington and The Wolds,3.3000000000000003
Brigg and Immingham,2.4
Calder Valley,2.9000000000000004
Colne Valley,2.7
Dewsbury and Batley,6.6000000000000005
Doncaster Central,5.3
Doncaster East and the Isle of Axholme,3.0
Doncaster North,4.0
Goole and Pocklington,2.1
Great Grimsby and Cleethorpes,5.2
Halifax,5.6000000000000005
Harrogate and Knaresborough,2.0
Huddersfield,6.0
Keighley and Ilkley,4.2
Kingston upon Hull East,5.4
Kingston upon Hull North and Cottingham,4.9
Kingston upon Hull West and Haltemprice,4.3999999999999995
Leeds Central and Headingley,3.8
Leeds East,6.6000000000000005
Leeds North East,4.5
Leeds North West,2.0
Leeds South,7.8
Leeds South West and Morley,3.2
Leeds West and Pudsey,4.9
Normanton and Hemsworth,3.2
Ossett and Denby Dale,2.9000000000000004
Penistone and Stocksbridge,2.4
"Pontefract, Castleford and Knottingley",3.5999999999999996
Rawmarsh and Conisbrough,3.6999999999999997
Richmond and Northallerton,2.0
Rother Valley,2.8000000000000003
Rotherham,4.9
Scarborough and Whitby,3.3000000000000003
Scunthorpe,4.2
Selby,2.1999999999999997
Sheffield Brightside and Hillsborough,6.5
Sheffield Central,3.6999999999999997
Sheffield Hallam,1.7000000000000002
Sheffield Heeley,5.4
Sheffield South East,4.7
Shipley,3.1
Skipton and Ripon,1.7999999999999998
Spen Valley,3.6999999999999997
Thirsk and Malton,2.0
Wakefield and Rothwell,4.5
Wetherby and Easingwold,1.5
York Central,2.1999999999999997
York Outer,1.4000000000000001
Basildon and Billericay,3.8
Bedford,5.1
Braintree,2.7
Brentwood and Ongar,2.5
Broadland and Fakenham,2.1
Broxbourne,3.1
Bury St Edmunds and Stowmarket,2.3
Cambridge,2.0
Castle Point,2.4
Central Suffolk and North Ipswich,2.0
Chelmsford,2.6
Clacton,4.3
Colchester,3.4000000000000004
Dunstable and Leighton Buzzard,2.6
Ely and East Cambridgeshire,2.0
Epping Forest,3.0
Great Yarmouth,5.2
Harlow,4.2
Harpenden and Berkhamsted,1.6
Harwich and North Essex,2.8000000000000003
Hemel Hempstead,3.4000000000000004
Hertford and Stortford,2.0
Hertsmere,3.1
Hitchin,1.7999999999999998
Huntingdon,2.1
Ipswich,4.9
Lowestoft,4.0
Luton North,4.5
Luton South and South Bedfordshire,6.1
Maldon,2.1999999999999997
Mid Bedfordshire,1.7000000000000002
Mid Norfolk,2.1
North Bedfordshire,2.1999999999999997
North East Cambridgeshire,3.8
North East Hertfordshire,2.1999999999999997
North Norfolk,2.9000000000000004
North West Cambridgeshire,3.4000000000000004
North West Essex,2.0
North West Norfolk,2.9000000000000004
Norwich North,3.3000000000000003
Norwich South,3.5000000000000004
Peterborough,6.800000000000001
Rayleigh and Wickford,1.9
South Basildon and East Thurrock,3.4000000000000004
South Cambridgeshire,1.6
South Norfolk,1.9
South Suffolk,2.4
South West Hertfordshire,2.4
South West Norfolk,2.4
Southend East and Rochford,5.1
Southend West and Leigh,3.4000000000000004
St Albans,2.4
St Neots and Mid Cambridgeshire,2.0
Stevenage,3.0
Suffolk Coastal,2.0
Thurrock,4.5
Watford,3.6999999999999997
Waveney Valley,2.3
Welwyn Hatfield,2.6
West Suffolk,2.1999999999999997
Witham,2.3
Amber Valley,3.0
Ashfield,3.9
Bassetlaw,3.4000000000000004
Bolsover,3.1
Boston and Skegness,4.8
Broxtowe,2.7
Chesterfield,3.6999999999999997
Corby and East Northamptonshire,3.3000000000000003
Daventry,2.1999999999999997
Derby North,4.1000000000000005
Derby South,6.800000000000001
Derbyshire Dales,1.9
Erewash,3.5999999999999996
Gainsborough,3.0
Gedling,3.1
Grantham and Bourne,3.0
"Harborough, Oadby and Wigston",2.1999999999999997
High Peak,2.6
Hinckley and Bosworth,2.3
Kettering,3.2
Leicester East,4.3
Leicester South,5.0
Leicester West,5.3
Lincoln,3.6999999999999997
Loughborough,2.1999999999999997
Louth and Horncastle,2.7
Mansfield,4.1000000000000005
Melton and Syston,2.5
Mid Derbyshire,1.9
Mid Leicestershire,2.0
Newark,2.8000000000000003
North East Derbyshire,2.8000000000000003
North West Leicestershire,1.9
Northampton North,4.8
Northampton South,2.9000000000000004
Nottingham East,6.5
Nottingham North and Kimberley,6.3
Nottingham South,4.1000000000000005
Rushcliffe,1.9
Rutland and Stamford,1.9
Sherwood Forest,2.9000000000000004
Sleaford and North Hykeham,2.0
South Derbyshire,2.4
South Holland and The Deepings,2.9000000000000004
South Leicestershire,1.7999999999999998
South Northamptonshire,1.6
Wellingborough and Rushden,3.6999999999999997
Barking,6.5
Battersea,3.1
Beckenham and Penge,3.4000000000000004
Bermondsey and Old Southwark,4.3
Bethnal Green and Stepney,6.0
Bexleyheath and Crayford,3.1
Brent East,7.9
Brent West,4.6
Brentford and Isleworth,4.8
Bromley and Biggin Hill,2.9000000000000004
Carshalton and Wallington,3.4000000000000004
Chelsea and Fulham,3.3000000000000003
Chingford and Woodford Green,4.5
Chipping Barnet,3.4000000000000004
Cities of London and Westminster,3.0
Clapham and Brixton Hill,4.8
Croydon East,5.2
Croydon South,3.4000000000000004
Croydon West,7.000000000000001
Dagenham and Rainham,5.6000000000000005
Dulwich and West Norwood,5.6000000000000005
Ealing Central and Acton,5.1
Ealing North,6.1
Ealing Southall,5.3
East Ham,6.7
Edmonton and Winchmore Hill,7.000000000000001
Eltham and Chislehurst,3.9
Enfield North,6.2
Erith and Thamesmead,5.800000000000001
Feltham and Heston,5.2
Finchley and Golders Green,4.5
Greenwich and Woolwich,4.5
Hackney North and Stoke Newington,6.5
Hackney South and Shoreditch,6.2
Hammersmith and Chiswick,4.6
Hampstead and Highgate,3.6999999999999997
Harrow East,3.6999999999999997
Harrow West,4.1000000000000005
Hayes and Harlington,4.9
Hendon,4.7
Holborn and St Pancras,4.7
Hornchurch and Upminster,3.5000000000000004
Hornsey and Friern Barnet,4.8
Ilford North,4.5
Ilford South,6.0
Islington North,5.4
Islington South and Finsbury,5.2
Kensington and Bayswater,3.4000000000000004
Kingston and Surbiton,2.9000000000000004
Lewisham East,6.9
Lewisham North,6.0
Lewisham West and East Dulwich,5.3
Leyton and Wanstead,5.7
Mitcham and Morden,5.3
Old Bexley and Sidcup,2.3
Orpington,3.1
Peckham,6.1
Poplar and Limehouse,4.7
Putney,3.5999999999999996
Queen's Park and Maida Vale,6.5
Richmond Park,2.3
Romford,4.1000000000000005
"Ruislip, Northwood and Pinner",2.5
Southgate and Wood Green,5.7
Stratford and Bow,5.6000000000000005
Streatham and Croydon North,6.2
Sutton and Cheam,2.6
Tooting,3.4000000000000004
Tottenham,7.9
Twickenham,2.4
Uxbridge and South Ruislip,3.5999999999999996
Vauxhall and Camberwell Green,5.7
Walthamstow,6.7
West Ham and Beckton,6.5
Wimbledon,2.6
Bishop Auckland,3.4000000000000004
Blaydon and Consett,3.1
Blyth and Ashington,4.2
City of Durham,2.1999999999999997
Cramlington and Killingworth,2.8000000000000003
Darlington,4.3
Easington,4.5
Gateshead Central and Whickham,4.7
Hartlepool,4.8
Hexham,2.1
Houghton and Sunderland South,3.9
Jarrow and Gateshead East,4.7
Middlesbrough South and East Cleveland,3.5999999999999996
Middlesbrough and Thornaby East,6.2
Newcastle upon Tyne Central and West,5.0
Newcastle upon Tyne East and Wallsend,4.3999999999999995
Newcastle upon Tyne North,2.0
Newton Aycliffe and Spennymoor,3.2
North Durham,3.1
North Northumberland,2.7
Redcar,4.5
South Shields,5.7
Stockton North,5.0
Stockton West,2.0
Sunderland Central,4.3
Tynemouth,3.3000000000000003
Washington and Gateshead South,3.6999999999999997
Altrincham and Sale West,2.0
Ashton-under-Lyne,5.5
Barrow and Furness,2.8000000000000003
Birkenhead,4.6
Blackburn,6.2
Blackley and Middleton South,6.800000000000001
Blackpool North and Fleetwood,3.9
Blackpool South,7.1
Bolton North East,6.3
Bolton South and Walkden,6.800000000000001
Bolton West,3.5000000000000004
Bootle,5.4
Burnley,6.0
Bury North,4.6
Bury South,3.9
Carlisle,2.6
Cheadle,2.0
Chester North and Neston,2.6
Chester South and Eddisbury,1.6
Chorley,2.7
Congleton,1.7999999999999998
Crewe and Nantwich,3.2
Ellesmere Port and Bromborough,3.1
Fylde,2.6
Gorton and Denton,7.199999999999999
Hazel Grove,2.7
Heywood and Middleton North,5.3
Hyndburn,5.6000000000000005
Knowsley,4.8
Lancaster and Wyre,2.1999999999999997
Leigh and Atherton,4.0
Liverpool Garston,3.6999999999999997
Liverpool Riverside,5.6000000000000005
Liverpool Walton,5.6000000000000005
Liverpool Wavertree,5.8999999999999995
Liverpool West Derby,5.5
Macclesfield,2.3
Makerfield,3.0
Manchester Central,4.7
Manchester Rusholme,6.2
Manchester Withington,3.5000000000000004
Mid Cheshire,2.6
Morecambe and Lunesdale,3.0
Oldham East and Saddleworth,6.5
"Oldham West, Chadderton and Royton",7.000000000000001
Pendle and Clitheroe,4.8
Penrith and Solway,2.0
Preston,5.2
Ribble Valley,1.9
Rochdale,6.7
Rossendale and Darwen,3.5999999999999996
Runcorn and Helsby,3.9
Salford,4.5
Sefton Central,1.7999999999999998
South Ribble,2.4
Southport,3.0
St Helens North,3.5999999999999996
St Helens South and Whiston,4.2
Stalybridge and Hyde,4.2
Stockport,4.3999999999999995
Stretford and Urmston,4.2
Tatton,1.9
Wallasey,4.0
Warrington North,2.8000000000000003
Warrington South,2.3
West Lancashire,3.0
Westmorland and Lonsdale,1.6
Whitehaven and Workington,2.8000000000000003
Widnes and Halewood,3.8
Wigan,4.1000000000000005
Wirral West,1.7999999999999998
Worsley and Eccles,3.9
Wythenshawe and Sale East,4.7
Belfast East,3.0
Belfast North,4.8
Belfast South and Mid Down,2.4
Belfast West,4.8
East Antrim,2.7
East Londonderry,3.3000000000000003
Fermanagh and South Tyrone,2.7
Foyle,5.7
Lagan Valley,2.0
Mid Ulster,2.0
Newry and Armagh,3.1
North Antrim,3.1
North Down,2.4
South Antrim,2.1
South Down,2.5
Strangford,3.0
Upper Bann,2.9000000000000004
West Tyrone,2.7
Aberdeen North,3.6999999999999997
Aberdeen South,2.8000000000000003
Aberdeenshire North and Moray East,2.7
Airdrie and Shotts,3.5000000000000004
Alloa and Grangemouth,3.2
Angus and Perthshire Glens,2.5
Arbroath and Broughty Ferry,3.1
"Argyll, Bute and South Lochaber",2.9000000000000004
"Ayr, Carrick and Cumnock",4.1000000000000005
Bathgate and Linlithgow,3.0
"Berwickshire, Roxburgh and Selkirk",3.3000000000000003
"Caithness, Sutherland and Easter Ross",2.1999999999999997
Central Ayrshire,3.5000000000000004
Coatbridge and Bellshill,3.6999999999999997
Cowdenbeath and Kirkcaldy,4.1000000000000005
Cumbernauld and Kirkintilloch,3.0
Dumfries and Galloway,3.2
"Dumfriesshire, Clydesdale and Tweeddale",2.5
Dundee Central,4.3999999999999995
Dunfermline and Dollar,2.6
East Kilbride and Strathaven,2.1999999999999997
East Renfrewshire,1.7999999999999998
Edinburgh East and Musselburgh,2.7
Edinburgh North and Leith,3.2
Edinburgh South,1.7999999999999998
Edinburgh South West,2.7
Edinburgh West,1.9
Falkirk,3.0
Glasgow East,5.5
Glasgow North,4.7
Glasgow North East,5.5
Glasgow South,4.3999999999999995
Glasgow South West,5.0
Glasgow West,4.2
Glenrothes and Mid Fife,4.2
Gordon and Buchan,1.5
Hamilton and Clyde Valley,3.5999999999999996
Inverclyde and Renfrewshire West,3.2
"Inverness, Skye and West Ross-shire",2.5
Kilmarnock and Loudoun,3.9
Livingston,2.7
Lothian East,2.1999999999999997
Mid Dunbartonshire,1.6
Midlothian,2.1999999999999997
"Moray West, Nairn and Strathspey",2.1999999999999997
"Motherwell, Wishaw and Carluke",3.3000000000000003
Na h-Eileanan an Iar,2.1
North Ayrshire and Arran,4.5
North East Fife,2.1
Orkney and Shetland,1.6
Paisley and Renfrewshire North,3.3000000000000003
Paisley and Renfrewshire South,3.4000000000000004
Perth and Kinross-shire,2.6
Rutherglen,3.1
Stirling and Strathallan,2.5
West Aberdeenshire and Kincardine,1.4000000000000001
West Dunbartonshire,4.2
Aldershot,2.7
Arundel and South Downs,2.1
Ashford,3.2
Aylesbury,3.2
Banbury,2.3
Basingstoke,2.8000000000000003
Beaconsfield,2.1999999999999997
Bexhill and Battle,2.9000000000000004
Bicester and Woodstock,1.7999999999999998
Bognor Regis and Littlehampton,3.8
Bracknell,2.3
Brighton Kemptown and Peacehaven,4.5
Brighton Pavilion,3.5000000000000004
Buckingham and Bletchley,3.2
Canterbury,3.3000000000000003
Chatham and Aylesford,3.8
Chesham and Amersham,2.0
Chichester,3.2
Crawley,3.9
Dartford,2.9000000000000004
Didcot and Wantage,2.1
Dorking and Horley,1.9
Dover and Deal,4.1000000000000005
Earley and Woodley,2.3
East Grinstead and Uckfield,2.0
East Hampshire,2.1
East Surrey,2.1999999999999997
East Thanet,6.0
East Worthing and Shoreham,2.4
Eastbourne,4.5
Eastleigh,2.0
Epsom and Ewell,1.9
Esher and Walton,2.1
Fareham and Waterlooville,2.5
Farnham and Bordon,1.7999999999999998
Faversham and Mid Kent,2.9000000000000004
Folkestone and Hythe,4.5
Gillingham and Rainham,3.8
Godalming and Ash,1.7000000000000002
Gosport,3.0
Gravesham,4.3
Guildford,1.9
Hamble Valley,1.7000000000000002
Hastings and Rye,5.1
Havant,3.6999999999999997
Henley and Thame,1.7000000000000002
Herne Bay and Sandwich,3.5000000000000004
Horsham,1.7999999999999998
Hove and Portslade,3.6999999999999997
Isle of Wight East,4.9
Isle of Wight West,3.6999999999999997
Lewes,2.9000000000000004
Maidenhead,2.1
Maidstone and Malling,3.0
Mid Buckinghamshire,1.5
Mid Sussex,1.6
Milton Keynes Central,3.9
Milton Keynes North,3.4000000000000004
New Forest East,2.1
New Forest West,2.1999999999999997
Newbury,2.1999999999999997
North East Hampshire,1.4000000000000001
North West Hampshire,2.1
Oxford East,2.8000000000000003
Oxford West and Abingdon,1.7000000000000002
Portsmouth North,3.9
Portsmouth South,5.2
Reading Central,3.9
Reading West and Mid Berkshire,2.6
Reigate,1.7000000000000002
Rochester and Strood,3.5999999999999996
Romsey and Southampton North,2.0
Runnymede and Weybridge,2.3
Sevenoaks,2.0
Sittingbourne and Sheppey,3.9
Slough,5.0
Southampton Itchen,4.1000000000000005
Southampton Test,4.3999999999999995
Spelthorne,3.0
Surrey Heath,2.0
Sussex Weald,2.0
Tonbridge,2.1999999999999997
Tunbridge Wells,2.3
Weald of Kent,2.4
Winchester,2.0
Windsor,2.5
Witney,1.9
Woking,2.3
Wokingham,1.7000000000000002
Worthing West,2.7
Wycombe,3.9
Bath,1.7999999999999998
Bournemouth East,4.2
Bournemouth West,3.8
Bridgwater,3.0
Bristol Central,2.3
Bristol East,4.2
Bristol North East,3.3000000000000003
Bristol North West,2.7
Bristol South,3.6999999999999997
Camborne and Redruth,3.2
Central Devon,2.0
Cheltenham,2.6
Chippenham,2.0
Christchurch,2.4
East Wiltshire,2.0
Exeter,2.0
Exmouth and Exeter East,1.7000000000000002
Filton and Bradley Stoke,1.6
Forest of Dean,2.8000000000000003
Frome and East Somerset,2.3
Glastonbury and Somerton,2.5
Gloucester,3.5999999999999996
Honiton and Sidmouth,1.9
Melksham and Devizes,2.3
Mid Dorset and North Poole,2.1
Newton Abbot,2.1999999999999997
North Cornwall,3.0
North Cotswolds,1.7999999999999998
North Devon,2.7
North Dorset,2.0
North East Somerset and Hanham,1.6
North Somerset,1.7000000000000002
Plymouth Moor View,3.1
Plymouth Sutton and Devonport,4.3
Poole,2.9000000000000004
Salisbury,2.4
South Cotswolds,1.7999999999999998
South Devon,2.4
South Dorset,3.3000000000000003
South East Cornwall,2.7
South West Devon,1.6
South West Wiltshire,2.4
St Austell and Newquay,3.5000000000000004
St Ives,3.2
Stroud,2.0
Swindon North,2.9000000000000004
Swindon South,3.5999999999999996
Taunton and Wellington,2.4
Tewkesbury,2.3
Thornbury and Yate,1.9
Tiverton and Minehead,2.3
Torbay,3.5999999999999996
Torridge and Tavistock,2.4
Truro and Falmouth,2.4
Wells and Mendip Hills,2.3
West Dorset,2.4
Weston-super-Mare,3.5000000000000004
Yeovil,2.6
Aberafan Maesteg,3.5000000000000004
Alyn and Deeside,2.7
Bangor Aberconwy,3.2
Blaenau Gwent and Rhymney,4.3999999999999995
"Brecon, Radnor and Cwm Tawe",2.6
Bridgend,2.4
Caerfyrddin,2.9000000000000004
Caerphilly,3.2
Cardiff East,4.5
Cardiff North,2.1999999999999997
Cardiff South and Penarth,3.5000000000000004
Cardiff West,3.6999999999999997
Ceredigion Preseli,2.9000000000000004
Clwyd East,2.6
Clwyd North,4.6
Dwyfor Meirionnydd,2.6
Gower,2.1999999999999997
Llanelli,3.0
Merthyr Tydfil and Aberdare,3.3000000000000003
Mid and South Pembrokeshire,3.3000000000000003
Monmouthshire,2.4
Montgomeryshire and Glyndwr,2.6
Neath and Swansea East,2.7
Newport East,5.2
Newport West and Islwyn,2.9000000000000004
Pontypridd,2.7
Rhondda and Ogmore,3.5000000000000004
Swansea West,4.3999999999999995
Torfaen,3.8
Vale of Glamorgan,3.3000000000000003
Wrexham,2.9000000000000004
Ynys Mon,3.6999999999999997
Aldridge-Brownhills,2.9000000000000004
Birmingham Edgbaston,8.0
Birmingham Erdington,9.1
Birmingham Hall Green and Moseley,9.0
Birmingham Hodge Hill and Solihull North,8.4
Birmingham Ladywood,10.4
Birmingham Northfield,7.1
Birmingham Perry Barr,12.8
Birmingham Selly Oak,5.7
Birmingham Yardley,8.7
Bromsgrove,2.4
Burton and Uttoxeter,3.9
Cannock Chase,3.3000000000000003
Coventry East,6.6000000000000005
Coventry North West,4.6
Coventry South,4.3
Droitwich and Evesham,2.8000000000000003
Dudley,5.6000000000000005
Halesowen,4.1000000000000005
Hereford and South Herefordshire,2.6
Kenilworth and Southam,1.5
Kingswinford and South Staffordshire,2.5
Lichfield,2.1999999999999997
Meriden and Solihull East,3.5999999999999996
Newcastle-under-Lyme,3.1
North Herefordshire,2.3
North Shropshire,2.5
North Warwickshire and Bedworth,2.8000000000000003
Nuneaton,3.5000000000000004
Redditch,3.5999999999999996
Rugby,2.5
Shrewsbury,2.4
Smethwick,6.2
Solihull West and Shirley,2.5
South Shropshire,2.1999999999999997
Stafford,2.8000000000000003
Staffordshire Moorlands,2.3
Stoke-on-Trent Central,6.3
Stoke-on-Trent North,5.3
Stoke-on-Trent South,3.6999999999999997
"Stone, Great Wyrley and Penkridge",2.3
Stourbridge,4.6
Stratford-on-Avon,2.0
Sutton Coldfield,2.5
Tamworth,3.2
Telford,4.0
The Wrekin,2.4
Tipton and Wednesbury,5.800000000000001
Walsall and Bloxwich,6.9
Warwick and Leamington,2.3
West Bromwich,5.7
West Worcestershire,2.3
Wolverhampton North East,6.4
Wolverhampton South East,6.9
Wolverhampton West,6.7
Worcester,3.5000000000000004
Wyre Forest,3.1
Barnsley North,3.3000000000000003
Barnsley South,4.0
Beverley and Holderness,2.1999999999999997
Bradford East,9.0
Bradford South,6.9
Bradford West,9.5
Bridlington and The Wolds,3.5000000000000004
Brigg and Immingham,2.4
Calder Valley,3.0
Colne Valley,2.7
Dewsbury and Batley,6.3
Doncaster Central,5.5
Doncaster East and the Isle of Axholme,2.9000000000000004
Doncaster North,4.3
Goole and Pocklington,2.1999999999999997
Great Grimsby and Cleethorpes,5.6000000000000005
Halifax,5.7
Harrogate and Knaresborough,1.7000000000000002
Huddersfield,5.8999999999999995
Keighley and Ilkley,4.6
Kingston upon Hull East,5.800000000000001
Kingston upon Hull North and Cottingham,5.2
Kingston upon Hull West and Haltemprice,4.7
Leeds Central and Headingley,3.1
Leeds East,6.2
Leeds North East,4.1000000000000005
Leeds North West,2.1
Leeds South,7.3999999999999995
Leeds South West and Morley,3.0
Leeds West and Pudsey,4.7
Normanton and Hemsworth,3.0
Ossett and Denby Dale,2.7
Penistone and Stocksbridge,2.1
"Pontefract, Castleford and Knottingley",3.4000000000000004
Rawmarsh and Conisbrough,3.8
Richmond and Northallerton,1.7999999999999998
Rother Valley,2.9000000000000004
Rotherham,5.5
Scarborough and Whitby,3.2
Scunthorpe,4.3
Selby,2.1999999999999997
Sheffield Brightside and Hillsborough,6.800000000000001
Sheffield Central,3.3000000000000003
Sheffield Hallam,1.4000000000000001
Sheffield Heeley,5.2
Sheffield South East,4.7
Shipley,3.3000000000000003
Skipton and Ripon,1.9
Spen Valley,3.5999999999999996
Thirsk and Malton,2.1
Wakefield and Rothwell,4.1000000000000005
Wetherby and Easingwold,1.4000000000000001
York Central,2.1
York Outer,1.2
Basildon and Billericay,3.8
Bedford,5.1
Braintree,2.6
Brentwood and Ongar,2.4
Broadland and Fakenham,2.1
Broxbourne,3.1
Bury St Edmunds and Stowmarket,2.4
Cambridge,2.0
Castle Point,2.3
Central Suffolk and North Ipswich,2.0
Chelmsford,2.6
Clacton,4.3
Colchester,3.2
Dunstable and Leighton Buzzard,2.5
Ely and East Cambridgeshire,2.0
Epping Forest,2.9000000000000004
Great Yarmouth,5.1
Harlow,4.1000000000000005
Harpenden and Berkhamsted,1.6
Harwich and North Essex,2.7
Hemel Hempstead,3.3000000000000003
Hertford and Stortford,1.9
Hertsmere,3.0
Hitchin,1.9
Huntingdon,2.1
Ipswich,4.7
Lowestoft,3.8
Luton North,4.5
Luton South and South Bedfordshire,6.1
Maldon,2.1999999999999997
Mid Bedfordshire,1.7000000000000002
Mid Norfolk,2.0
North Bedfordshire,2.1999999999999997
North East Cambridgeshire,3.6999999999999997
North East Hertfordshire,2.1999999999999997
North Norfolk,2.8000000000000003
North West Cambridgeshire,3.3000000000000003
North West Essex,2.0
North West Norfolk,3.0
Norwich North,3.1
Norwich South,3.4000000000000004
Peterborough,6.800000000000001
Rayleigh and Wickford,1.9
South Basildon and East Thurrock,3.5000000000000004
South Cambridgeshire,1.6
South Norfolk,1.9
South Suffolk,2.3
South West Hertfordshire,2.4
South West Norfolk,2.4
Southend East and Rochford,5.0
Southend West and Leigh,3.2
St Albans,2.3
St Neots and Mid Cambridgeshire,1.9
Stevenage,3.0
Suffolk Coastal,1.9
Thurrock,4.6
Watford,3.6999999999999997
Waveney Valley,2.1999999999999997
Welwyn Hatfield,2.6
West Suffolk,2.1999999999999997
Witham,2.3
Amber Valley,3.0
Ashfield,3.9
Bassetlaw,3.3000000000000003
Bolsover,3.0
Boston and Skegness,4.3
Broxtowe,2.7
Chesterfield,3.5999999999999996
Corby and East Northamptonshire,3.3000000000000003
Daventry,2.1999999999999997
Derby North,4.1000000000000005
Derby South,6.800000000000001
Derbyshire Dales,1.9
Erewash,3.5999999999999996
Gainsborough,2.9000000000000004
Gedling,3.1
Grantham and Bourne,3.0
"Harborough, Oadby and Wigston",2.1999999999999997
High Peak,2.5
Hinckley and Bosworth,2.3
Kettering,3.2
Leicester East,4.5
Leicester South,5.1
Leicester West,5.5
Lincoln,3.5000000000000004
Loughborough,2.1999999999999997
Louth and Horncastle,2.6
Mansfield,4.0
Melton and Syston,2.6
Mid Derbyshire,1.9
Mid Leicestershire,2.1
Newark,2.8000000000000003
North East Derbyshire,2.8000000000000003
North West Leicestershire,1.9
Northampton North,4.8
Northampton South,2.9000000000000004
Nottingham East,6.6000000000000005
Nottingham North and Kimberley,6.3
Nottingham South,4.1000000000000005
Rushcliffe,1.9
Rutland and Stamford,1.9
Sherwood Forest,2.9000000000000004
Sleaford and North Hykeham,2.1
South Derbyshire,2.3
South Holland and The Deepings,2.8000000000000003
South Leicestershire,1.7999999999999998
South Northamptonshire,1.6
Wellingborough and Rushden,3.8
Barking,6.4
Battersea,3.1
Beckenham and Penge,3.4000000000000004
Bermondsey and Old Southwark,4.2
Bethnal Green and Stepney,6.0
Bexleyheath and Crayford,3.1
Brent East,7.8
Brent West,4.6
Brentford and Isleworth,4.7
Bromley and Biggin Hill,2.8000000000000003
Carshalton and Wallington,3.4000000000000004
Chelsea and Fulham,3.3000000000000003
Chingford and Woodford Green,4.3999999999999995
Chipping Barnet,3.4000000000000004
Cities of London and Westminster,2.9000000000000004
Clapham and Brixton Hill,4.7
Croydon East,5.1
Croydon South,3.4000000000000004
Croydon West,6.800000000000001
Dagenham and Rainham,5.6000000000000005
Dulwich and West Norwood,5.5
Ealing Central and Acton,5.1
Ealing North,6.1
Ealing Southall,5.2
East Ham,6.800000000000001
Edmonton and Winchmore Hill,7.000000000000001
Eltham and Chislehurst,4.0
Enfield North,6.2
Erith and Thamesmead,5.7
Feltham and Heston,5.1
Finchley and Golders Green,4.5
Greenwich and Woolwich,4.5
Hackney North and Stoke Newington,6.4
Hackney South and Shoreditch,6.0
Hammersmith and Chiswick,4.5
Hampstead and Highgate,3.6999999999999997
Harrow East,3.6999999999999997
Harrow West,4.2
Hayes and Harlington,5.0
Hendon,4.7
Holborn and St Pancras,4.7
Hornchurch and Upminster,3.5000000000000004
Hornsey and Friern Barnet,4.6
Ilford North,4.6
Ilford South,6.0
Islington North,5.4
Islington South and Finsbury,5.2
Kensington and Bayswater,3.4000000000000004
Kingston and Surbiton,2.9000000000000004
Lewisham East,6.9
Lewisham North,5.8999999999999995
Lewisham West and East Dulwich,5.3
Leyton and Wanstead,5.6000000000000005
Mitcham and Morden,5.3
Old Bexley and Sidcup,2.1999999999999997
Orpington,3.1
Peckham,6.0
Poplar and Limehouse,4.6
Putney,3.5000000000000004
Queen's Park and Maida Vale,6.5
Richmond Park,2.3
Romford,4.1000000000000005
"Ruislip, Northwood and Pinner",2.4
Southgate and Wood Green,5.7
Stratford and Bow,5.5
Streatham and Croydon North,6.1
Sutton and Cheam,2.6
Tooting,3.4000000000000004
Tottenham,7.8
Twickenham,2.3
Uxbridge and South Ruislip,3.5999999999999996
Vauxhall and Camberwell Green,5.6000000000000005
Walthamstow,6.6000000000000005
West Ham and Beckton,6.6000000000000005
Wimbledon,2.5
Bishop Auckland,3.3000000000000003
Blaydon and Consett,3.1
Blyth and Ashington,4.1000000000000005
City of Durham,2.1999999999999997
Cramlington and Killingworth,2.7
Darlington,4.2
Easington,4.3999999999999995
Gateshead Central and Whickham,4.6
Hartlepool,4.8
Hexham,2.0
Houghton and Sunderland South,3.9
Jarrow and Gateshead East,4.6
Middlesbrough South and East Cleveland,3.5000000000000004
Middlesbrough and Thornaby East,6.2
Newcastle upon Tyne Central and West,5.0
Newcastle upon Tyne East and Wallsend,4.3
Newcastle upon Tyne North,2.0
Newton Aycliffe and Spennymoor,3.2
North Durham,3.1
North Northumberland,2.7
Redcar,4.3
South Shields,5.6000000000000005
Stockton North,5.0
Stockton West,1.9
Sunderland Central,4.3999999999999995
Tynemouth,3.2
Washington and Gateshead South,3.5999999999999996
Altrincham and Sale West,2.0
Ashton-under-Lyne,5.5
Barrow and Furness,2.7
Birkenhead,4.5
Blackburn,6.3
Blackley and Middleton South,6.9
Blackpool North and Fleetwood,3.8
Blackpool South,6.9
Bolton North East,6.2
Bolton South and Walkden,6.800000000000001
Bolton West,3.5000000000000004
Bootle,5.2
Burnley,6.2
Bury North,4.6
Bury South,4.0
Carlisle,2.7
Cheadle,2.0
Chester North and Neston,2.6
Chester South and Eddisbury,1.6
Chorley,2.7
Congleton,1.7999999999999998
Crewe and Nantwich,3.0
Ellesmere Port and Bromborough,3.0
Fylde,2.6
Gorton and Denton,7.3
Hazel Grove,2.7
Heywood and Middleton North,5.2
Hyndburn,5.6000000000000005
Knowsley,4.7
Lancaster and Wyre,2.1999999999999997
Leigh and Atherton,3.9
Liverpool Garston,3.5999999999999996
Liverpool Riverside,5.6000000000000005
Liverpool Walton,5.5
Liverpool Wavertree,5.800000000000001
Liverpool West Derby,5.5
Macclesfield,2.3
Makerfield,3.0
Manchester Central,4.7
Manchester Rusholme,6.2
Manchester Withington,3.5000000000000004
Mid Cheshire,2.5
Morecambe and Lunesdale,3.0
Oldham East and Saddleworth,6.6000000000000005
"Oldham West, Chadderton and Royton",7.1
Pendle and Clitheroe,5.0
Penrith and Solway,2.0
Preston,5.2
Ribble Valley,1.7999999999999998
Rochdale,7.000000000000001
Rossendale and Darwen,3.5999999999999996
Runcorn and Helsby,3.9
Salford,4.5
Sefton Central,1.9
South Ribble,2.3
Southport,2.9000000000000004
St Helens North,3.5000000000000004
St Helens South and Whiston,4.1000000000000005
Stalybridge and Hyde,4.2
Stockport,4.3
Stretford and Urmston,4.2
Tatton,1.9
Wallasey,3.9
Warrington North,2.8000000000000003
Warrington South,2.3
West Lancashire,2.9000000000000004
Westmorland and Lonsdale,1.5
Whitehaven and Workington,2.7
Widnes and Halewood,3.8
Wigan,4.0
Wirral West,1.7000000000000002
Worsley and Eccles,4.0
Wythenshawe and Sale East,4.6
Belfast East,2.9000000000000004
Belfast North,4.8
Belfast South and Mid Down,2.4
Belfast West,4.8
East Antrim,2.6
East Londonderry,3.3000000000000003
Fermanagh and South Tyrone,2.7
Foyle,5.7
Lagan Valley,2.1
Mid Ulster,2.0
Newry and Armagh,3.2
North Antrim,3.1
North Down,2.4
South Antrim,2.1
South Down,2.5
Strangford,3.0
Upper Bann,2.9000000000000004
West Tyrone,2.7
Aberdeen North,3.6999999999999997
Aberdeen South,2.8000000000000003
Aberdeenshire North and Moray East,2.5
Airdrie and Shotts,3.5000000000000004
Alloa and Grangemouth,3.0
Angus and Perthshire Glens,2.4
Arbroath and Broughty Ferry,3.0
"Argyll, Bute and South Lochaber",2.8000000000000003
"Ayr, Carrick and Cumnock",4.1000000000000005
Bathgate and Linlithgow,2.8000000000000003
"Berwickshire, Roxburgh and Selkirk",3.2
"Caithness, Sutherland and Easter Ross",2.1
Central Ayrshire,3.4000000000000004
Coatbridge and Bellshill,3.5999999999999996
Cowdenbeath and Kirkcaldy,4.0
Cumbernauld and Kirkintilloch,3.0
Dumfries and Galloway,3.1
"Dumfriesshire, Clydesdale and Tweeddale",2.5
Dundee Central,4.2
Dunfermline and Dollar,2.6
East Kilbride and Strathaven,2.1999999999999997
East Renfrewshire,1.7999999999999998
Edinburgh East and Musselburgh,2.7
Edinburgh North and Leith,3.2
Edinburgh South,1.7000000000000002
Edinburgh South West,2.7
Edinburgh West,1.7999999999999998
Falkirk,3.0
Glasgow East,5.5
Glasgow North,4.5
Glasgow North East,5.5
Glasgow South,4.3
Glasgow South West,4.9
Glasgow West,4.3
Glenrothes and Mid Fife,4.1000000000000005
Gordon and Buchan,1.5
Hamilton and Clyde Valley,3.5999999999999996
Inverclyde and Renfrewshire West,3.1
"Inverness, Skye and West Ross-shire",2.3
Kilmarnock and Loudoun,3.8
Livingston,2.6
Lothian East,2.1999999999999997
Mid Dunbartonshire,1.6
Midlothian,2.1999999999999997
"Moray West, Nairn and Strathspey",2.0
"Motherwell, Wishaw and Carluke",3.2
Na h-Eileanan an Iar,1.9
North Ayrshire and Arran,4.3999999999999995
North East Fife,2.1
Orkney and Shetland,1.5
Paisley and Renfrewshire North,3.2
Paisley and Renfrewshire South,3.4000000000000004
Perth and Kinross-shire,2.5
Rutherglen,3.1
Stirling and Strathallan,2.4
West Aberdeenshire and Kincardine,1.4000000000000001
West Dunbartonshire,4.1000000000000005
Aldershot,2.6
Arundel and South Downs,2.0
Ashford,3.1
Aylesbury,3.3000000000000003
Banbury,2.3
Basingstoke,2.8000000000000003
Beaconsfield,2.1999999999999997
Bexhill and Battle,2.9000000000000004
Bicester and Woodstock,1.7999999999999998
Bognor Regis and Littlehampton,3.9
Bracknell,2.3
Brighton Kemptown and Peacehaven,4.3999999999999995
Brighton Pavilion,3.5000000000000004
Buckingham and Bletchley,3.2
Canterbury,3.3000000000000003
Chatham and Aylesford,3.6999999999999997
Chesham and Amersham,2.1
Chichester,3.1
Crawley,3.8
Dartford,2.9000000000000004
Didcot and Wantage,2.1
Dorking and Horley,1.7999999999999998
Dover and Deal,3.9
Earley and Woodley,2.3
East Grinstead and Uckfield,2.0
East Hampshire,2.1
East Surrey,2.1999999999999997
East Thanet,5.800000000000001
East Worthing and Shoreham,2.4
Eastbourne,4.3999999999999995
Eastleigh,2.0
Epsom and Ewell,1.7999999999999998
Esher and Walton,2.1
Fareham and Waterlooville,2.4
Farnham and Bordon,1.7999999999999998
Faversham and Mid Kent,2.9000000000000004
Folkestone and Hythe,4.3999999999999995
Gillingham and Rainham,3.5999999999999996
Godalming and Ash,1.7000000000000002
Gosport,3.1
Gravesham,4.3999999999999995
Guildford,1.7999999999999998
Hamble Valley,1.7000000000000002
Hastings and Rye,4.9
Havant,3.6999999999999997
Henley and Thame,1.7000000000000002
Herne Bay and Sandwich,3.4000000000000004
Horsham,1.7999999999999998
Hove and Portslade,3.5999999999999996
Isle of Wight East,4.6
Isle of Wight West,3.5999999999999996
Lewes,2.9000000000000004
Maidenhead,2.1
Maidstone and Malling,3.0
Mid Buckinghamshire,1.5
Mid Sussex,1.6
Milton Keynes Central,4.0
Milton Keynes North,3.5000000000000004
New Forest East,2.1
New Forest West,2.1
Newbury,2.1999999999999997
North East Hampshire,1.4000000000000001
North West Hampshire,2.0
Oxford East,2.8000000000000003
Oxford West and Abingdon,1.7000000000000002
Portsmouth North,3.8
Portsmouth South,5.2
Reading Central,3.9
Reading West and Mid Berkshire,2.6
Reigate,1.7000000000000002
Rochester and Strood,3.5999999999999996
Romsey and Southampton North,1.9
Runnymede and Weybridge,2.3
Sevenoaks,2.0
Sittingbourne and Sheppey,3.8
Slough,5.0
Southampton Itchen,4.1000000000000005
Southampton Test,4.5
Spelthorne,2.9000000000000004
Surrey Heath,1.9
Sussex Weald,2.1
Tonbridge,2.1
Tunbridge Wells,2.3
Weald of Kent,2.3
Winchester,1.9
Windsor,2.5
Witney,1.9
Woking,2.4
Wokingham,1.7000000000000002
Worthing West,2.6
Wycombe,4.0
Bath,1.9
Bournemouth East,4.1000000000000005
Bournemouth West,3.8
Bridgwater,3.0
Bristol Central,2.1999999999999997
Bristol East,4.1000000000000005
Bristol North East,3.3000000000000003
Bristol North West,2.7
Bristol South,3.5999999999999996
Camborne and Redruth,3.1
Central Devon,2.1
Cheltenham,2.6
Chippenham,2.0
Christchurch,2.4
East Wiltshire,2.1
Exeter,2.0
Exmouth and Exeter East,1.7999999999999998
Filton and Bradley Stoke,1.5
Forest of Dean,2.8000000000000003
Frome and East Somerset,2.3
Glastonbury and Somerton,2.4
Gloucester,3.5999999999999996
Honiton and Sidmouth,1.9
Melksham and Devizes,2.3
Mid Dorset and North Poole,2.1
Newton Abbot,2.1999999999999997
North Cornwall,2.9000000000000004
North Cotswolds,1.7999999999999998
North Devon,2.6
North Dorset,2.0
North East Somerset and Hanham,1.6
North Somerset,1.7000000000000002
Plymouth Moor View,3.1
Plymouth Sutton and Devonport,4.1000000000000005
Poole,3.0
Salisbury,2.4
South Cotswolds,1.7000000000000002
South Devon,2.4
South Dorset,3.2
South East Cornwall,2.6
South West Devon,1.6
South West Wiltshire,2.4
St Austell and Newquay,3.4000000000000004
St Ives,3.0
Stroud,2.0
Swindon North,2.8000000000000003
Swindon South,3.5999999999999996
Taunton and Wellington,2.3
Tewkesbury,2.1999999999999997
Thornbury and Yate,1.9
Tiverton and Minehead,2.3
Torbay,3.5000000000000004
Torridge and Tavistock,2.4
Truro and Falmouth,2.3
Wells and Mendip Hills,2.4
West Dorset,2.1999999999999997
Weston-super-Mare,3.3000000000000003
Yeovil,2.5
Aberafan Maesteg,3.5000000000000004
Alyn and Deeside,2.7
Bangor Aberconwy,3.1
Blaenau Gwent and Rhymney,4.3999999999999995
"Brecon, Radnor and Cwm Tawe",2.6
Bridgend,2.4
Caerfyrddin,2.9000000000000004
Caerphilly,3.1
Cardiff East,4.5
Cardiff North,2.1999999999999997
Cardiff South and Penarth,3.5000000000000004
Cardiff West,3.8
Ceredigion Preseli,2.9000000000000004
Clwyd East,2.6
Clwyd North,4.3999999999999995
Dwyfor Meirionnydd,2.5
Gower,2.1
Llanelli,3.1
Merthyr Tydfil and Aberdare,3.3000000000000003
Mid and South Pembrokeshire,3.2
Monmouthshire,2.4
Montgomeryshire and Glyndwr,2.6
Neath and Swansea East,2.7
Newport East,5.2
Newport West and Islwyn,2.9000000000000004
Pontypridd,2.7
Rhondda and Ogmore,3.5000000000000004
Swansea West,4.3
Torfaen,3.6999999999999997
Vale of Glamorgan,3.4000000000000004
Wrexham,2.9000000000000004
Ynys Mon,3.5000000000000004
Aldridge-Brownhills,2.7
Birmingham Edgbaston,7.9
Birmingham Erdington,9.0
Birmingham Hall Green and Moseley,9.0
Birmingham Hodge Hill and Solihull North,8.3
Birmingham Ladywood,10.4
Birmingham Northfield,6.9
Birmingham Perry Barr,12.7
Birmingham Selly Oak,5.6000000000000005
Birmingham Yardley,8.6
Bromsgrove,2.3
Burton and Uttoxeter,3.9
Cannock Chase,3.2
Coventry East,6.5
Coventry North West,4.5
Coventry South,4.3
Droitwich and Evesham,2.7
Dudley,5.4
Halesowen,4.0
Hereford and South Herefordshire,2.6
Kenilworth and Southam,1.5
Kingswinford and South Staffordshire,2.5
Lichfield,2.1
Meriden and Solihull East,3.5000000000000004
Newcastle-under-Lyme,3.0
North Herefordshire,2.1999999999999997
North Shropshire,2.5
North Warwickshire and Bedworth,2.8000000000000003
Nuneaton,3.5000000000000004
Redditch,3.5000000000000004
Rugby,2.5
Shrewsbury,2.3
Smethwick,6.2
Solihull West and Shirley,2.4
South Shropshire,2.1999999999999997
Stafford,2.8000000000000003
Staffordshire Moorlands,2.3
Stoke-on-Trent Central,6.4
Stoke-on-Trent North,5.4
Stoke-on-Trent South,3.6999999999999997
"Stone, Great Wyrley and Penkridge",2.3
Stourbridge,4.5
Stratford-on-Avon,1.9
Sutton Coldfield,2.5
Tamworth,3.1
Telford,3.9
The Wrekin,2.4
Tipton and Wednesbury,5.7
Walsall and Bloxwich,6.7
Warwick and Leamington,2.1999999999999997
West Bromwich,5.7
West Worcestershire,2.4
Wolverhampton North East,6.2
Wolverhampton South East,6.800000000000001
Wolverhampton West,6.6000000000000005
Worcester,3.5000000000000004
Wyre Forest,3.0
Barnsley North,3.3000000000000003
Barnsley South,4.0
Beverley and Holderness,2.1999999999999997
Bradford East,9.4
Bradford South,7.1
Bradford West,9.8
Bridlington and The Wolds,3.4000000000000004
Brigg and Immingham,2.3
Calder Valley,2.9000000000000004
Colne Valley,2.7
Dewsbury and Batley,6.5
Doncaster Central,5.5
Doncaster East and the Isle of Axholme,2.9000000000000004
Doncaster North,4.2
Goole and Pocklington,2.1
Great Grimsby and Cleethorpes,5.5
Halifax,5.7
Harrogate and Knaresborough,1.7000000000000002
Huddersfield,6.0
Keighley and Ilkley,4.9
Kingston upon Hull East,5.6000000000000005
Kingston upon Hull North and Cottingham,5.2
Kingston upon Hull West and Haltemprice,4.6
Leeds Central and Headingley,3.1
Leeds East,6.2
Leeds North East,4.2
Leeds North West,2.1
Leeds South,7.5
Leeds South West and Morley,3.0
Leeds West and Pudsey,4.8
Normanton and Hemsworth,3.0
Ossett and Denby Dale,2.8000000000000003
Penistone and Stocksbridge,2.1
"Pontefract, Castleford and Knottingley",3.4000000000000004
Rawmarsh and Conisbrough,3.8
Richmond and Northallerton,1.7999999999999998
Rother Valley,2.9000000000000004
Rotherham,5.5
Scarborough and Whitby,3.1
Scunthorpe,4.3
Selby,2.1999999999999997
Sheffield Brightside and Hillsborough,6.800000000000001
Sheffield Central,3.2
Sheffield Hallam,1.4000000000000001
Sheffield Heeley,5.1
Sheffield South East,4.7
Shipley,3.3000000000000003
Skipton and Ripon,1.9
Spen Valley,3.5999999999999996
Thirsk and Malton,2.0
Wakefield and Rothwell,4.1000000000000005
Wetherby and Easingwold,1.3
York Central,2.0
York Outer,1.2
Basildon and Billericay,3.8
Bedford,5.1
Braintree,2.6
Brentwood and Ongar,2.4
Broadland and Fakenham,2.0
Broxbourne,3.2
Bury St Edmunds and Stowmarket,2.3
Cambridge,2.0
Castle Point,2.3
Central Suffolk and North Ipswich,2.0
Chelmsford,2.7
Clacton,4.2
Colchester,3.3000000000000003
Dunstable and Leighton Buzzard,2.5
Ely and East Cambridgeshire,2.0
Epping Forest,3.0
Great Yarmouth,4.9
Harlow,4.1000000000000005
Harpenden and Berkhamsted,1.6
Harwich and North Essex,2.7
Hemel Hempstead,3.3000000000000003
Hertford and Stortford,1.9
Hertsmere,3.0
Hitchin,1.9
Huntingdon,2.1
Ipswich,4.7
Lowestoft,3.8
Luton North,4.6
Luton South and South Bedfordshire,6.2
Maldon,2.1999999999999997
Mid Bedfordshire,1.7000000000000002
Mid Norfolk,1.9
North Bedfordshire,2.1999999999999997
North East Cambridgeshire,3.5999999999999996
North East Hertfordshire,2.1999999999999997
North Norfolk,2.6
North West Cambridgeshire,3.4000000000000004
North West Essex,2.0
North West Norfolk,2.9000000000000004
Norwich North,3.1
Norwich South,3.4000000000000004
Peterborough,6.9
Rayleigh and Wickford,2.0
South Basildon and East Thurrock,3.5000000000000004
South Cambridgeshire,1.5
South Norfolk,1.9
South Suffolk,2.3
South West Hertfordshire,2.5
South West Norfolk,2.4
Southend East and Rochford,5.0
Southend West and Leigh,3.1
St Albans,2.4
St Neots and Mid Cambridgeshire,1.9
Stevenage,3.0
Suffolk Coastal,2.0
Thurrock,4.3999999999999995
Watford,3.6999999999999997
Waveney Valley,2.1999999999999997
Welwyn Hatfield,2.7
West Suffolk,2.1999999999999997
Witham,2.3
Amber Valley,2.9000000000000004
Ashfield,3.8
Bassetlaw,3.3000000000000003
Bolsover,3.0
Boston and Skegness,4.2
Broxtowe,2.7
Chesterfield,3.5000000000000004
Corby and East Northamptonshire,3.3000000000000003
Daventry,2.1999999999999997
Derby North,4.2
Derby South,6.800000000000001
Derbyshire Dales,1.7999999999999998
Erewash,3.4000000000000004
Gainsborough,2.9000000000000004
Gedling,3.0
Grantham and Bourne,2.9000000000000004
"Harborough, Oadby and Wigston",2.1999999999999997
High Peak,2.5
Hinckley and Bosworth,2.4
Kettering,3.2
Leicester East,4.9
Leicester South,5.4
Leicester West,5.5
Lincoln,3.5000000000000004
Loughborough,2.3
Louth and Horncastle,2.5
Mansfield,3.9
Melton and Syston,2.6
Mid Derbyshire,1.7999999999999998
Mid Leicestershire,2.1
Newark,2.7
North East Derbyshire,2.7
North West Leicestershire,1.9
Northampton North,5.0
Northampton South,2.9000000000000004
Nottingham East,6.7
Nottingham North and Kimberley,6.3
Nottingham South,4.2
Rushcliffe,1.9
Rutland and Stamford,1.9
Sherwood Forest,2.9000000000000004
Sleaford and North Hykeham,2.0
South Derbyshire,2.3
South Holland and The Deepings,2.8000000000000003
South Leicestershire,1.9
South Northamptonshire,1.6
Wellingborough and Rushden,3.8
Barking,6.6000000000000005
Battersea,3.1
Beckenham and Penge,3.4000000000000004
Bermondsey and Old Southwark,4.3
Bethnal Green and Stepney,6.2
Bexleyheath and Crayford,3.2
Brent East,8.0
Brent West,4.7
Brentford and Isleworth,4.8
Bromley and Biggin Hill,2.8000000000000003
Carshalton and Wallington,3.5000000000000004
Chelsea and Fulham,3.3000000000000003
Chingford and Woodford Green,4.5
Chipping Barnet,3.4000000000000004
Cities of London and Westminster,2.9000000000000004
Clapham and Brixton Hill,4.8
Croydon East,5.1
Croydon South,3.5000000000000004
Croydon West,6.9
Dagenham and Rainham,5.7
Dulwich and West Norwood,5.6000000000000005
Ealing Central and Acton,5.3
Ealing North,6.0
Ealing Southall,5.4
East Ham,7.1
Edmonton and Winchmore Hill,7.199999999999999
Eltham and Chislehurst,3.9
Enfield North,6.3
Erith and Thamesmead,5.8999999999999995
Feltham and Heston,5.2
Finchley and Golders Green,4.6
Greenwich and Woolwich,4.6
Hackney North and Stoke Newington,6.7
Hackney South and Shoreditch,6.2
Hammersmith and Chiswick,4.5
Hampstead and Highgate,3.8
Harrow East,3.8
Harrow West,4.2
Hayes and Harlington,5.1
Hendon,4.9
Holborn and St Pancras,4.8
Hornchurch and Upminster,3.5999999999999996
Hornsey and Friern Barnet,4.6
Ilford North,4.8
Ilford South,6.2
Islington North,5.5
Islington South and Finsbury,5.3
Kensington and Bayswater,3.5000000000000004
Kingston and Surbiton,2.9000000000000004
Lewisham East,6.9
Lewisham North,5.8999999999999995
Lewisham West and East Dulwich,5.3
Leyton and Wanstead,5.800000000000001
Mitcham and Morden,5.4
Old Bexley and Sidcup,2.1999999999999997
Orpington,3.2
Peckham,6.1
Poplar and Limehouse,4.8
Putney,3.5999999999999996
Queen's Park and Maida Vale,6.5
Richmond Park,2.3
Romford,4.2
"Ruislip, Northwood and Pinner",2.5
Southgate and Wood Green,6.0
Stratford and Bow,5.800000000000001
Streatham and Croydon North,6.1
Sutton and Cheam,2.6
Tooting,3.4000000000000004
Tottenham,8.1
Twickenham,2.3
Uxbridge and South Ruislip,3.6999999999999997
Vauxhall and Camberwell Green,5.7
Walthamstow,6.800000000000001
West Ham and Beckton,6.7
Wimbledon,2.5
Bishop Auckland,3.3000000000000003
Blaydon and Consett,3.2
Blyth and Ashington,4.2
City of Durham,2.1
Cramlington and Killingworth,2.8000000000000003
Darlington,4.2
Easington,4.3999999999999995
Gateshead Central and Whickham,4.5
Hartlepool,4.8
Hexham,2.1
Houghton and Sunderland South,3.9
Jarrow and Gateshead East,4.5
Middlesbrough South and East Cleveland,3.4000000000000004
Middlesbrough and Thornaby East,6.2
Newcastle upon Tyne Central and West,5.3
Newcastle upon Tyne East and Wallsend,4.3
Newcastle upon Tyne North,2.0
Newton Aycliffe and Spennymoor,3.2
North Durham,3.1
North Northumberland,2.7
Redcar,4.2
South Shields,5.6000000000000005
Stockton North,5.0
Stockton West,1.9
Sunderland Central,4.5
Tynemouth,3.2
Washington and Gateshead South,3.6999999999999997
Altrincham and Sale West,1.9
Ashton-under-Lyne,5.4
Barrow and Furness,2.6
Birkenhead,4.6
Blackburn,6.6000000000000005
Blackley and Middleton South,7.000000000000001
Blackpool North and Fleetwood,3.5999999999999996
Blackpool South,6.7
Bolton North East,6.2
Bolton South and Walkden,7.000000000000001
Bolton West,3.4000000000000004
Bootle,5.2
Burnley,6.2
Bury North,4.7
Bury South,4.1000000000000005
Carlisle,2.7
Cheadle,2.0
Chester North and Neston,2.6
Chester South and Eddisbury,1.6
Chorley,2.7
Congleton,1.7999999999999998
Crewe and Nantwich,3.0
Ellesmere Port and Bromborough,3.0
Fylde,2.5
Gorton and Denton,7.6
Hazel Grove,2.7
Heywood and Middleton North,5.3
Hyndburn,5.8999999999999995
Knowsley,4.8
Lancaster and Wyre,2.1999999999999997
Leigh and Atherton,4.1000000000000005
Liverpool Garston,3.6999999999999997
Liverpool Riverside,5.7
Liverpool Walton,5.5
Liverpool Wavertree,5.8999999999999995
Liverpool West Derby,5.4
Macclesfield,2.3
Makerfield,2.9000000000000004
Manchester Central,4.8
Manchester Rusholme,6.3
Manchester Withington,3.5000000000000004
Mid Cheshire,2.4
Morecambe and Lunesdale,3.0
Oldham East and Saddleworth,6.7
"Oldham West, Chadderton and Royton",7.3
Pendle and Clitheroe,5.1
Penrith and Solway,1.9
Preston,5.2
Ribble Valley,1.7999999999999998
Rochdale,7.199999999999999
Rossendale and Darwen,3.5999999999999996
Runcorn and Helsby,4.0
Salford,4.7
Sefton Central,2.0
South Ribble,2.3
Southport,3.0
St Helens North,3.4000000000000004
St Helens South and Whiston,4.1000000000000005
Stalybridge and Hyde,4.1000000000000005
Stockport,4.3
Stretford and Urmston,4.2
Tatton,1.7999999999999998
Wallasey,3.9
Warrington North,2.8000000000000003
Warrington South,2.1999999999999997
West Lancashire,2.9000000000000004
Westmorland and Lonsdale,1.5
Whitehaven and Workington,2.7
Widnes and Halewood,3.8
Wigan,3.9
Wirral West,1.7000000000000002
Worsley and Eccles,4.0
Wythenshawe and Sale East,4.5
Belfast East,2.8000000000000003
Belfast North,4.7
Belfast South and Mid Down,2.3
Belfast West,4.8
East Antrim,2.6
East Londonderry,3.3000000000000003
Fermanagh and South Tyrone,2.8000000000000003
Foyle,5.5
Lagan Valley,2.1
Mid Ulster,2.1999999999999997
Newry and Armagh,3.2
North Antrim,3.0
North Down,2.3
South Antrim,2.1
South Down,2.5
Strangford,3.1
Upper Bann,2.9000000000000004
West Tyrone,2.8000000000000003
Aberdeen North,3.8
Aberdeen South,2.8000000000000003
Aberdeenshire North and Moray East,2.6
Airdrie and Shotts,3.4000000000000004
Alloa and Grangemouth,3.0
Angus and Perthshire Glens,2.5
Arbroath and Broughty Ferry,2.9000000000000004
"Argyll, Bute and South Lochaber",2.5
"Ayr, Carrick and Cumnock",4.0
Bathgate and Linlithgow,2.7
"Berwickshire, Roxburgh and Selkirk",3.2
"Caithness, Sutherland and Easter Ross",2.1
Central Ayrshire,3.3000000000000003
Coatbridge and Bellshill,3.5000000000000004
Cowdenbeath and Kirkcaldy,4.1000000000000005
Cumbernauld and Kirkintilloch,2.9000000000000004
Dumfries and Galloway,3.0
"Dumfriesshire, Clydesdale and Tweeddale",2.5
Dundee Central,4.2
Dunfermline and Dollar,2.6
East Kilbride and Strathaven,2.1
East Renfrewshire,1.7000000000000002
Edinburgh East and Musselburgh,2.7
Edinburgh North and Leith,3.2
Edinburgh South,1.7000000000000002
Edinburgh South West,2.6
Edinburgh West,1.7999999999999998
Falkirk,2.9000000000000004
Glasgow East,5.5
Glasgow North,4.6
Glasgow North East,5.6000000000000005
Glasgow South,4.3
Glasgow South West,5.0
Glasgow West,4.3
Glenrothes and Mid Fife,4.1000000000000005
Gordon and Buchan,1.6
Hamilton and Clyde Valley,3.5999999999999996
Inverclyde and Renfrewshire West,3.1
"Inverness, Skye and West Ross-shire",2.3
Kilmarnock and Loudoun,3.8
Livingston,2.6
Lothian East,2.1999999999999997
Mid Dunbartonshire,1.6
Midlothian,2.1999999999999997
"Moray West, Nairn and Strathspey",2.0
"Motherwell, Wishaw and Carluke",3.2
Na h-Eileanan an Iar,1.7000000000000002
North Ayrshire and Arran,4.3999999999999995
North East Fife,2.1
Orkney and Shetland,1.6
Paisley and Renfrewshire North,3.3000000000000003
Paisley and Renfrewshire South,3.3000000000000003
Perth and Kinross-shire,2.5
Rutherglen,3.2
Stirling and Strathallan,2.3
West Aberdeenshire and Kincardine,1.4000000000000001
West Dunbartonshire,4.0
Aldershot,2.6
Arundel and South Downs,2.0
Ashford,3.1
Aylesbury,3.5000000000000004
Banbury,2.3
Basingstoke,2.8000000000000003
Beaconsfield,2.1999999999999997
Bexhill and Battle,2.9000000000000004
Bicester and Woodstock,1.9
Bognor Regis and Littlehampton,3.6999999999999997
Bracknell,2.4
Brighton Kemptown and Peacehaven,4.3
Brighton Pavilion,3.5000000000000004
Buckingham and Bletchley,3.2
Canterbury,3.2
Chatham and Aylesford,3.6999999999999997
Chesham and Amersham,2.1
Chichester,3.0
Crawley,4.0
Dartford,2.9000000000000004
Didcot and Wantage,2.0
Dorking and Horley,1.9
Dover and Deal,3.9
Earley and Woodley,2.4
East Grinstead and Uckfield,2.0
East Hampshire,2.0
East Surrey,2.1999999999999997
East Thanet,5.6000000000000005
East Worthing and Shoreham,2.3
Eastbourne,4.2
Eastleigh,2.1
Epsom and Ewell,1.9
Esher and Walton,2.1
Fareham and Waterlooville,2.5
Farnham and Bordon,1.9
Faversham and Mid Kent,2.9000000000000004
Folkestone and Hythe,4.2
Gillingham and Rainham,3.6999999999999997
Godalming and Ash,1.7000000000000002
Gosport,3.1
Gravesham,4.3
Guildford,1.7999999999999998
Hamble Valley,1.7000000000000002
Hastings and Rye,4.9
Havant,3.5999999999999996
Henley and Thame,1.7000000000000002
Herne Bay and Sandwich,3.4000000000000004
Horsham,1.7999999999999998
Hove and Portslade,3.5000000000000004
Isle of Wight East,4.3999999999999995
Isle of Wight West,3.3000000000000003
Lewes,2.9000000000000004
Maidenhead,2.1999999999999997
Maidstone and Malling,3.0
Mid Buckinghamshire,1.5
Mid Sussex,1.6
Milton Keynes Central,4.0
Milton Keynes North,3.5000000000000004
New Forest East,2.1
New Forest West,2.1999999999999997
Newbury,2.3
North East Hampshire,1.4000000000000001
North West Hampshire,2.0
Oxford East,2.8000000000000003
Oxford West and Abingdon,1.7000000000000002
Portsmouth North,3.9
Portsmouth South,5.1
Reading Central,3.9
Reading West and Mid Berkshire,2.6
Reigate,1.7999999999999998
Rochester and Strood,3.6999999999999997
Romsey and Southampton North,2.0
Runnymede and Weybridge,2.3
Sevenoaks,2.0
Sittingbourne and Sheppey,3.8
Slough,5.2
Southampton Itchen,4.0
Southampton Test,4.5
Spelthorne,3.0
Surrey Heath,1.9
Sussex Weald,2.1
Tonbridge,2.1999999999999997
Tunbridge Wells,2.3
Weald of Kent,2.3
Winchester,1.9
Windsor,2.6
Witney,1.7999999999999998
Woking,2.3
Wokingham,1.7000000000000002
Worthing West,2.6
Wycombe,4.1000000000000005
Bath,1.7999999999999998
Bournemouth East,4.1000000000000005
Bournemouth West,3.6999999999999997
Bridgwater,2.9000000000000004
Bristol Central,2.1999999999999997
Bristol East,4.1000000000000005
Bristol North East,3.3000000000000003
Bristol North West,2.7
Bristol South,3.5999999999999996
Camborne and Redruth,3.0
Central Devon,2.1999999999999997
Cheltenham,2.6
Chippenham,2.0
Christchurch,2.4
East Wiltshire,2.0
Exeter,2.0
Exmouth and Exeter East,1.7000000000000002
Filton and Bradley Stoke,1.5
Forest of Dean,2.8000000000000003
Frome and East Somerset,2.1999999999999997
Glastonbury and Somerton,2.3
Gloucester,3.5999999999999996
Honiton and Sidmouth,2.0
Melksham and Devizes,2.1999999999999997
Mid Dorset and North Poole,2.1
Newton Abbot,2.1999999999999997
North Cornwall,3.0
North Cotswolds,1.7999999999999998
North Devon,2.5
North Dorset,2.0
North East Somerset and Hanham,1.6
North Somerset,1.6
Plymouth Moor View,3.1
Plymouth Sutton and Devonport,4.1000000000000005
Poole,3.0
Salisbury,2.5
South Cotswolds,1.7999999999999998
South Devon,2.4
South Dorset,3.0
South East Cornwall,2.7
South West Devon,1.6
South West Wiltshire,2.4
St Austell and Newquay,3.3000000000000003
St Ives,3.0
Stroud,1.9
Swindon North,2.8000000000000003
Swindon South,3.5999999999999996
Taunton and Wellington,2.4
Tewkesbury,2.1999999999999997
Thornbury and Yate,1.9
Tiverton and Minehead,2.3
Torbay,3.4000000000000004
Torridge and Tavistock,2.4
Truro and Falmouth,2.3
Wells and Mendip Hills,2.1999999999999997
West Dorset,2.1999999999999997
Weston-super-Mare,3.3000000000000003
Yeovil,2.6
Aberafan Maesteg,3.5000000000000004
Alyn and Deeside,2.8000000000000003
Bangor Aberconwy,3.1
Blaenau Gwent and Rhymney,4.3
"Brecon, Radnor and Cwm Tawe",2.7
Bridgend,2.5
Caerfyrddin,3.0
Caerphilly,3.1
Cardiff East,4.6
Cardiff North,2.1999999999999997
Cardiff South and Penarth,3.5000000000000004
Cardiff West,3.8
Ceredigion Preseli,2.9000000000000004
Clwyd East,2.6
Clwyd North,4.3
Dwyfor Meirionnydd,2.4
Gower,2.1
Llanelli,3.1
Merthyr Tydfil and Aberdare,3.3000000000000003
Mid and South Pembrokeshire,3.2
Monmouthshire,2.4
Montgomeryshire and Glyndwr,2.6
Neath and Swansea East,2.7
Newport East,5.3
Newport West and Islwyn,3.0
Pontypridd,2.7
Rhondda and Ogmore,3.5000000000000004
Swansea West,4.3
Torfaen,3.5999999999999996
Vale of Glamorgan,3.5000000000000004
Wrexham,2.9000000000000004
Ynys Mon,3.5000000000000004
Aldridge-Brownhills,2.7
Birmingham Edgbaston,8.1
Birmingham Erdington,9.2
Birmingham Hall Green and Moseley,9.4
Birmingham Hodge Hill and Solihull North,8.5
Birmingham Ladywood,10.6
Birmingham Northfield,7.000000000000001
Birmingham Perry Barr,13.100000000000001
Birmingham Selly Oak,5.7
Birmingham Yardley,8.9
Bromsgrove,2.4
Burton and Uttoxeter,3.9
Cannock Chase,3.1
Coventry East,6.6000000000000005
Coventry North West,4.7
Coventry South,4.3999999999999995
Droitwich and Evesham,2.8000000000000003
Dudley,5.4
Halesowen,4.1000000000000005
Hereford and South Herefordshire,2.7
Kenilworth and Southam,1.5
Kingswinford and South Staffordshire,2.4
Lichfield,2.1
Meriden and Solihull East,3.5000000000000004
Newcastle-under-Lyme,3.0
North Herefordshire,2.3
North Shropshire,2.6
North Warwickshire and Bedworth,2.9000000000000004
Nuneaton,3.5999999999999996
Redditch,3.5999999999999996
Rugby,2.6
Shrewsbury,2.4
Smethwick,6.4
Solihull West and Shirley,2.4
South Shropshire,2.3
Stafford,2.8000000000000003
Staffordshire Moorlands,2.1999999999999997
Stoke-on-Trent Central,6.1
Stoke-on-Trent North,5.4
Stoke-on-Trent South,3.6999999999999997
"Stone, Great Wyrley and Penkridge",2.1999999999999997
Stourbridge,4.5
Stratford-on-Avon,1.9
Sutton Coldfield,2.5
Tamworth,3.1
Telford,3.9
The Wrekin,2.5
Tipton and Wednesbury,5.7
Walsall and Bloxwich,6.9
Warwick and Leamington,2.1999999999999997
West Bromwich,5.7
West Worcestershire,2.3
Wolverhampton North East,6.3
Wolverhampton South East,6.7
Wolverhampton West,6.6000000000000005
Worcester,3.5999999999999996
Wyre Forest,3.0
Barnsley North,3.3000000000000003
Barnsley South,4.0
Beverley and Holderness,2.1999999999999997
Bradford East,9.4
Bradford South,7.1
Bradford West,10.100000000000001
Bridlington and The Wolds,3.2
Brigg and Immingham,2.3
Calder Valley,2.9000000000000004
Colne Valley,2.6
Dewsbury and Batley,6.800000000000001
Doncaster Central,5.5
Doncaster East and the Isle of Axholme,2.9000000000000004
Doncaster North,4.3
Goole and Pocklington,2.1
Great Grimsby and Cleethorpes,5.4
Halifax,5.7
Harrogate and Knaresborough,1.7000000000000002
Huddersfield,6.1
Keighley and Ilkley,4.9
Kingston upon Hull East,5.6000000000000005
Kingston upon Hull North and Cottingham,5.2
Kingston upon Hull West and Haltemprice,4.7
Leeds Central and Headingley,3.1
Leeds East,6.3
Leeds North East,4.3
Leeds North West,2.1
Leeds South,7.5
Leeds South West and Morley,2.9000000000000004
Leeds West and Pudsey,4.9
Normanton and Hemsworth,3.0
Ossett and Denby Dale,2.8000000000000003
Penistone and Stocksbridge,2.1999999999999997
"Pontefract, Castleford and Knottingley",3.3000000000000003
Rawmarsh and Conisbrough,3.8
Richmond and Northallerton,1.7000000000000002
Rother Valley,2.8000000000000003
Rotherham,5.6000000000000005
Scarborough and Whitby,3.0
Scunthorpe,4.3
Selby,2.1999999999999997
Sheffield Brightside and Hillsborough,6.9
Sheffield Central,3.4000000000000004
Sheffield Hallam,1.5
Sheffield Heeley,5.3
Sheffield South East,4.8
Shipley,3.3000000000000003
Skipton and Ripon,1.7999999999999998
Spen Valley,3.6999999999999997
Thirsk and Malton,1.9
Wakefield and Rothwell,4.2
Wetherby and Easingwold,1.3
York Central,1.9
York Outer,1.2
Basildon and Billericay,3.9
Bedford,5.2
Braintree,2.6
Brentwood and Ongar,2.4
Broadland and Fakenham,2.0
Broxbourne,3.2
Bury St Edmunds and Stowmarket,2.3
Cambridge,2.0
Castle Point,2.4
Central Suffolk and North Ipswich,2.0
Chelmsford,2.8000000000000003
Clacton,4.2
Colchester,3.4000000000000004
Dunstable and Leighton Buzzard,2.6
Ely and East Cambridgeshire,2.0
Epping Forest,3.1
Great Yarmouth,5.0
Harlow,4.1000000000000005
Harpenden and Berkhamsted,1.7000000000000002
Harwich and North Essex,2.7
Hemel Hempstead,3.5999999999999996
Hertford and Stortford,1.9
Hertsmere,3.2
Hitchin,2.0
Huntingdon,2.1
Ipswich,4.8
Lowestoft,3.6999999999999997
Luton North,5.0
Luton South and South Bedfordshire,6.5
Maldon,2.4
Mid Bedfordshire,1.7000000000000002
Mid Norfolk,2.0
North Bedfordshire,2.1999999999999997
North East Cambridgeshire,3.6999999999999997
North East Hertfordshire,2.1999999999999997
North Norfolk,2.6
North West Cambridgeshire,3.4000000000000004
North West Essex,2.0
North West Norfolk,3.0
Norwich North,3.1
Norwich South,3.4000000000000004
Peterborough,6.9
Rayleigh and Wickford,2.0
South Basildon and East Thurrock,3.5999999999999996
South Cambridgeshire,1.6
South Norfolk,1.9
South Suffolk,2.4
South West Hertfordshire,2.5
South West Norfolk,2.4
Southend East and Rochford,4.9
Southend West and Leigh,3.2
St Albans,2.5
St Neots and Mid Cambridgeshire,2.0
Stevenage,3.2
Suffolk Coastal,1.9
Thurrock,4.6
Watford,3.9
Waveney Valley,2.1999999999999997
Welwyn Hatfield,2.8000000000000003
West Suffolk,2.1999999999999997
Witham,2.3
Amber Valley,2.9000000000000004
Ashfield,3.9
Bassetlaw,3.3000000000000003
Bolsover,3.0
Boston and Skegness,4.1000000000000005
Broxtowe,2.6
Chesterfield,3.5000000000000004
Corby and East Northamptonshire,3.2
Daventry,2.1999999999999997
Derby North,4.2
Derby South,6.9
Derbyshire Dales,1.9
Erewash,3.4000000000000004
Gainsborough,2.9000000000000004
Gedling,3.1
Grantham and Bourne,2.8000000000000003
"Harborough, Oadby and Wigston",2.3
High Peak,2.5
Hinckley and Bosworth,2.4
Kettering,3.2
Leicester East,5.2
Leicester South,5.6000000000000005
Leicester West,5.800000000000001
Lincoln,3.5000000000000004
Loughborough,2.4
Louth and Horncastle,2.4
Mansfield,3.9
Melton and Syston,2.6
Mid Derbyshire,1.7999999999999998
Mid Leicestershire,2.1999999999999997
Newark,2.7
North East Derbyshire,2.7
North West Leicestershire,1.9
Northampton North,5.1
Northampton South,3.0
Nottingham East,6.800000000000001
Nottingham North and Kimberley,6.4
Nottingham South,4.2
Rushcliffe,2.0
Rutland and Stamford,1.9
Sherwood Forest,2.9000000000000004
Sleaford and North Hykeham,2.0
South Derbyshire,2.4
South Holland and The Deepings,2.8000000000000003
South Leicestershire,1.9
South Northamptonshire,1.6
Wellingborough and Rushden,3.8
Barking,6.9
Battersea,3.1
Beckenham and Penge,3.5000000000000004
Bermondsey and Old Southwark,4.3999999999999995
Bethnal Green and Stepney,6.3
Bexleyheath and Crayford,3.2
Brent East,8.3
Brent West,4.9
Brentford and Isleworth,5.0
Bromley and Biggin Hill,2.9000000000000004
Carshalton and Wallington,3.5999999999999996
Chelsea and Fulham,3.4000000000000004
Chingford and Woodford Green,4.6
Chipping Barnet,3.5999999999999996
Cities of London and Westminster,3.0
Clapham and Brixton Hill,4.9
Croydon East,5.1
Croydon South,3.5000000000000004
Croydon West,7.1
Dagenham and Rainham,5.8999999999999995
Dulwich and West Norwood,5.6000000000000005
Ealing Central and Acton,5.5
Ealing North,6.4
Ealing Southall,5.7
East Ham,7.3999999999999995
Edmonton and Winchmore Hill,7.6
Eltham and Chislehurst,4.0
Enfield North,6.5
Erith and Thamesmead,6.0
Feltham and Heston,5.4
Finchley and Golders Green,4.7
Greenwich and Woolwich,4.7
Hackney North and Stoke Newington,6.800000000000001
Hackney South and Shoreditch,6.2
Hammersmith and Chiswick,4.6
Hampstead and Highgate,3.8
Harrow East,4.0
Harrow West,4.3999999999999995
Hayes and Harlington,5.2
Hendon,5.0
Holborn and St Pancras,4.8
Hornchurch and Upminster,3.6999999999999997
Hornsey and Friern Barnet,4.6
Ilford North,4.9
Ilford South,6.5
Islington North,5.6000000000000005
Islington South and Finsbury,5.3
Kensington and Bayswater,3.5000000000000004
Kingston and Surbiton,3.0
Lewisham East,7.000000000000001
Lewisham North,6.0
Lewisham West and East Dulwich,5.4
Leyton and Wanstead,6.0
Mitcham and Morden,5.5
Old Bexley and Sidcup,2.1999999999999997
Orpington,3.2
Peckham,6.3
Poplar and Limehouse,4.9
Putney,3.6999999999999997
Queen's Park and Maida Vale,6.7
Richmond Park,2.3
Romford,4.3
"Ruislip, Northwood and Pinner",2.7
Southgate and Wood Green,6.1
Stratford and Bow,5.8999999999999995
Streatham and Croydon North,6.2
Sutton and Cheam,2.7
Tooting,3.5000000000000004
Tottenham,8.4
Twickenham,2.3
Uxbridge and South Ruislip,3.8
Vauxhall and Camberwell Green,5.800000000000001
Walthamstow,6.9
West Ham and Beckton,6.9
Wimbledon,2.6
Bishop Auckland,3.2
Blaydon and Consett,3.3000000000000003
Blyth and Ashington,4.1000000000000005
City of Durham,2.1999999999999997
Cramlington and Killingworth,2.7
Darlington,4.2
Easington,4.3
Gateshead Central and Whickham,4.6
Hartlepool,4.8
Hexham,2.1999999999999997
Houghton and Sunderland South,3.9
Jarrow and Gateshead East,4.6
Middlesbrough South and East Cleveland,3.3000000000000003
Middlesbrough and Thornaby East,6.2
Newcastle upon Tyne Central and West,5.4
Newcastle upon Tyne East and Wallsend,4.3999999999999995
Newcastle upon Tyne North,2.0
Newton Aycliffe and Spennymoor,3.1
North Durham,3.1
North Northumberland,2.7
Redcar,4.2
South Shields,5.6000000000000005
Stockton North,5.0
Stockton West,1.9
Sunderland Central,4.5
Tynemouth,3.2
Washington and Gateshead South,3.8
Altrincham and Sale West,2.0
Ashton-under-Lyne,5.6000000000000005
Barrow and Furness,2.7
Birkenhead,4.7
Blackburn,6.5
Blackley and Middleton South,7.199999999999999
Blackpool North and Fleetwood,3.5999999999999996
Blackpool South,6.5
Bolton North East,6.2
Bolton South and Walkden,7.1
Bolton West,3.5000000000000004
Bootle,5.4
Burnley,6.2
Bury North,4.8
Bury South,4.2
Carlisle,2.7
Cheadle,2.1
Chester North and Neston,2.6
Chester South and Eddisbury,1.6
Chorley,2.7
Congleton,1.7999999999999998
Crewe and Nantwich,3.0
Ellesmere Port and Bromborough,3.0
Fylde,2.5
Gorton and Denton,7.8
Hazel Grove,2.7
Heywood and Middleton North,5.5
Hyndburn,5.800000000000001
Knowsley,4.9
Lancaster and Wyre,2.1999999999999997
Leigh and Atherton,4.1000000000000005
Liverpool Garston,3.8
Liverpool Riverside,5.800000000000001
Liverpool Walton,5.800000000000001
Liverpool Wavertree,5.8999999999999995
Liverpool West Derby,5.7
Macclesfield,2.3
Makerfield,2.9000000000000004
Manchester Central,4.9
Manchester Rusholme,6.6000000000000005
Manchester Withington,3.5000000000000004
Mid Cheshire,2.5
Morecambe and Lunesdale,3.0
Oldham East and Saddleworth,6.7
"Oldham West, Chadderton and Royton",7.3999999999999995
Pendle and Clitheroe,5.1
Penrith and Solway,2.0
Preston,5.3
Ribble Valley,1.9
Rochdale,7.3999999999999995
Rossendale and Darwen,3.5000000000000004
Runcorn and Helsby,4.0
Salford,4.5
Sefton Central,2.0
South Ribble,2.3
Southport,3.1
St Helens North,3.5000000000000004
St Helens South and Whiston,4.2
Stalybridge and Hyde,4.2
Stockport,4.3999999999999995
Stretford and Urmston,4.3
Tatton,1.7999999999999998
Wallasey,4.0
Warrington North,2.8000000000000003
Warrington South,2.3
West Lancashire,2.9000000000000004
Westmorland and Lonsdale,1.4000000000000001
Whitehaven and Workington,2.7
Widnes and Halewood,3.8
Wigan,4.0
Wirral West,1.7999999999999998
Worsley and Eccles,4.0
Wythenshawe and Sale East,4.6
Belfast East,2.9000000000000004
Belfast North,4.7
Belfast South and Mid Down,2.4
Belfast West,5.0
East Antrim,2.6
East Londonderry,3.5000000000000004
Fermanagh and South Tyrone,3.0
Foyle,5.6000000000000005
Lagan Valley,2.1
Mid Ulster,2.3
Newry and Armagh,3.4000000000000004
North Antrim,3.3000000000000003
North Down,2.5
South Antrim,2.1
South Down,2.6
Strangford,3.2
Upper Bann,3.0
West Tyrone,3.0
Aberdeen North,3.8
Aberdeen South,2.7
Aberdeenshire North and Moray East,2.5
Airdrie and Shotts,3.4000000000000004
Alloa and Grangemouth,3.2
Angus and Perthshire Glens,2.6
Arbroath and Broughty Ferry,3.0
"Argyll, Bute and South Lochaber",2.4
"Ayr, Carrick and Cumnock",4.2
Bathgate and Linlithgow,2.8000000000000003
"Berwickshire, Roxburgh and Selkirk",3.2
"Caithness, Sutherland and Easter Ross",2.1999999999999997
Central Ayrshire,3.4000000000000004
Coatbridge and Bellshill,3.5999999999999996
Cowdenbeath and Kirkcaldy,4.1000000000000005
Cumbernauld and Kirkintilloch,2.8000000000000003
Dumfries and Galloway,3.2
"Dumfriesshire, Clydesdale and Tweeddale",2.6
Dundee Central,4.3999999999999995
Dunfermline and Dollar,2.6
East Kilbride and Strathaven,2.1999999999999997
East Renfrewshire,1.7999999999999998
Edinburgh East and Musselburgh,2.8000000000000003
Edinburgh North and Leith,3.2
Edinburgh South,1.7999999999999998
Edinburgh South West,2.7
Edinburgh West,1.7999999999999998
Falkirk,3.0
Glasgow East,5.6000000000000005
Glasgow North,4.8
Glasgow North East,5.800000000000001
Glasgow South,4.3
Glasgow South West,5.1
Glasgow West,4.3999999999999995
Glenrothes and Mid Fife,4.3
Gordon and Buchan,1.5
Hamilton and Clyde Valley,3.5999999999999996
Inverclyde and Renfrewshire West,3.2
"Inverness, Skye and West Ross-shire",2.3
Kilmarnock and Loudoun,3.8
Livingston,2.6
Lothian East,2.1999999999999997
Mid Dunbartonshire,1.7000000000000002
Midlothian,2.3
"Moray West, Nairn and Strathspey",2.1999999999999997
"Motherwell, Wishaw and Carluke",3.2
Na h-Eileanan an Iar,1.7999999999999998
North Ayrshire and Arran,4.3999999999999995
North East Fife,2.1
Orkney and Shetland,1.7000000000000002
Paisley and Renfrewshire North,3.2
Paisley and Renfrewshire South,3.4000000000000004
Perth and Kinross-shire,2.5
Rutherglen,3.2
Stirling and Strathallan,2.4
West Aberdeenshire and Kincardine,1.4000000000000001
West Dunbartonshire,4.0
Aldershot,2.7
Arundel and South Downs,2.1
Ashford,3.1
Aylesbury,3.5999999999999996
Banbury,2.4
Basingstoke,2.8000000000000003
Beaconsfield,2.3
Bexhill and Battle,3.0
Bicester and Woodstock,1.9
Bognor Regis and Littlehampton,3.8
Bracknell,2.5
Brighton Kemptown and Peacehaven,4.3999999999999995
Brighton Pavilion,3.5000000000000004
Buckingham and Bletchley,3.3000000000000003
Canterbury,3.2
Chatham and Aylesford,3.6999999999999997
Chesham and Amersham,2.1999999999999997
Chichester,3.1
Crawley,4.2
Dartford,3.0
Didcot and Wantage,2.1
Dorking and Horley,1.9
Dover and Deal,3.9
Earley and Woodley,2.4
East Grinstead and Uckfield,2.0
East Hampshire,2.0
East Surrey,2.3
East Thanet,5.6000000000000005
East Worthing and Shoreham,2.4
Eastbourne,4.2
Eastleigh,2.0
Epsom and Ewell,1.9
Esher and Walton,2.1
Fareham and Waterlooville,2.5
Farnham and Bordon,1.9
Faversham and Mid Kent,2.9000000000000004
Folkestone and Hythe,4.2
Gillingham and Rainham,3.6999999999999997
Godalming and Ash,1.7999999999999998
Gosport,3.0
Gravesham,4.3
Guildford,1.9
Hamble Valley,1.7000000000000002
Hastings and Rye,5.0
Havant,3.6999999999999997
Henley and Thame,1.7000000000000002
Herne Bay and Sandwich,3.3000000000000003
Horsham,1.7999999999999998
Hove and Portslade,3.5999999999999996
Isle of Wight East,4.3
Isle of Wight West,3.2
Lewes,3.0
Maidenhead,2.1999999999999997
Maidstone and Malling,3.0
Mid Buckinghamshire,1.5
Mid Sussex,1.6
Milton Keynes Central,4.1000000000000005
Milton Keynes North,3.5999999999999996
New Forest East,2.1
New Forest West,2.1
Newbury,2.3
North East Hampshire,1.4000000000000001
North West Hampshire,2.0
Oxford East,2.8000000000000003
Oxford West and Abingdon,1.7000000000000002
Portsmouth North,3.9
Portsmouth South,5.2
Reading Central,4.1000000000000005
Reading West and Mid Berkshire,2.6
Reigate,1.7999999999999998
Rochester and Strood,3.5999999999999996
Romsey and Southampton North,2.0
Runnymede and Weybridge,2.3
Sevenoaks,2.0
Sittingbourne and Sheppey,3.6999999999999997
Slough,5.2
Southampton Itchen,4.1000000000000005
Southampton Test,4.6
Spelthorne,3.1
Surrey Heath,2.0
Sussex Weald,2.3
Tonbridge,2.1
Tunbridge Wells,2.3
Weald of Kent,2.3
Winchester,2.0
Windsor,2.6
Witney,1.9
Woking,2.4
Wokingham,1.6
Worthing West,2.8000000000000003
Wycombe,4.2
Bath,1.7999999999999998
Bournemouth East,4.2
Bournemouth West,3.6999999999999997
Bridgwater,2.9000000000000004
Bristol Central,2.1999999999999997
Bristol East,4.2
Bristol North East,3.3000000000000003
Bristol North West,2.8000000000000003
Bristol South,3.6999999999999997
Camborne and Redruth,3.1
Central Devon,2.1999999999999997
Cheltenham,2.6
Chippenham,2.0
Christchurch,2.3
East Wiltshire,2.0
Exeter,2.1
Exmouth and Exeter East,1.7999999999999998
Filton and Bradley Stoke,1.6
Forest of Dean,3.0
Frome and East Somerset,2.1999999999999997
Glastonbury and Somerton,2.3
Gloucester,3.5999999999999996
Honiton and Sidmouth,2.0
Melksham and Devizes,2.1999999999999997
Mid Dorset and North Poole,2.1999999999999997
Newton Abbot,2.1999999999999997
North Cornwall,2.8000000000000003
North Cotswolds,1.7999999999999998
North Devon,2.5
North Dorset,2.1
North East Somerset and Hanham,1.6
North Somerset,1.7000000000000002
Plymouth Moor View,3.1
Plymouth Sutton and Devonport,4.1000000000000005
Poole,3.1
Salisbury,2.4
South Cotswolds,1.7000000000000002
South Devon,2.5
South Dorset,3.0
South East Cornwall,2.6
South West Devon,1.5
South West Wiltshire,2.4
St Austell and Newquay,3.2
St Ives,2.9000000000000004
Stroud,1.9
Swindon North,2.9000000000000004
Swindon South,3.5000000000000004
Taunton and Wellington,2.3
Tewkesbury,2.1999999999999997
Thornbury and Yate,2.0
Tiverton and Minehead,2.4
Torbay,3.3000000000000003
Torridge and Tavistock,2.5
Truro and Falmouth,2.4
Wells and Mendip Hills,2.1999999999999997
West Dorset,2.3
Weston-super-Mare,3.2
Yeovil,2.6
Aberafan Maesteg,3.5999999999999996
Alyn and Deeside,2.8000000000000003
Bangor Aberconwy,3.1
Blaenau Gwent and Rhymney,4.3999999999999995
"Brecon, Radnor and Cwm Tawe",2.9000000000000004
Bridgend,2.6
Caerfyrddin,3.0
Caerphilly,3.1
Cardiff East,4.6
Cardiff North,2.3
Cardiff South and Penarth,3.5999999999999996
Cardiff West,3.9
Ceredigion Preseli,2.9000000000000004
Clwyd East,2.7
Clwyd North,4.3999999999999995
Dwyfor Meirionnydd,2.5
Gower,2.1
Llanelli,3.1
Merthyr Tydfil and Aberdare,3.3000000000000003
Mid and South Pembrokeshire,3.2
Monmouthshire,2.4
Montgomeryshire and Glyndwr,2.8000000000000003
Neath and Swansea East,2.7
Newport East,5.4
Newport West and Islwyn,2.9000000000000004
Pontypridd,2.6
Rhondda and Ogmore,3.5000000000000004
Swansea West,4.3999999999999995
Torfaen,3.6999999999999997
Vale of Glamorgan,3.5000000000000004
Wrexham,2.9000000000000004
Ynys Mon,3.5999999999999996
Aldridge-Brownhills,2.9000000000000004
Birmingham Edgbaston,8.4
Birmingham Erdington,9.5
Birmingham Hall Green and Moseley,10.5
Birmingham Hodge Hill and Solihull North,9.5
Birmingham Ladywood,11.3
Birmingham Northfield,7.199999999999999
Birmingham Perry Barr,14.099999999999998
Birmingham Selly Oak,6.0
Birmingham Yardley,9.9
Bromsgrove,2.5
Burton and Uttoxeter,4.0
Cannock Chase,3.2
Coventry East,7.000000000000001
Coventry North West,4.9
Coventry South,4.5
Droitwich and Evesham,2.9000000000000004
Dudley,5.6000000000000005
Halesowen,4.3
Hereford and South Herefordshire,2.8000000000000003
Kenilworth and Southam,1.6
Kingswinford and South Staffordshire,2.6
Lichfield,2.1
Meriden and Solihull East,3.5999999999999996
Newcastle-under-Lyme,2.9000000000000004
North Herefordshire,2.5
North Shropshire,2.6
North Warwickshire and Bedworth,3.0
Nuneaton,3.6999999999999997
Redditch,3.6999999999999997
Rugby,2.7
Shrewsbury,2.6
Smethwick,6.800000000000001
Solihull West and Shirley,2.5
South Shropshire,2.4
Stafford,2.9000000000000004
Staffordshire Moorlands,2.4
Stoke-on-Trent Central,6.3
Stoke-on-Trent North,5.5
Stoke-on-Trent South,3.5999999999999996
"Stone, Great Wyrley and Penkridge",2.1999999999999997
Stourbridge,4.7
Stratford-on-Avon,2.0
Sutton Coldfield,2.5
Tamworth,3.0
Telford,4.0
The Wrekin,2.7
Tipton and Wednesbury,6.1
Walsall and Bloxwich,7.3999999999999995
Warwick and Leamington,2.3
West Bromwich,6.0
West Worcestershire,2.5
Wolverhampton North East,6.4
Wolverhampton South East,7.000000000000001
Wolverhampton West,6.9
Worcester,3.6999999999999997
Wyre Forest,3.1
Barnsley North,3.3000000000000003
Barnsley South,4.0
Beverley and Holderness,2.1
Bradford East,9.700000000000001
Bradford South,7.199999999999999
Bradford West,10.299999999999999
Bridlington and The Wolds,3.2
Brigg and Immingham,2.4
Calder Valley,2.9000000000000004
Colne Valley,2.7
Dewsbury and Batley,6.9
Doncaster Central,5.6000000000000005
Doncaster East and the Isle of Axholme,3.0
Doncaster North,4.3
Goole and Pocklington,2.0
Great Grimsby and Cleethorpes,5.6000000000000005
Halifax,5.7
Harrogate and Knaresborough,1.7000000000000002
Huddersfield,6.2
Keighley and Ilkley,5.0
Kingston upon Hull East,5.6000000000000005
Kingston upon Hull North and Cottingham,5.3
Kingston upon Hull West and Haltemprice,4.6
Leeds Central and Headingley,3.2
Leeds East,6.4
Leeds North East,4.3
Leeds North West,2.1
Leeds South,7.7
Leeds South West and Morley,3.0
Leeds West and Pudsey,5.0
Normanton and Hemsworth,3.0
Ossett and Denby Dale,2.8000000000000003
Penistone and Stocksbridge,2.1999999999999997
"Pontefract, Castleford and Knottingley",3.4000000000000004
Rawmarsh and Conisbrough,3.9
Richmond and Northallerton,1.9
Rother Valley,3.0
Rotherham,5.6000000000000005
Scarborough and Whitby,3.1
Scunthorpe,4.3999999999999995
Selby,2.1999999999999997
Sheffield Brightside and Hillsborough,7.3
Sheffield Central,3.5000000000000004
Sheffield Hallam,1.5
Sheffield Heeley,5.5
Sheffield South East,5.1
Shipley,3.3000000000000003
Skipton and Ripon,1.9
Spen Valley,3.6999999999999997
Thirsk and Malton,1.9
Wakefield and Rothwell,4.2
Wetherby and Easingwold,1.3
York Central,2.0
York Outer,1.2
Basildon and Billericay,4.3
Bedford,5.800000000000001
Braintree,2.8000000000000003
Brentwood and Ongar,2.6
Broadland and Fakenham,2.1999999999999997
Broxbourne,3.5000000000000004
Bury St Edmunds and Stowmarket,2.5
Cambridge,2.1
Castle Point,2.6
Central Suffolk and North Ipswich,2.1999999999999997
Chelmsford,3.0
Clacton,4.6
Colchester,3.5999999999999996
Dunstable and Leighton Buzzard,2.9000000000000004
Ely and East Cambridgeshire,2.1
Epping Forest,3.3000000000000003
Great Yarmouth,5.1
Harlow,4.3999999999999995
Harpenden and Berkhamsted,1.7999999999999998
Harwich and North Essex,2.9000000000000004
Hemel Hempstead,3.9
Hertford and Stortford,2.1
Hertsmere,3.5000000000000004
Hitchin,2.1999999999999997
Huntingdon,2.3
Ipswich,5.4
Lowestoft,4.0
Luton North,5.800000000000001
Luton South and South Bedfordshire,7.3
Maldon,2.5
Mid Bedfordshire,1.9
Mid Norfolk,2.1999999999999997
North Bedfordshire,2.4
North East Cambridgeshire,4.0
North East Hertfordshire,2.4
North Norfolk,2.8000000000000003
North West Cambridgeshire,3.5999999999999996
North West Essex,2.1
North West Norfolk,3.2
Norwich North,3.3000000000000003
Norwich South,3.8
Peterborough,7.8
Rayleigh and Wickford,2.1
South Basildon and East Thurrock,3.9
South Cambridgeshire,1.7000000000000002
South Norfolk,2.1
South Suffolk,2.5
South West Hertfordshire,2.7
South West Norfolk,2.5
Southend East and Rochford,5.3
Southend West and Leigh,3.5000000000000004
St Albans,2.8000000000000003
St Neots and Mid Cambridgeshire,2.1
Stevenage,3.3000000000000003
Suffolk Coastal,2.1
Thurrock,4.9
Watford,4.2
Waveney Valley,2.4
Welwyn Hatfield,3.1
West Suffolk,2.4
Witham,2.5
Amber Valley,3.0
Ashfield,4.1000000000000005
Bassetlaw,3.5999999999999996
Bolsover,3.3000000000000003
Boston and Skegness,4.5
Broxtowe,2.9000000000000004
Chesterfield,3.6999999999999997
Corby and East Northamptonshire,3.4000000000000004
Daventry,2.4
Derby North,4.3999999999999995
Derby South,7.3
Derbyshire Dales,2.0
Erewash,3.5999999999999996
Gainsborough,3.1
Gedling,3.3000000000000003
Grantham and Bourne,3.0
"Harborough, Oadby and Wigston",2.5
High Peak,2.7
Hinckley and Bosworth,2.6
Kettering,3.3000000000000003
Leicester East,5.800000000000001
Leicester South,6.2
Leicester West,6.3
Lincoln,3.8
Loughborough,2.6
Louth and Horncastle,2.7
Mansfield,4.2
Melton and Syston,2.8000000000000003
Mid Derbyshire,2.0
Mid Leicestershire,2.3
Newark,2.9000000000000004
North East Derbyshire,2.9000000000000004
North West Leicestershire,2.0
Northampton North,5.5
Northampton South,3.3000000000000003
Nottingham East,7.3
Nottingham North and Kimberley,6.9
Nottingham South,4.5
Rushcliffe,2.1
Rutland and Stamford,2.1
Sherwood Forest,3.0
Sleaford and North Hykeham,2.1
South Derbyshire,2.6
South Holland and The Deepings,2.9000000000000004
South Leicestershire,2.0
South Northamptonshire,1.7999999999999998
Wellingborough and Rushden,4.1000000000000005
Barking,7.8
Battersea,3.4000000000000004
Beckenham and Penge,3.6999999999999997
Bermondsey and Old Southwark,4.8
Bethnal Green and Stepney,7.3
Bexleyheath and Crayford,3.5000000000000004
Brent East,9.6
Brent West,5.5
Brentford and Isleworth,5.5
Bromley and Biggin Hill,3.0
Carshalton and Wallington,3.9
Chelsea and Fulham,3.6999999999999997
Chingford and Woodford Green,5.1
Chipping Barnet,4.0
Cities of London and Westminster,3.3000000000000003
Clapham and Brixton Hill,5.3
Croydon East,5.6000000000000005
Croydon South,3.8
Croydon West,7.7
Dagenham and Rainham,6.6000000000000005
Dulwich and West Norwood,6.0
Ealing Central and Acton,6.2
Ealing North,7.3999999999999995
Ealing Southall,6.5
East Ham,8.4
Edmonton and Winchmore Hill,9.700000000000001
Eltham and Chislehurst,4.2
Enfield North,8.0
Erith and Thamesmead,6.3
Feltham and Heston,6.0
Finchley and Golders Green,5.5
Greenwich and Woolwich,4.9
Hackney North and Stoke Newington,7.9
Hackney South and Shoreditch,6.7
Hammersmith and Chiswick,5.0
Hampstead and Highgate,4.2
Harrow East,4.5
Harrow West,5.2
Hayes and Harlington,5.800000000000001
Hendon,5.800000000000001
Holborn and St Pancras,5.2
Hornchurch and Upminster,4.0
Hornsey and Friern Barnet,5.1
Ilford North,5.5
Ilford South,7.3
Islington North,6.0
Islington South and Finsbury,5.6000000000000005
Kensington and Bayswater,4.0
Kingston and Surbiton,3.3000000000000003
Lewisham East,7.5
Lewisham North,6.4
Lewisham West and East Dulwich,5.800000000000001
Leyton and Wanstead,6.4
Mitcham and Morden,6.0
Old Bexley and Sidcup,2.4
Orpington,3.4000000000000004
Peckham,6.9
Poplar and Limehouse,5.6000000000000005
Putney,4.0
Queen's Park and Maida Vale,7.5
Richmond Park,2.5
Romford,4.7
"Ruislip, Northwood and Pinner",3.1
Southgate and Wood Green,7.199999999999999
Stratford and Bow,6.4
Streatham and Croydon North,6.7
Sutton and Cheam,3.0
Tooting,3.8
Tottenham,9.700000000000001
Twickenham,2.6
Uxbridge and South Ruislip,4.2
Vauxhall and Camberwell Green,6.2
Walthamstow,7.6
West Ham and Beckton,7.5
Wimbledon,2.8000000000000003
Bishop Auckland,3.5000000000000004
Blaydon and Consett,3.5000000000000004
Blyth and Ashington,4.3
City of Durham,2.4
Cramlington and Killingworth,2.9000000000000004
Darlington,4.6
Easington,4.7
Gateshead Central and Whickham,4.9
Hartlepool,5.1
Hexham,2.4
Houghton and Sunderland South,4.3
Jarrow and Gateshead East,4.9
Middlesbrough South and East Cleveland,3.5999999999999996
Middlesbrough and Thornaby East,6.9
Newcastle upon Tyne Central and West,6.1
Newcastle upon Tyne East and Wallsend,4.7
Newcastle upon Tyne North,2.1999999999999997
Newton Aycliffe and Spennymoor,3.5000000000000004
North Durham,3.3000000000000003
North Northumberland,2.9000000000000004
Redcar,4.3999999999999995
South Shields,5.8999999999999995
Stockton North,5.3
Stockton West,2.1
Sunderland Central,4.9
Tynemouth,3.4000000000000004
Washington and Gateshead South,4.2
Altrincham and Sale West,2.1
Ashton-under-Lyne,5.8999999999999995
Barrow and Furness,3.0
Birkenhead,5.1
Blackburn,7.3999999999999995
Blackley and Middleton South,7.7
Blackpool North and Fleetwood,3.9
Blackpool South,6.9
Bolton North East,6.6000000000000005
Bolton South and Walkden,7.7
Bolton West,3.8
Bootle,5.800000000000001
Burnley,6.800000000000001
Bury North,5.2
Bury South,4.6
Carlisle,2.9000000000000004
Cheadle,2.1999999999999997
Chester North and Neston,2.9000000000000004
Chester South and Eddisbury,1.7999999999999998
Chorley,2.9000000000000004
Congleton,1.9
Crewe and Nantwich,3.2
Ellesmere Port and Bromborough,3.1
Fylde,2.7
Gorton and Denton,8.7
Hazel Grove,3.0
Heywood and Middleton North,5.7
Hyndburn,6.1
Knowsley,5.4
Lancaster and Wyre,2.4
Leigh and Atherton,4.3
Liverpool Garston,4.1000000000000005
Liverpool Riverside,6.3
Liverpool Walton,6.2
Liverpool Wavertree,6.4
Liverpool West Derby,6.2
Macclesfield,2.5
Makerfield,3.1
Manchester Central,5.2
Manchester Rusholme,7.199999999999999
Manchester Withington,3.8
Mid Cheshire,2.5
Morecambe and Lunesdale,3.2
Oldham East and Saddleworth,7.199999999999999
"Oldham West, Chadderton and Royton",8.200000000000001
Pendle and Clitheroe,5.6000000000000005
Penrith and Solway,2.1999999999999997
Preston,5.7
Ribble Valley,2.0
Rochdale,8.0
Rossendale and Darwen,3.8
Runcorn and Helsby,4.1000000000000005
Salford,4.8
Sefton Central,2.1999999999999997
South Ribble,2.4
Southport,3.5000000000000004
St Helens North,3.6999999999999997
St Helens South and Whiston,4.5
Stalybridge and Hyde,4.5
Stockport,4.8
Stretford and Urmston,4.6
Tatton,2.0
Wallasey,4.3
Warrington North,3.2
Warrington South,2.5
West Lancashire,3.1
Westmorland and Lonsdale,1.6
Whitehaven and Workington,3.0
Widnes and Halewood,4.2
Wigan,4.3
Wirral West,1.9
Worsley and Eccles,4.3
Wythenshawe and Sale East,5.0
Belfast East,3.3000000000000003
Belfast North,5.1
Belfast South and Mid Down,2.6
Belfast West,5.5
East Antrim,2.8000000000000003
East Londonderry,3.6999999999999997
Fermanagh and South Tyrone,3.2
Foyle,6.0
Lagan Valley,2.4
Mid Ulster,2.6
Newry and Armagh,3.6999999999999997
North Antrim,3.5000000000000004
North Down,2.7
South Antrim,2.4
South Down,2.9000000000000004
Strangford,3.4000000000000004
Upper Bann,3.3000000000000003
West Tyrone,3.3000000000000003
Aberdeen North,4.0
Aberdeen South,2.8000000000000003
Aberdeenshire North and Moray East,2.7
Airdrie and Shotts,3.5000000000000004
Alloa and Grangemouth,3.3000000000000003
Angus and Perthshire Glens,2.7
Arbroath and Broughty Ferry,3.3000000000000003
"Argyll, Bute and South Lochaber",2.6
"Ayr, Carrick and Cumnock",4.3
Bathgate and Linlithgow,3.0
"Berwickshire, Roxburgh and Selkirk",3.5000000000000004
"Caithness, Sutherland and Easter Ross",2.3
Central Ayrshire,3.8
Coatbridge and Bellshill,3.8
Cowdenbeath and Kirkcaldy,4.5
Cumbernauld and Kirkintilloch,3.0
Dumfries and Galloway,3.3000000000000003
"Dumfriesshire, Clydesdale and Tweeddale",2.8000000000000003
Dundee Central,4.7
Dunfermline and Dollar,2.8000000000000003
East Kilbride and Strathaven,2.3
East Renfrewshire,2.0
Edinburgh East and Musselburgh,3.0
Edinburgh North and Leith,3.4000000000000004
Edinburgh South,2.0
Edinburgh South West,2.9000000000000004
Edinburgh West,1.9
Falkirk,3.1
Glasgow East,6.2
Glasgow North,5.1
Glasgow North East,6.2
Glasgow South,4.6
Glasgow South West,5.5
Glasgow West,4.7
Glenrothes and Mid Fife,4.5
Gordon and Buchan,1.6
Hamilton and Clyde Valley,3.6999999999999997
Inverclyde and Renfrewshire West,3.5000000000000004
"Inverness, Skye and West Ross-shire",2.5
Kilmarnock and Loudoun,3.9
Livingston,2.7
Lothian East,2.3
Mid Dunbartonshire,1.7999999999999998
Midlothian,2.3
"Moray West, Nairn and Strathspey",2.3
"Motherwell, Wishaw and Carluke",3.5000000000000004
Na h-Eileanan an Iar,1.9
North Ayrshire and Arran,4.6
North East Fife,2.1999999999999997
Orkney and Shetland,1.7999999999999998
Paisley and Renfrewshire North,3.5000000000000004
Paisley and Renfrewshire South,3.5999999999999996
Perth and Kinross-shire,2.8000000000000003
Rutherglen,3.5000000000000004
Stirling and Strathallan,2.4
West Aberdeenshire and Kincardine,1.5
West Dunbartonshire,4.3
Aldershot,2.9000000000000004
Arundel and South Downs,2.1999999999999997
Ashford,3.3000000000000003
Aylesbury,3.9
Banbury,2.6
Basingstoke,3.1
Beaconsfield,2.3
Bexhill and Battle,3.3000000000000003
Bicester and Woodstock,2.0
Bognor Regis and Littlehampton,4.1000000000000005
Bracknell,2.6
Brighton Kemptown and Peacehaven,4.6
Brighton Pavilion,3.8
Buckingham and Bletchley,3.5000000000000004
Canterbury,3.4000000000000004
Chatham and Aylesford,4.1000000000000005
Chesham and Amersham,2.3
Chichester,3.4000000000000004
Crawley,4.3999999999999995
Dartford,3.3000000000000003
Didcot and Wantage,2.1999999999999997
Dorking and Horley,2.0
Dover and Deal,4.0
Earley and Woodley,2.6
East Grinstead and Uckfield,2.1999999999999997
East Hampshire,2.1999999999999997
East Surrey,2.4
East Thanet,6.0
East Worthing and Shoreham,2.7
Eastbourne,4.5
Eastleigh,2.1999999999999997
Epsom and Ewell,2.1
Esher and Walton,2.3
Fareham and Waterlooville,2.6
Farnham and Bordon,2.0
Faversham and Mid Kent,3.1
Folkestone and Hythe,4.5
Gillingham and Rainham,4.0
Godalming and Ash,1.9
Gosport,3.2
Gravesham,4.7
Guildford,2.0
Hamble Valley,1.7999999999999998
Hastings and Rye,5.2
Havant,3.9
Henley and Thame,1.7999999999999998
Herne Bay and Sandwich,3.5999999999999996
Horsham,2.0
Hove and Portslade,3.9
Isle of Wight East,4.7
Isle of Wight West,3.3000000000000003
Lewes,3.2
Maidenhead,2.1999999999999997
Maidstone and Malling,3.2
Mid Buckinghamshire,1.6
Mid Sussex,1.7999999999999998
Milton Keynes Central,4.3
Milton Keynes North,3.8
New Forest East,2.3
New Forest West,2.3
Newbury,2.5
North East Hampshire,1.6
North West Hampshire,2.1999999999999997
Oxford East,3.1
Oxford West and Abingdon,1.9
Portsmouth North,4.3
Portsmouth South,5.6000000000000005
Reading Central,4.3
Reading West and Mid Berkshire,2.9000000000000004
Reigate,2.0
Rochester and Strood,3.9
Romsey and Southampton North,2.1
Runnymede and Weybridge,2.6
Sevenoaks,2.1
Sittingbourne and Sheppey,4.0
Slough,5.7
Southampton Itchen,4.3
Southampton Test,4.8
Spelthorne,3.3000000000000003
Surrey Heath,2.1
Sussex Weald,2.5
Tonbridge,2.1999999999999997
Tunbridge Wells,2.5
Weald of Kent,2.6
Winchester,2.1999999999999997
Windsor,2.8000000000000003
Witney,2.0
Woking,2.6
Wokingham,1.7999999999999998
Worthing West,3.0
Wycombe,4.5
Bath,2.0
Bournemouth East,4.3
Bournemouth West,3.9
Bridgwater,3.0
Bristol Central,2.4
Bristol East,4.6
Bristol North East,3.6999999999999997
Bristol North West,3.0
Bristol South,3.9
Camborne and Redruth,3.3000000000000003
Central Devon,2.4
Cheltenham,2.9000000000000004
Chippenham,2.3
Christchurch,2.6
East Wiltshire,2.1
Exeter,2.3
Exmouth and Exeter East,2.0
Filton and Bradley Stoke,1.7999999999999998
Forest of Dean,3.1
Frome and East Somerset,2.4
Glastonbury and Somerton,2.4
Gloucester,3.9
Honiton and Sidmouth,2.1
Melksham and Devizes,2.3
Mid Dorset and North Poole,2.4
Newton Abbot,2.4
North Cornwall,3.0
North Cotswolds,1.9
North Devon,2.7
North Dorset,2.1999999999999997
North East Somerset and Hanham,1.7999999999999998
North Somerset,1.7999999999999998
Plymouth Moor View,3.3000000000000003
Plymouth Sutton and Devonport,4.3999999999999995
Poole,3.3000000000000003
Salisbury,2.6
South Cotswolds,1.9
South Devon,2.5
South Dorset,3.2
South East Cornwall,2.8000000000000003
South West Devon,1.7000000000000002
South West Wiltshire,2.6
St Austell and Newquay,3.4000000000000004
St Ives,3.2
Stroud,2.1
Swindon North,3.0
Swindon South,3.9
Taunton and Wellington,2.6
Tewkesbury,2.4
Thornbury and Yate,2.1999999999999997
Tiverton and Minehead,2.4
Torbay,3.5000000000000004
Torridge and Tavistock,2.7
Truro and Falmouth,2.6
Wells and Mendip Hills,2.4
West Dorset,2.4
Weston-super-Mare,3.5000000000000004
Yeovil,2.7
Aberafan Maesteg,3.8
Alyn and Deeside,2.9000000000000004
Bangor Aberconwy,3.3000000000000003
Blaenau Gwent and Rhymney,4.5
"Brecon, Radnor and Cwm Tawe",3.0
Bridgend,2.7
Caerfyrddin,3.2
Caerphilly,3.3000000000000003
Cardiff East,5.0
Cardiff North,2.4
Cardiff South and Penarth,3.9
Cardiff West,4.3
Ceredigion Preseli,3.0
Clwyd East,2.8000000000000003
Clwyd North,4.7
Dwyfor Meirionnydd,2.7
Gower,2.1999999999999997
Llanelli,3.3000000000000003
Merthyr Tydfil and Aberdare,3.5000000000000004
Mid and South Pembrokeshire,3.4000000000000004
Monmouthshire,2.5
Montgomeryshire and Glyndwr,3.1
Neath and Swansea East,2.9000000000000004
Newport East,5.7
Newport West and Islwyn,3.1
Pontypridd,2.9000000000000004
Rhondda and Ogmore,3.6999999999999997
Swansea West,4.7
Torfaen,4.0
Vale of Glamorgan,3.8
Wrexham,3.2
Ynys Mon,3.8
Aldridge-Brownhills,3.2
Birmingham Edgbaston,8.9
Birmingham Erdington,10.100000000000001
Birmingham Hall Green and Moseley,11.5
Birmingham Hodge Hill and Solihull North,10.5
Birmingham Ladywood,12.4
Birmingham Northfield,7.5
Birmingham Perry Barr,15.299999999999999
Birmingham Selly Oak,6.3
Birmingham Yardley,10.9
Bromsgrove,2.7
Burton and Uttoxeter,4.2
Cannock Chase,3.4000000000000004
Coventry East,7.3999999999999995
Coventry North West,5.1
Coventry South,4.7
Droitwich and Evesham,3.0
Dudley,6.2
Halesowen,4.8
Hereford and South Herefordshire,3.0
Kenilworth and Southam,1.7000000000000002
Kingswinford and South Staffordshire,2.8000000000000003
Lichfield,2.4
Meriden and Solihull East,3.9
Newcastle-under-Lyme,3.2
North Herefordshire,2.7
North Shropshire,2.9000000000000004
North Warwickshire and Bedworth,3.1
Nuneaton,4.1000000000000005
Redditch,3.9
Rugby,2.9000000000000004
Shrewsbury,2.7
Smethwick,7.7
Solihull West and Shirley,2.8000000000000003
South Shropshire,2.6
Stafford,3.0
Staffordshire Moorlands,2.5
Stoke-on-Trent Central,6.6000000000000005
Stoke-on-Trent North,5.800000000000001
Stoke-on-Trent South,3.8
"Stone, Great Wyrley and Penkridge",2.3
Stourbridge,5.2
Stratford-on-Avon,2.1
Sutton Coldfield,2.7
Tamworth,3.2
Telford,4.3
The Wrekin,2.9000000000000004
Tipton and Wednesbury,6.6000000000000005
Walsall and Bloxwich,8.1
Warwick and Leamington,2.6
West Bromwich,6.7
West Worcestershire,2.7
Wolverhampton North East,6.9
Wolverhampton South East,7.6
Wolverhampton West,7.5
Worcester,4.0
Wyre Forest,3.3000000000000003
Barnsley North,3.5999999999999996
Barnsley South,4.3
Beverley and Holderness,2.3
Bradford East,10.6
Bradford South,7.8
Bradford West,11.3
Bridlington and The Wolds,3.5000000000000004
Brigg and Immingham,2.5
Calder Valley,3.1
Colne Valley,2.9000000000000004
Dewsbury and Batley,7.8
Doncaster Central,6.2
Doncaster East and the Isle of Axholme,3.2
Doncaster North,4.6
Goole and Pocklington,2.1999999999999997
Great Grimsby and Cleethorpes,6.0
Halifax,6.0
Harrogate and Knaresborough,1.9
Huddersfield,6.7
Keighley and Ilkley,5.3
Kingston upon Hull East,6.1
Kingston upon Hull North and Cottingham,5.6000000000000005
Kingston upon Hull West and Haltemprice,5.0
Leeds Central and Headingley,3.4000000000000004
Leeds East,7.000000000000001
Leeds North East,4.7
Leeds North West,2.1999999999999997
Leeds South,8.200000000000001
Leeds South West and Morley,3.2
Leeds West and Pudsey,5.2
Normanton and Hemsworth,3.2
Ossett and Denby Dale,2.9000000000000004
Penistone and Stocksbridge,2.4
"Pontefract, Castleford and Knottingley",3.6999999999999997
Rawmarsh and Conisbrough,4.1000000000000005
Richmond and Northallerton,2.0
Rother Valley,3.2
Rotherham,6.0
Scarborough and Whitby,3.3000000000000003
Scunthorpe,4.7
Selby,2.3
Sheffield Brightside and Hillsborough,7.8
Sheffield Central,3.6999999999999997
Sheffield Hallam,1.7000000000000002
Sheffield Heeley,5.8999999999999995
Sheffield South East,5.5
Shipley,3.5999999999999996
Skipton and Ripon,2.0
Spen Valley,4.0
Thirsk and Malton,2.1
Wakefield and Rothwell,4.5
Wetherby and Easingwold,1.4000000000000001
York Central,2.1999999999999997
York Outer,1.4000000000000001
Basildon and Billericay,4.2
Bedford,5.800000000000001
Braintree,2.9000000000000004
Brentwood and Ongar,2.5
Broadland and Fakenham,2.1999999999999997
Broxbourne,3.5000000000000004
Bury St Edmunds and Stowmarket,2.5
Cambridge,2.1
Castle Point,2.6
Central Suffolk and North Ipswich,2.1999999999999997
Chelmsford,3.0
Clacton,4.7
Colchester,3.6999999999999997
Dunstable and Leighton Buzzard,2.9000000000000004
Ely and East Cambridgeshire,2.1
Epping Forest,3.2
Great Yarmouth,5.1
Harlow,4.3999999999999995
Harpenden and Berkhamsted,1.9
Harwich and North Essex,3.0
Hemel Hempstead,4.0
Hertford and Stortford,2.1
Hertsmere,3.5999999999999996
Hitchin,2.1999999999999997
Huntingdon,2.3
Ipswich,5.1
Lowestoft,4.0
Luton North,6.0
Luton South and South Bedfordshire,7.199999999999999
Maldon,2.5
Mid Bedfordshire,1.9
Mid Norfolk,2.1999999999999997
North Bedfordshire,2.5
North East Cambridgeshire,3.8
North East Hertfordshire,2.3
North Norfolk,2.8000000000000003
North West Cambridgeshire,3.5999999999999996
North West Essex,2.1999999999999997
North West Norfolk,3.2
Norwich North,3.3000000000000003
Norwich South,3.8
Peterborough,7.6
Rayleigh and Wickford,2.1
South Basildon and East Thurrock,3.8
South Cambridgeshire,1.7000000000000002
South Norfolk,2.1
South Suffolk,2.6
South West Hertfordshire,2.7
South West Norfolk,2.6
Southend East and Rochford,5.2
Southend West and Leigh,3.5000000000000004
St Albans,2.9000000000000004
St Neots and Mid Cambridgeshire,2.1
Stevenage,3.4000000000000004
Suffolk Coastal,2.0
Thurrock,4.9
Watford,4.3
Waveney Valley,2.4
Welwyn Hatfield,3.0
West Suffolk,2.4
Witham,2.5
Amber Valley,3.1
Ashfield,4.1000000000000005
Bassetlaw,3.5999999999999996
Bolsover,3.2
Boston and Skegness,4.3
Broxtowe,2.9000000000000004
Chesterfield,3.5999999999999996
Corby and East Northamptonshire,3.4000000000000004
Daventry,2.5
Derby North,4.3999999999999995
Derby South,7.199999999999999
Derbyshire Dales,1.9
Erewash,3.5999999999999996
Gainsborough,3.1
Gedling,3.4000000000000004
Grantham and Bourne,3.1
"Harborough, Oadby and Wigston",2.6
High Peak,2.7
Hinckley and Bosworth,2.6
Kettering,3.2
Leicester East,5.800000000000001
Leicester South,6.3
Leicester West,6.2
Lincoln,3.8
Loughborough,2.6
Louth and Horncastle,2.6
Mansfield,4.2
Melton and Syston,2.9000000000000004
Mid Derbyshire,2.1
Mid Leicestershire,2.3
Newark,3.0
North East Derbyshire,2.9000000000000004
North West Leicestershire,2.1
Northampton North,5.4
Northampton South,3.3000000000000003
Nottingham East,7.199999999999999
Nottingham North and Kimberley,6.800000000000001
Nottingham South,4.3999999999999995
Rushcliffe,2.0
Rutland and Stamford,2.1
Sherwood Forest,3.1
Sleaford and North Hykeham,2.1999999999999997
South Derbyshire,2.6
South Holland and The Deepings,3.0
South Leicestershire,2.0
South Northamptonshire,1.7999999999999998
Wellingborough and Rushden,4.0
Barking,7.6
Battersea,3.4000000000000004
Beckenham and Penge,3.6999999999999997
Bermondsey and Old Southwark,4.7
Bethnal Green and Stepney,7.199999999999999
Bexleyheath and Crayford,3.5000000000000004
Brent East,9.4
Brent West,5.4
Brentford and Isleworth,5.5
Bromley and Biggin Hill,3.0
Carshalton and Wallington,3.8
Chelsea and Fulham,3.6999999999999997
Chingford and Woodford Green,5.0
Chipping Barnet,3.9
Cities of London and Westminster,3.2
Clapham and Brixton Hill,5.3
Croydon East,5.6000000000000005
Croydon South,3.8
Croydon West,7.7
Dagenham and Rainham,6.5
Dulwich and West Norwood,6.0
Ealing Central and Acton,6.0
Ealing North,7.3
Ealing Southall,6.4
East Ham,8.3
Edmonton and Winchmore Hill,9.2
Eltham and Chislehurst,4.3
Enfield North,7.8
Erith and Thamesmead,6.4
Feltham and Heston,6.0
Finchley and Golders Green,5.2
Greenwich and Woolwich,4.9
Hackney North and Stoke Newington,7.7
Hackney South and Shoreditch,6.7
Hammersmith and Chiswick,4.9
Hampstead and Highgate,4.2
Harrow East,4.5
Harrow West,5.1
Hayes and Harlington,5.800000000000001
Hendon,5.7
Holborn and St Pancras,5.1
Hornchurch and Upminster,3.9
Hornsey and Friern Barnet,5.0
Ilford North,5.4
Ilford South,7.199999999999999
Islington North,6.1
Islington South and Finsbury,5.5
Kensington and Bayswater,3.9
Kingston and Surbiton,3.3000000000000003
Lewisham East,7.5
Lewisham North,6.4
Lewisham West and East Dulwich,5.7
Leyton and Wanstead,6.3
Mitcham and Morden,6.0
Old Bexley and Sidcup,2.4
Orpington,3.4000000000000004
Peckham,6.9
Poplar and Limehouse,5.6000000000000005
Putney,4.0
Queen's Park and Maida Vale,7.3999999999999995
Richmond Park,2.5
Romford,4.7
"Ruislip, Northwood and Pinner",3.0
Southgate and Wood Green,6.9
Stratford and Bow,6.2
Streatham and Croydon North,6.6000000000000005
Sutton and Cheam,3.0
Tooting,3.8
Tottenham,9.4
Twickenham,2.7
Uxbridge and South Ruislip,4.2
Vauxhall and Camberwell Green,6.2
Walthamstow,7.5
West Ham and Beckton,7.3999999999999995
Wimbledon,2.8000000000000003
Bishop Auckland,3.6999999999999997
Blaydon and Consett,3.5000000000000004
Blyth and Ashington,4.3
City of Durham,2.3
Cramlington and Killingworth,2.9000000000000004
Darlington,4.6
Easington,4.8
Gateshead Central and Whickham,4.9
Hartlepool,5.0
Hexham,2.4
Houghton and Sunderland South,4.2
Jarrow and Gateshead East,4.9
Middlesbrough South and East Cleveland,3.5999999999999996
Middlesbrough and Thornaby East,6.7
Newcastle upon Tyne Central and West,6.0
Newcastle upon Tyne East and Wallsend,4.7
Newcastle upon Tyne North,2.1
Newton Aycliffe and Spennymoor,3.5000000000000004
North Durham,3.3000000000000003
North Northumberland,2.8000000000000003
Redcar,4.5
South Shields,5.7
Stockton North,5.3
Stockton West,2.1
Sunderland Central,4.8
Tynemouth,3.3000000000000003
Washington and Gateshead South,4.2
Altrincham and Sale West,2.1999999999999997
Ashton-under-Lyne,6.0
Barrow and Furness,3.0
Birkenhead,5.2
Blackburn,7.3
Blackley and Middleton South,7.7
Blackpool North and Fleetwood,3.9
Blackpool South,6.6000000000000005
Bolton North East,6.6000000000000005
Bolton South and Walkden,7.6
Bolton West,3.6999999999999997
Bootle,5.7
Burnley,6.800000000000001
Bury North,5.2
Bury South,4.5
Carlisle,2.8000000000000003
Cheadle,2.1999999999999997
Chester North and Neston,2.9000000000000004
Chester South and Eddisbury,1.9
Chorley,2.9000000000000004
Congleton,1.9
Crewe and Nantwich,3.2
Ellesmere Port and Bromborough,3.2
Fylde,2.7
Gorton and Denton,8.6
Hazel Grove,3.0
Heywood and Middleton North,5.7
Hyndburn,6.1
Knowsley,5.3
Lancaster and Wyre,2.4
Leigh and Atherton,4.3
Liverpool Garston,4.1000000000000005
Liverpool Riverside,6.2
Liverpool Walton,6.2
Liverpool Wavertree,6.3
Liverpool West Derby,6.2
Macclesfield,2.5
Makerfield,3.2
Manchester Central,5.2
Manchester Rusholme,7.000000000000001
Manchester Withington,3.8
Mid Cheshire,2.5
Morecambe and Lunesdale,3.2
Oldham East and Saddleworth,7.1
"Oldham West, Chadderton and Royton",8.3
Pendle and Clitheroe,5.4
Penrith and Solway,2.1999999999999997
Preston,5.7
Ribble Valley,2.0
Rochdale,7.9
Rossendale and Darwen,3.9
Runcorn and Helsby,4.0
Salford,4.9
Sefton Central,2.1999999999999997
South Ribble,2.5
Southport,3.4000000000000004
St Helens North,3.8
St Helens South and Whiston,4.5
Stalybridge and Hyde,4.5
Stockport,4.8
Stretford and Urmston,4.6
Tatton,2.0
Wallasey,4.3
Warrington North,3.1
Warrington South,2.5
West Lancashire,3.1
Westmorland and Lonsdale,1.6
Whitehaven and Workington,3.0
Widnes and Halewood,4.1000000000000005
Wigan,4.3
Wirral West,1.9
Worsley and Eccles,4.3
Wythenshawe and Sale East,5.0
Belfast East,3.3000000000000003
Belfast North,5.1
Belfast South and Mid Down,2.6
Belfast West,5.5
East Antrim,3.0
East Londonderry,3.8
Fermanagh and South Tyrone,3.3000000000000003
Foyle,6.2
Lagan Valley,2.4
Mid Ulster,2.7
Newry and Armagh,3.8
North Antrim,3.5000000000000004
North Down,2.7
South Antrim,2.5
South Down,3.0
Strangford,3.5000000000000004
Upper Bann,3.3000000000000003
West Tyrone,3.4000000000000004
Aberdeen North,4.0
Aberdeen South,2.8000000000000003
Aberdeenshire North and Moray East,2.7
Airdrie and Shotts,3.5999999999999996
Alloa and Grangemouth,3.3000000000000003
Angus and Perthshire Glens,2.8000000000000003
Arbroath and Broughty Ferry,3.3000000000000003
"Argyll, Bute and South Lochaber",2.6
"Ayr, Carrick and Cumnock",4.2
Bathgate and Linlithgow,3.0
"Berwickshire, Roxburgh and Selkirk",3.4000000000000004
"Caithness, Sutherland and Easter Ross",2.1999999999999997
Central Ayrshire,3.8
Coatbridge and Bellshill,3.9
Cowdenbeath and Kirkcaldy,4.5
Cumbernauld and Kirkintilloch,3.0
Dumfries and Galloway,3.3000000000000003
"Dumfriesshire, Clydesdale and Tweeddale",2.7
Dundee Central,4.8
Dunfermline and Dollar,2.8000000000000003
East Kilbride and Strathaven,2.3
East Renfrewshire,2.0
Edinburgh East and Musselburgh,2.9000000000000004
Edinburgh North and Leith,3.4000000000000004
Edinburgh South,1.9
Edinburgh South West,2.8000000000000003
Edinburgh West,1.9
Falkirk,3.0
Glasgow East,6.2
Glasgow North,5.2
Glasgow North East,6.1
Glasgow South,4.6
Glasgow South West,5.6000000000000005
Glasgow West,4.8
Glenrothes and Mid Fife,4.3999999999999995
Gordon and Buchan,1.6
Hamilton and Clyde Valley,3.6999999999999997
Inverclyde and Renfrewshire West,3.4000000000000004
"Inverness, Skye and West Ross-shire",2.5
Kilmarnock and Loudoun,3.9
Livingston,2.7
Lothian East,2.3
Mid Dunbartonshire,1.7999999999999998
Midlothian,2.4
"Moray West, Nairn and Strathspey",2.3
"Motherwell, Wishaw and Carluke",3.5999999999999996
Na h-Eileanan an Iar,1.9
North Ayrshire and Arran,4.7
North East Fife,2.3
Orkney and Shetland,1.7999999999999998
Paisley and Renfrewshire North,3.5000000000000004
Paisley and Renfrewshire South,3.5999999999999996
Perth and Kinross-shire,2.8000000000000003
Rutherglen,3.5999999999999996
Stirling and Strathallan,2.4
West Aberdeenshire and Kincardine,1.5
West Dunbartonshire,4.3
Aldershot,2.9000000000000004
Arundel and South Downs,2.3
Ashford,3.3000000000000003
Aylesbury,3.9
Banbury,2.6
Basingstoke,3.0
Beaconsfield,2.3
Bexhill and Battle,3.3000000000000003
Bicester and Woodstock,2.0
Bognor Regis and Littlehampton,4.1000000000000005
Bracknell,2.6
Brighton Kemptown and Peacehaven,4.7
Brighton Pavilion,3.8
Buckingham and Bletchley,3.5999999999999996
Canterbury,3.4000000000000004
Chatham and Aylesford,4.0
Chesham and Amersham,2.3
Chichester,3.4000000000000004
Crawley,4.3
Dartford,3.3000000000000003
Didcot and Wantage,2.1999999999999997
Dorking and Horley,2.0
Dover and Deal,3.9
Earley and Woodley,2.6
East Grinstead and Uckfield,2.3
East Hampshire,2.1999999999999997
East Surrey,2.4
East Thanet,5.8999999999999995
East Worthing and Shoreham,2.6
Eastbourne,4.5
Eastleigh,2.3
Epsom and Ewell,2.1
Esher and Walton,2.3
Fareham and Waterlooville,2.7
Farnham and Bordon,2.0
Faversham and Mid Kent,3.1
Folkestone and Hythe,4.5
Gillingham and Rainham,3.9
Godalming and Ash,1.9
Gosport,3.2
Gravesham,4.6
Guildford,1.9
Hamble Valley,1.9
Hastings and Rye,5.2
Havant,3.9
Henley and Thame,1.7000000000000002
Herne Bay and Sandwich,3.5000000000000004
Horsham,2.0
Hove and Portslade,3.9
Isle of Wight East,4.6
Isle of Wight West,3.4000000000000004
Lewes,3.3000000000000003
Maidenhead,2.3
Maidstone and Malling,3.1
Mid Buckinghamshire,1.6
Mid Sussex,1.9
Milton Keynes Central,4.3999999999999995
Milton Keynes North,3.8
New Forest East,2.3
New Forest West,2.3
Newbury,2.5
North East Hampshire,1.6
North West Hampshire,2.1999999999999997
Oxford East,3.1
Oxford West and Abingdon,1.9
Portsmouth North,4.3
Portsmouth South,5.4
Reading Central,4.2
Reading West and Mid Berkshire,2.8000000000000003
Reigate,1.9
Rochester and Strood,3.9
Romsey and Southampton North,2.1
Runnymede and Weybridge,2.5
Sevenoaks,2.1
Sittingbourne and Sheppey,4.0
Slough,5.800000000000001
Southampton Itchen,4.2
Southampton Test,4.7
Spelthorne,3.3000000000000003
Surrey Heath,2.1
Sussex Weald,2.4
Tonbridge,2.1999999999999997
Tunbridge Wells,2.5
Weald of Kent,2.5
Winchester,2.1999999999999997
Windsor,2.8000000000000003
Witney,2.0
Woking,2.7
Wokingham,1.7999999999999998
Worthing West,3.0
Wycombe,4.5
Bath,1.9
Bournemouth East,4.3
Bournemouth West,3.9
Bridgwater,3.0
Bristol Central,2.4
Bristol East,4.5
Bristol North East,3.6999999999999997
Bristol North West,3.0
Bristol South,3.9
Camborne and Redruth,3.2
Central Devon,2.4
Cheltenham,2.8000000000000003
Chippenham,2.3
Christchurch,2.6
East Wiltshire,2.1999999999999997
Exeter,2.3
Exmouth and Exeter East,2.0
Filton and Bradley Stoke,1.7999999999999998
Forest of Dean,3.0
Frome and East Somerset,2.4
Glastonbury and Somerton,2.4
Gloucester,3.9
Honiton and Sidmouth,2.1
Melksham and Devizes,2.4
Mid Dorset and North Poole,2.4
Newton Abbot,2.4
North Cornwall,3.0
North Cotswolds,1.9
North Devon,2.6
North Dorset,2.1999999999999997
North East Somerset and Hanham,1.7000000000000002
North Somerset,1.7999999999999998
Plymouth Moor View,3.4000000000000004
Plymouth Sutton and Devonport,4.3
Poole,3.2
Salisbury,2.5
South Cotswolds,1.7999999999999998
South Devon,2.5
South Dorset,3.2
South East Cornwall,2.7
South West Devon,1.7000000000000002
South West Wiltshire,2.6
St Austell and Newquay,3.3000000000000003
St Ives,3.1
Stroud,2.0
Swindon North,3.0
Swindon South,3.9
Taunton and Wellington,2.6
Tewkesbury,2.4
Thornbury and Yate,2.1999999999999997
Tiverton and Minehead,2.4
Torbay,3.5999999999999996
Torridge and Tavistock,2.7
Truro and Falmouth,2.6
Wells and Mendip Hills,2.3
West Dorset,2.4
Weston-super-Mare,3.5000000000000004
Yeovil,2.7
Aberafan Maesteg,3.8
Alyn and Deeside,3.0
Bangor Aberconwy,3.3000000000000003
Blaenau Gwent and Rhymney,4.5
"Brecon, Radnor and Cwm Tawe",3.0
Bridgend,2.7
Caerfyrddin,3.2
Caerphilly,3.3000000000000003
Cardiff East,5.0
Cardiff North,2.4
Cardiff South and Penarth,3.8
Cardiff West,4.1000000000000005
Ceredigion Preseli,3.1
Clwyd East,2.8000000000000003
Clwyd North,4.6
Dwyfor Meirionnydd,2.7
Gower,2.3
Llanelli,3.4000000000000004
Merthyr Tydfil and Aberdare,3.5000000000000004
Mid and South Pembrokeshire,3.5000000000000004
Monmouthshire,2.5
Montgomeryshire and Glyndwr,3.1
Neath and Swansea East,3.0
Newport East,5.6000000000000005
Newport West and Islwyn,3.1
Pontypridd,2.8000000000000003
Rhondda and Ogmore,3.6999999999999997
Swansea West,4.7
Torfaen,4.0
Vale of Glamorgan,3.8
Wrexham,3.2
Ynys Mon,3.6999999999999997
Aldridge-Brownhills,3.3000000000000003
Birmingham Edgbaston,8.9
Birmingham Erdington,10.299999999999999
Birmingham Hall Green and Moseley,11.5
Birmingham Hodge Hill and Solihull North,10.5
Birmingham Ladywood,12.5
Birmingham Northfield,7.6
Birmingham Perry Barr,15.299999999999999
Birmingham Selly Oak,6.4
Birmingham Yardley,11.0
Bromsgrove,2.7
Burton and Uttoxeter,4.1000000000000005
Cannock Chase,3.4000000000000004
Coventry East,7.3
Coventry North West,5.1
Coventry South,4.7
Droitwich and Evesham,3.0
Dudley,6.2
Halesowen,4.8
Hereford and South Herefordshire,3.0
Kenilworth and Southam,1.7000000000000002
Kingswinford and South Staffordshire,2.8000000000000003
Lichfield,2.4
Meriden and Solihull East,4.0
Newcastle-under-Lyme,3.1
North Herefordshire,2.7
North Shropshire,2.8000000000000003
North Warwickshire and Bedworth,3.2
Nuneaton,4.1000000000000005
Redditch,3.8
Rugby,2.9000000000000004
Shrewsbury,2.8000000000000003
Smethwick,7.6
Solihull West and Shirley,2.8000000000000003
South Shropshire,2.6
Stafford,3.0
Staffordshire Moorlands,2.5
Stoke-on-Trent Central,6.5
Stoke-on-Trent North,5.7
Stoke-on-Trent South,3.6999999999999997
"Stone, Great Wyrley and Penkridge",2.3
Stourbridge,5.2
Stratford-on-Avon,2.1999999999999997
Sutton Coldfield,2.7
Tamworth,3.2
Telford,4.3
The Wrekin,3.0
Tipton and Wednesbury,6.800000000000001
Walsall and Bloxwich,8.1
Warwick and Leamington,2.6
West Bromwich,6.7
West Worcestershire,2.7
Wolverhampton North East,6.9
Wolverhampton South East,7.6
Wolverhampton West,7.5
Worcester,4.0
Wyre Forest,3.4000000000000004
Barnsley North,3.5999999999999996
Barnsley South,4.3
Beverley and Holderness,2.3
Bradford East,10.7
Bradford South,7.8
Bradford West,11.200000000000001
Bridlington and The Wolds,3.5000000000000004
Brigg and Immingham,2.5
Calder Valley,3.1
Colne Valley,3.0
Dewsbury and Batley,7.7
Doncaster Central,6.1
Doncaster East and the Isle of Axholme,3.2
Doncaster North,4.6
Goole and Pocklington,2.1999999999999997
Great Grimsby and Cleethorpes,6.0
Halifax,6.1
Harrogate and Knaresborough,1.7999999999999998
Huddersfield,6.800000000000001
Keighley and Ilkley,5.3
Kingston upon Hull East,6.1
Kingston upon Hull North and Cottingham,5.6000000000000005
Kingston upon Hull West and Haltemprice,5.0
Leeds Central and Headingley,3.4000000000000004
Leeds East,7.1
Leeds North East,4.7
Leeds North West,2.1999999999999997
Leeds South,8.1
Leeds South West and Morley,3.2
Leeds West and Pudsey,5.1
Normanton and Hemsworth,3.3000000000000003
Ossett and Denby Dale,2.9000000000000004
Penistone and Stocksbridge,2.4
"Pontefract, Castleford and Knottingley",3.6999999999999997
Rawmarsh and Conisbrough,4.1000000000000005
Richmond and Northallerton,2.0
Rother Valley,3.3000000000000003
Rotherham,6.1
Scarborough and Whitby,3.2
Scunthorpe,4.5
Selby,2.4
Sheffield Brightside and Hillsborough,7.8
Sheffield Central,3.6999999999999997
Sheffield Hallam,1.7000000000000002
Sheffield Heeley,5.8999999999999995
Sheffield South East,5.4
Shipley,3.6999999999999997
Skipton and Ripon,2.0
Spen Valley,4.1000000000000005
Thirsk and Malton,2.1
Wakefield and Rothwell,4.5
Wetherby and Easingwold,1.5
York Central,2.1999999999999997
York Outer,1.4000000000000001
Basildon and Billericay,4.3
Bedford,5.800000000000001
Braintree,2.8000000000000003
Brentwood and Ongar,2.5
Broadland and Fakenham,2.3
Broxbourne,3.5000000000000004
Bury St Edmunds and Stowmarket,2.5
Cambridge,2.1999999999999997
Castle Point,2.6
Central Suffolk and North Ipswich,2.1999999999999997
Chelmsford,3.0
Clacton,4.6
Colchester,3.6999999999999997
Dunstable and Leighton Buzzard,3.0
Ely and East Cambridgeshire,2.1999999999999997
Epping Forest,3.2
Great Yarmouth,4.9
Harlow,4.3
Harpenden and Berkhamsted,1.9
Harwich and North Essex,3.0
Hemel Hempstead,4.0
Hertford and Stortford,2.1
Hertsmere,3.5999999999999996
Hitchin,2.1999999999999997
Huntingdon,2.3
Ipswich,4.9
Lowestoft,3.9
Luton North,6.2
Luton South and South Bedfordshire,7.3
Maldon,2.6
Mid Bedfordshire,1.9
Mid Norfolk,2.1999999999999997
North Bedfordshire,2.5
North East Cambridgeshire,3.8
North East Hertfordshire,2.3
North Norfolk,2.8000000000000003
North West Cambridgeshire,3.5999999999999996
North West Essex,2.1
North West Norfolk,3.2
Norwich North,3.3000000000000003
Norwich South,3.8
Peterborough,7.3
Rayleigh and Wickford,2.1
South Basildon and East Thurrock,3.9
South Cambridgeshire,1.7000000000000002
South Norfolk,2.1999999999999997
South Suffolk,2.5
South West Hertfordshire,2.8000000000000003
South West Norfolk,2.6
Southend East and Rochford,5.3
Southend West and Leigh,3.5999999999999996
St Albans,2.9000000000000004
St Neots and Mid Cambridgeshire,2.1
Stevenage,3.4000000000000004
Suffolk Coastal,2.0
Thurrock,4.9
Watford,4.5
Waveney Valley,2.4
Welwyn Hatfield,3.0
West Suffolk,2.3
Witham,2.5
Amber Valley,3.1
Ashfield,4.1000000000000005
Bassetlaw,3.5000000000000004
Bolsover,3.2
Boston and Skegness,4.2
Broxtowe,2.9000000000000004
Chesterfield,3.8
Corby and East Northamptonshire,3.4000000000000004
Daventry,2.3
Derby North,4.3999999999999995
Derby South,7.1
Derbyshire Dales,2.0
Erewash,3.5999999999999996
Gainsborough,3.1
Gedling,3.4000000000000004
Grantham and Bourne,3.0
"Harborough, Oadby and Wigston",2.6
High Peak,2.8000000000000003
Hinckley and Bosworth,2.6
Kettering,3.2
Leicester East,5.7
Leicester South,6.2
Leicester West,6.3
Lincoln,3.6999999999999997
Loughborough,2.6
Louth and Horncastle,2.6
Mansfield,4.1000000000000005
Melton and Syston,2.8000000000000003
Mid Derbyshire,2.0
Mid Leicestershire,2.3
Newark,2.9000000000000004
North East Derbyshire,2.9000000000000004
North West Leicestershire,2.0
Northampton North,5.4
Northampton South,3.2
Nottingham East,7.199999999999999
Nottingham North and Kimberley,6.7
Nottingham South,4.3
Rushcliffe,2.0
Rutland and Stamford,2.1
Sherwood Forest,3.0
Sleaford and North Hykeham,2.1999999999999997
South Derbyshire,2.5
South Holland and The Deepings,3.0
South Leicestershire,1.9
South Northamptonshire,1.9
Wellingborough and Rushden,4.0
Barking,7.5
Battersea,3.5000000000000004
Beckenham and Penge,3.6999999999999997
Bermondsey and Old Southwark,4.8
Bethnal Green and Stepney,7.3999999999999995
Bexleyheath and Crayford,3.5000000000000004
Brent East,9.4
Brent West,5.4
Brentford and Isleworth,5.5
Bromley and Biggin Hill,3.1
Carshalton and Wallington,3.9
Chelsea and Fulham,3.6999999999999997
Chingford and Woodford Green,5.1
Chipping Barnet,3.9
Cities of London and Westminster,3.1
Clapham and Brixton Hill,5.4
Croydon East,5.6000000000000005
Croydon South,3.8
Croydon West,7.7
Dagenham and Rainham,6.4
Dulwich and West Norwood,6.2
Ealing Central and Acton,5.8999999999999995
Ealing North,7.199999999999999
Ealing Southall,6.4
East Ham,8.4
Edmonton and Winchmore Hill,8.9
Eltham and Chislehurst,4.3
Enfield North,7.7
Erith and Thamesmead,6.5
Feltham and Heston,5.8999999999999995
Finchley and Golders Green,5.2
Greenwich and Woolwich,5.0
Hackney North and Stoke Newington,7.8
Hackney South and Shoreditch,6.800000000000001
Hammersmith and Chiswick,4.9
Hampstead and Highgate,4.2
Harrow East,4.7
Harrow West,5.3
Hayes and Harlington,5.8999999999999995
Hendon,5.800000000000001
Holborn and St Pancras,5.2
Hornchurch and Upminster,4.0
Hornsey and Friern Barnet,5.0
Ilford North,5.4
Ilford South,7.3
Islington North,6.0
Islington South and Finsbury,5.7
Kensington and Bayswater,3.9
Kingston and Surbiton,3.3000000000000003
Lewisham East,7.5
Lewisham North,6.5
Lewisham West and East Dulwich,5.7
Leyton and Wanstead,6.3
Mitcham and Morden,6.2
Old Bexley and Sidcup,2.4
Orpington,3.4000000000000004
Peckham,6.800000000000001
Poplar and Limehouse,5.8999999999999995
Putney,4.1000000000000005
Queen's Park and Maida Vale,7.199999999999999
Richmond Park,2.5
Romford,4.7
"Ruislip, Northwood and Pinner",3.1
Southgate and Wood Green,6.800000000000001
Stratford and Bow,6.4
Streatham and Croydon North,6.800000000000001
Sutton and Cheam,3.0
Tooting,4.0
Tottenham,9.2
Twickenham,2.7
Uxbridge and South Ruislip,4.2
Vauxhall and Camberwell Green,6.3
Walthamstow,7.5
West Ham and Beckton,7.6
Wimbledon,2.9000000000000004
Bishop Auckland,3.6999999999999997
Blaydon and Consett,3.5000000000000004
Blyth and Ashington,4.3
City of Durham,2.4
Cramlington and Killingworth,2.9000000000000004
Darlington,4.3999999999999995
Easington,4.7
Gateshead Central and Whickham,4.8
Hartlepool,4.9
Hexham,2.3
Houghton and Sunderland South,4.2
Jarrow and Gateshead East,4.8
Middlesbrough South and East Cleveland,3.5999999999999996
Middlesbrough and Thornaby East,6.6000000000000005
Newcastle upon Tyne Central and West,5.800000000000001
Newcastle upon Tyne East and Wallsend,4.7
Newcastle upon Tyne North,2.1999999999999997
Newton Aycliffe and Spennymoor,3.5000000000000004
North Durham,3.3000000000000003
North Northumberland,2.8000000000000003
Redcar,4.5
South Shields,5.7
Stockton North,5.3
Stockton West,2.1
Sunderland Central,4.8
Tynemouth,3.4000000000000004
Washington and Gateshead South,4.2
Altrincham and Sale West,2.1
Ashton-under-Lyne,6.0
Barrow and Furness,2.9000000000000004
Birkenhead,5.2
Blackburn,7.3999999999999995
Blackley and Middleton South,7.6
Blackpool North and Fleetwood,3.9
Blackpool South,6.5
Bolton North East,6.4
Bolton South and Walkden,7.5
Bolton West,3.6999999999999997
Bootle,5.7
Burnley,6.800000000000001
Bury North,5.2
Bury South,4.5
Carlisle,2.7
Cheadle,2.1
Chester North and Neston,3.0
Chester South and Eddisbury,1.7999999999999998
Chorley,2.9000000000000004
Congleton,1.9
Crewe and Nantwich,3.1
Ellesmere Port and Bromborough,3.2
Fylde,2.7
Gorton and Denton,8.5
Hazel Grove,2.9000000000000004
Heywood and Middleton North,5.5
Hyndburn,5.800000000000001
Knowsley,5.3
Lancaster and Wyre,2.4
Leigh and Atherton,4.1000000000000005
Liverpool Garston,4.1000000000000005
Liverpool Riverside,6.2
Liverpool Walton,6.1
Liverpool Wavertree,6.3
Liverpool West Derby,6.1
Macclesfield,2.5
Makerfield,3.1
Manchester Central,5.1
Manchester Rusholme,7.000000000000001
Manchester Withington,3.8
Mid Cheshire,2.4
Morecambe and Lunesdale,3.2
Oldham East and Saddleworth,7.199999999999999
"Oldham West, Chadderton and Royton",8.200000000000001
Pendle and Clitheroe,5.4
Penrith and Solway,2.1
Preston,5.800000000000001
Ribble Valley,2.0
Rochdale,7.8
Rossendale and Darwen,3.9
Runcorn and Helsby,4.1000000000000005
Salford,4.8
Sefton Central,2.3
South Ribble,2.4
Southport,3.5000000000000004
St Helens North,3.8
St Helens South and Whiston,4.5
Stalybridge and Hyde,4.5
Stockport,4.9
Stretford and Urmston,4.5
Tatton,1.9
Wallasey,4.3
Warrington North,3.1
Warrington South,2.5
West Lancashire,3.1
Westmorland and Lonsdale,1.6
Whitehaven and Workington,2.9000000000000004
Widnes and Halewood,4.1000000000000005
Wigan,4.3
Wirral West,1.7999999999999998
Worsley and Eccles,4.3
Wythenshawe and Sale East,4.9
Belfast East,3.4000000000000004
Belfast North,5.3
Belfast South and Mid Down,2.6
Belfast West,5.6000000000000005
East Antrim,3.0
East Londonderry,3.9
Fermanagh and South Tyrone,3.4000000000000004
Foyle,6.5
Lagan Valley,2.5
Mid Ulster,2.8000000000000003
Newry and Armagh,3.9
North Antrim,3.5999999999999996
North Down,2.7
South Antrim,2.5
South Down,3.1
Strangford,3.4000000000000004
Upper Bann,3.4000000000000004
West Tyrone,3.5000000000000004
Aberdeen North,3.9
Aberdeen South,2.7
Aberdeenshire North and Moray East,2.6
Airdrie and Shotts,3.5000000000000004
Alloa and Grangemouth,3.2
Angus and Perthshire Glens,2.6
Arbroath and Broughty Ferry,3.1
"Argyll, Bute and South Lochaber",2.6
"Ayr, Carrick and Cumnock",4.2
Bathgate and Linlithgow,2.9000000000000004
"Berwickshire, Roxburgh and Selkirk",3.3000000000000003
"Caithness, Sutherland and Easter Ross",2.1999999999999997
Central Ayrshire,3.6999999999999997
Coatbridge and Bellshill,3.6999999999999997
Cowdenbeath and Kirkcaldy,4.2
Cumbernauld and Kirkintilloch,3.0
Dumfries and Galloway,3.1
"Dumfriesshire, Clydesdale and Tweeddale",2.6
Dundee Central,4.5
Dunfermline and Dollar,2.6
East Kilbride and Strathaven,2.1999999999999997
East Renfrewshire,2.0
Edinburgh East and Musselburgh,2.8000000000000003
Edinburgh North and Leith,3.3000000000000003
Edinburgh South,1.9
Edinburgh South West,2.8000000000000003
Edinburgh West,2.0
Falkirk,3.0
Glasgow East,6.1
Glasgow North,5.1
Glasgow North East,6.0
Glasgow South,4.5
Glasgow South West,5.5
Glasgow West,4.6
Glenrothes and Mid Fife,4.3999999999999995
Gordon and Buchan,1.6
Hamilton and Clyde Valley,3.5000000000000004
Inverclyde and Renfrewshire West,3.3000000000000003
"Inverness, Skye and West Ross-shire",2.5
Kilmarnock and Loudoun,3.8
Livingston,2.7
Lothian East,2.1999999999999997
Mid Dunbartonshire,1.7999999999999998
Midlothian,2.3
"Moray West, Nairn and Strathspey",2.1999999999999997
"Motherwell, Wishaw and Carluke",3.4000000000000004
Na h-Eileanan an Iar,1.7000000000000002
North Ayrshire and Arran,4.5
North East Fife,2.3
Orkney and Shetland,1.7999999999999998
Paisley and Renfrewshire North,3.3000000000000003
Paisley and Renfrewshire South,3.5000000000000004
Perth and Kinross-shire,2.6
Rutherglen,3.4000000000000004
Stirling and Strathallan,2.3
West Aberdeenshire and Kincardine,1.4000000000000001
West Dunbartonshire,4.2
Aldershot,2.9000000000000004
Arundel and South Downs,2.4
Ashford,3.3000000000000003
Aylesbury,3.9
Banbury,2.6
Basingstoke,3.1
Beaconsfield,2.4
Bexhill and Battle,3.1
Bicester and Woodstock,1.9
Bognor Regis and Littlehampton,4.1000000000000005
Bracknell,2.7
Brighton Kemptown and Peacehaven,4.7
Brighton Pavilion,3.8
Buckingham and Bletchley,3.6999999999999997
Canterbury,3.3000000000000003
Chatham and Aylesford,4.1000000000000005
Chesham and Amersham,2.3
Chichester,3.4000000000000004
Crawley,4.3999999999999995
Dartford,3.2
Didcot and Wantage,2.0
Dorking and Horley,2.0
Dover and Deal,4.0
Earley and Woodley,2.6
East Grinstead and Uckfield,2.1999999999999997
East Hampshire,2.1
East Surrey,2.5
East Thanet,5.8999999999999995
East Worthing and Shoreham,2.6
Eastbourne,4.5
Eastleigh,2.3
Epsom and Ewell,2.1
Esher and Walton,2.3
Fareham and Waterlooville,2.6
Farnham and Bordon,2.1
Faversham and Mid Kent,3.0
Folkestone and Hythe,4.3999999999999995
Gillingham and Rainham,3.9
Godalming and Ash,1.9
Gosport,3.2
Gravesham,4.6
Guildford,2.0
Hamble Valley,1.9
Hastings and Rye,5.1
Havant,3.8
Henley and Thame,1.7999999999999998
Herne Bay and Sandwich,3.5000000000000004
Horsham,2.0
Hove and Portslade,4.0
Isle of Wight East,4.5
Isle of Wight West,3.4000000000000004
Lewes,3.3000000000000003
Maidenhead,2.3
Maidstone and Malling,3.2
Mid Buckinghamshire,1.6
Mid Sussex,1.7999999999999998
Milton Keynes Central,4.3999999999999995
Milton Keynes North,3.9
New Forest East,2.3
New Forest West,2.3
Newbury,2.5
North East Hampshire,1.6
North West Hampshire,2.3
Oxford East,3.2
Oxford West and Abingdon,1.9
Portsmouth North,4.3
Portsmouth South,5.4
Reading Central,4.2
Reading West and Mid Berkshire,2.8000000000000003
Reigate,2.0
Rochester and Strood,3.8
Romsey and Southampton North,2.1
Runnymede and Weybridge,2.5
Sevenoaks,2.1
Sittingbourne and Sheppey,4.0
Slough,5.8999999999999995
Southampton Itchen,4.3999999999999995
Southampton Test,4.7
Spelthorne,3.3000000000000003
Surrey Heath,2.1
Sussex Weald,2.4
Tonbridge,2.3
Tunbridge Wells,2.6
Weald of Kent,2.5
Winchester,2.1999999999999997
Windsor,2.9000000000000004
Witney,2.0
Woking,2.7
Wokingham,1.7999999999999998
Worthing West,3.0
Wycombe,4.5
Bath,2.0
Bournemouth East,4.3
Bournemouth West,3.8
Bridgwater,2.9000000000000004
Bristol Central,2.4
Bristol East,4.5
Bristol North East,3.8
Bristol North West,3.1
Bristol South,4.0
Camborne and Redruth,3.2
Central Devon,2.5
Cheltenham,2.8000000000000003
Chippenham,2.3
Christchurch,2.6
East Wiltshire,2.3
Exeter,2.3
Exmouth and Exeter East,2.0
Filton and Bradley Stoke,1.7000000000000002
Forest of Dean,3.0
Frome and East Somerset,2.4
Glastonbury and Somerton,2.4
Gloucester,4.0
Honiton and Sidmouth,2.1
Melksham and Devizes,2.3
Mid Dorset and North Poole,2.3
Newton Abbot,2.4
North Cornwall,3.0
North Cotswolds,1.9
North Devon,2.7
North Dorset,2.3
North East Somerset and Hanham,1.7999999999999998
North Somerset,1.9
Plymouth Moor View,3.3000000000000003
Plymouth Sutton and Devonport,4.2
Poole,3.2
Salisbury,2.5
South Cotswolds,1.7999999999999998
South Devon,2.5
South Dorset,3.0
South East Cornwall,2.8000000000000003
South West Devon,1.7000000000000002
South West Wiltshire,2.6
St Austell and Newquay,3.2
St Ives,3.2
Stroud,2.0
Swindon North,3.0
Swindon South,3.8
Taunton and Wellington,2.5
Tewkesbury,2.4
Thornbury and Yate,2.1999999999999997
Tiverton and Minehead,2.4
Torbay,3.5999999999999996
Torridge and Tavistock,2.7
Truro and Falmouth,2.6
Wells and Mendip Hills,2.4
West Dorset,2.4
Weston-super-Mare,3.5000000000000004
Yeovil,2.6
Aberafan Maesteg,3.6999999999999997
Alyn and Deeside,3.0
Bangor Aberconwy,3.3000000000000003
Blaenau Gwent and Rhymney,4.3999999999999995
"Brecon, Radnor and Cwm Tawe",3.0
Bridgend,2.7
Caerfyrddin,3.2
Caerphilly,3.3000000000000003
Cardiff East,4.8
Cardiff North,2.3
Cardiff South and Penarth,3.8
Cardiff West,4.1000000000000005
Ceredigion Preseli,3.1
Clwyd East,2.8000000000000003
Clwyd North,4.5
Dwyfor Meirionnydd,2.6
Gower,2.1999999999999997
Llanelli,3.5000000000000004
Merthyr Tydfil and Aberdare,3.5999999999999996
Mid and South Pembrokeshire,3.4000000000000004
Monmouthshire,2.5
Montgomeryshire and Glyndwr,3.1
Neath and Swansea East,2.9000000000000004
Newport East,5.5
Newport West and Islwyn,3.1
Pontypridd,2.9000000000000004
Rhondda and Ogmore,3.6999999999999997
Swansea West,4.8
Torfaen,3.9
Vale of Glamorgan,3.8
Wrexham,3.2
Ynys Mon,3.8
Aldridge-Brownhills,3.3000000000000003
Birmingham Edgbaston,9.0
Birmingham Erdington,10.5
Birmingham Hall Green and Moseley,11.600000000000001
Birmingham Hodge Hill and Solihull North,10.8
Birmingham Ladywood,12.6
Birmingham Northfield,7.8
Birmingham Perry Barr,15.5
Birmingham Selly Oak,6.5
Birmingham Yardley,11.1
Bromsgrove,2.7
Burton and Uttoxeter,4.0
Cannock Chase,3.4000000000000004
Coventry East,7.3
Coventry North West,5.0
Coventry South,4.7
Droitwich and Evesham,3.1
Dudley,6.2
Halesowen,4.8
Hereford and South Herefordshire,3.1
Kenilworth and Southam,1.7999999999999998
Kingswinford and South Staffordshire,2.8000000000000003
Lichfield,2.3
Meriden and Solihull East,4.0
Newcastle-under-Lyme,3.1
North Herefordshire,2.7
North Shropshire,2.8000000000000003
North Warwickshire and Bedworth,3.2
Nuneaton,4.1000000000000005
Redditch,3.6999999999999997
Rugby,2.9000000000000004
Shrewsbury,2.7
Smethwick,7.7
Solihull West and Shirley,2.8000000000000003
South Shropshire,2.6
Stafford,3.0
Staffordshire Moorlands,2.4
Stoke-on-Trent Central,6.6000000000000005
Stoke-on-Trent North,5.800000000000001
Stoke-on-Trent South,3.6999999999999997
"Stone, Great Wyrley and Penkridge",2.4
Stourbridge,5.2
Stratford-on-Avon,2.1
Sutton Coldfield,2.7
Tamworth,3.1
Telford,4.3999999999999995
The Wrekin,3.0
Tipton and Wednesbury,6.800000000000001
Walsall and Bloxwich,8.3
Warwick and Leamington,2.7
West Bromwich,6.800000000000001
West Worcestershire,2.7
Wolverhampton North East,7.000000000000001
Wolverhampton South East,7.7
Wolverhampton West,7.5
Worcester,4.0
Wyre Forest,3.4000000000000004
Barnsley North,3.5000000000000004
Barnsley South,4.2
Beverley and Holderness,2.3
Bradford East,10.7
Bradford South,7.9
Bradford West,11.3
Bridlington and The Wolds,3.4000000000000004
Brigg and Immingham,2.5
Calder Valley,3.1
Colne Valley,3.0
Dewsbury and Batley,7.6
Doncaster Central,6.0
Doncaster East and the Isle of Axholme,3.2
Doncaster North,4.6
Goole and Pocklington,2.1
Great Grimsby and Cleethorpes,5.8999999999999995
Halifax,6.1
Harrogate and Knaresborough,1.7999999999999998
Huddersfield,6.7
Keighley and Ilkley,5.2
Kingston upon Hull East,6.0
Kingston upon Hull North and Cottingham,5.4
Kingston upon Hull West and Haltemprice,4.9
Leeds Central and Headingley,3.4000000000000004
Leeds East,6.9
Leeds North East,4.7
Leeds North West,2.1999999999999997
Leeds South,8.1
Leeds South West and Morley,3.2
Leeds West and Pudsey,5.1
Normanton and Hemsworth,3.2
Ossett and Denby Dale,2.9000000000000004
Penistone and Stocksbridge,2.4
"Pontefract, Castleford and Knottingley",3.5999999999999996
Rawmarsh and Conisbrough,4.1000000000000005
Richmond and Northallerton,2.0
Rother Valley,3.1
Rotherham,6.2
Scarborough and Whitby,3.1
Scunthorpe,4.6
Selby,2.4
Sheffield Brightside and Hillsborough,7.8
Sheffield Central,3.6999999999999997
Sheffield Hallam,1.7999999999999998
Sheffield Heeley,5.8999999999999995
Sheffield South East,5.5
Shipley,3.5999999999999996
Skipton and Ripon,1.9
Spen Valley,4.1000000000000005
Thirsk and Malton,2.1
Wakefield and Rothwell,4.5
Wetherby and Easingwold,1.5
York Central,2.1
York Outer,1.4000000000000001
Basildon and Billericay,4.2
Bedford,5.7
Braintree,2.8000000000000003
Brentwood and Ongar,2.5
Broadland and Fakenham,2.3
Broxbourne,3.3000000000000003
Bury St Edmunds and Stowmarket,2.5
Cambridge,2.1999999999999997
Castle Point,2.6
Central Suffolk and North Ipswich,2.1
Chelmsford,3.0
Clacton,4.6
Colchester,3.5999999999999996
Dunstable and Leighton Buzzard,3.0
Ely and East Cambridgeshire,2.1
Epping Forest,3.2
Great Yarmouth,4.8
Harlow,4.2
Harpenden and Berkhamsted,1.9
Harwich and North Essex,3.0
Hemel Hempstead,4.0
Hertford and Stortford,2.0
Hertsmere,3.4000000000000004
Hitchin,2.1
Huntingdon,2.1999999999999997
Ipswich,4.7
Lowestoft,3.9
Luton North,6.2
Luton South and South Bedfordshire,7.3
Maldon,2.6
Mid Bedfordshire,1.9
Mid Norfolk,2.1
North Bedfordshire,2.5
North East Cambridgeshire,3.8
North East Hertfordshire,2.1999999999999997
North Norfolk,2.9000000000000004
North West Cambridgeshire,3.5000000000000004
North West Essex,2.1
North West Norfolk,3.1
Norwich North,3.3000000000000003
Norwich South,3.6999999999999997
Peterborough,7.199999999999999
Rayleigh and Wickford,2.1
South Basildon and East Thurrock,3.8
South Cambridgeshire,1.7000000000000002
South Norfolk,2.1
South Suffolk,2.5
South West Hertfordshire,2.8000000000000003
South West Norfolk,2.5
Southend East and Rochford,5.3
Southend West and Leigh,3.5999999999999996
St Albans,2.9000000000000004
St Neots and Mid Cambridgeshire,2.0
Stevenage,3.3000000000000003
Suffolk Coastal,2.0
Thurrock,5.0
Watford,4.5
Waveney Valley,2.3
Welwyn Hatfield,3.0
West Suffolk,2.3
Witham,2.5
Amber Valley,3.0
Ashfield,3.9
Bassetlaw,3.4000000000000004
Bolsover,3.1
Boston and Skegness,4.2
Broxtowe,2.9000000000000004
Chesterfield,3.6999999999999997
Corby and East Northamptonshire,3.0
Daventry,2.3
Derby North,4.3
Derby South,7.000000000000001
Derbyshire Dales,2.0
Erewash,3.5999999999999996
Gainsborough,3.1
Gedling,3.3000000000000003
Grantham and Bourne,3.0
"Harborough, Oadby and Wigston",2.5
High Peak,2.8000000000000003
Hinckley and Bosworth,2.6
Kettering,3.2
Leicester East,5.800000000000001
Leicester South,6.3
Leicester West,6.3
Lincoln,3.6999999999999997
Loughborough,2.5
Louth and Horncastle,2.7
Mansfield,4.0
Melton and Syston,2.9000000000000004
Mid Derbyshire,2.0
Mid Leicestershire,2.1999999999999997
Newark,2.9000000000000004
North East Derbyshire,2.9000000000000004
North West Leicestershire,2.0
Northampton North,5.2
Northampton South,3.1
Nottingham East,7.199999999999999
Nottingham North and Kimberley,6.5
Nottingham South,4.3
Rushcliffe,2.0
Rutland and Stamford,2.1
Sherwood Forest,3.0
Sleaford and North Hykeham,2.1
South Derbyshire,2.4
South Holland and The Deepings,2.9000000000000004
South Leicestershire,1.9
South Northamptonshire,1.7999999999999998
Wellingborough and Rushden,3.9
Barking,7.6
Battersea,3.5000000000000004
Beckenham and Penge,3.6999999999999997
Bermondsey and Old Southwark,4.8
Bethnal Green and Stepney,7.6
Bexleyheath and Crayford,3.5999999999999996
Brent East,9.5
Brent West,5.5
Brentford and Isleworth,5.5
Bromley and Biggin Hill,3.1
Carshalton and Wallington,3.9
Chelsea and Fulham,3.6999999999999997
Chingford and Woodford Green,5.1
Chipping Barnet,3.9
Cities of London and Westminster,3.1
Clapham and Brixton Hill,5.5
Croydon East,5.6000000000000005
Croydon South,3.9
Croydon West,7.7
Dagenham and Rainham,6.5
Dulwich and West Norwood,6.3
Ealing Central and Acton,5.8999999999999995
Ealing North,7.3
Ealing Southall,6.5
East Ham,8.7
Edmonton and Winchmore Hill,8.9
Eltham and Chislehurst,4.5
Enfield North,7.8
Erith and Thamesmead,6.4
Feltham and Heston,5.8999999999999995
Finchley and Golders Green,5.2
Greenwich and Woolwich,5.0
Hackney North and Stoke Newington,7.8
Hackney South and Shoreditch,6.9
Hammersmith and Chiswick,4.9
Hampstead and Highgate,4.3
Harrow East,4.8
Harrow West,5.3
Hayes and Harlington,6.0
Hendon,6.0
Holborn and St Pancras,5.4
Hornchurch and Upminster,4.0
Hornsey and Friern Barnet,5.0
Ilford North,5.4
Ilford South,7.3999999999999995
Islington North,6.1
Islington South and Finsbury,5.7
Kensington and Bayswater,3.9
Kingston and Surbiton,3.4000000000000004
Lewisham East,7.6
Lewisham North,6.6000000000000005
Lewisham West and East Dulwich,5.7
Leyton and Wanstead,6.3
Mitcham and Morden,6.1
Old Bexley and Sidcup,2.4
Orpington,3.4000000000000004
Peckham,6.800000000000001
Poplar and Limehouse,6.2
Putney,4.3
Queen's Park and Maida Vale,7.3
Richmond Park,2.5
Romford,4.7
"Ruislip, Northwood and Pinner",3.0
Southgate and Wood Green,7.000000000000001
Stratford and Bow,6.7
Streatham and Croydon North,6.800000000000001
Sutton and Cheam,2.9000000000000004
Tooting,4.1000000000000005
Tottenham,9.3
Twickenham,2.8000000000000003
Uxbridge and South Ruislip,4.3
Vauxhall and Camberwell Green,6.4
Walthamstow,7.6
West Ham and Beckton,7.8
Wimbledon,2.9000000000000004
Bishop Auckland,3.6999999999999997
Blaydon and Consett,3.4000000000000004
Blyth and Ashington,4.2
City of Durham,2.3
Cramlington and Killingworth,2.9000000000000004
Darlington,4.2
Easington,4.7
Gateshead Central and Whickham,4.7
Hartlepool,4.6
Hexham,2.1999999999999997
Houghton and Sunderland South,4.2
Jarrow and Gateshead East,4.8
Middlesbrough South and East Cleveland,3.5000000000000004
Middlesbrough and Thornaby East,6.6000000000000005
Newcastle upon Tyne Central and West,5.800000000000001
Newcastle upon Tyne East and Wallsend,4.7
Newcastle upon Tyne North,2.1999999999999997
Newton Aycliffe and Spennymoor,3.5000000000000004
North Durham,3.3000000000000003
North Northumberland,2.7
Redcar,4.2
South Shields,5.7
Stockton North,5.2
Stockton West,2.0
Sunderland Central,4.7
Tynemouth,3.4000000000000004
Washington and Gateshead South,4.1000000000000005
Altrincham and Sale West,2.1
Ashton-under-Lyne,5.8999999999999995
Barrow and Furness,2.8000000000000003
Birkenhead,5.1
Blackburn,7.3999999999999995
Blackley and Middleton South,7.5
Blackpool North and Fleetwood,3.6999999999999997
Blackpool South,6.5
Bolton North East,6.4
Bolton South and Walkden,7.3999999999999995
Bolton West,3.6999999999999997
Bootle,5.6000000000000005
Burnley,6.6000000000000005
Bury North,5.0
Bury South,4.3999999999999995
Carlisle,2.6
Cheadle,2.0
Chester North and Neston,3.0
Chester South and Eddisbury,1.9
Chorley,2.8000000000000003
Congleton,1.7999999999999998
Crewe and Nantwich,3.0
Ellesmere Port and Bromborough,3.0
Fylde,2.7
Gorton and Denton,8.3
Hazel Grove,2.7
Heywood and Middleton North,5.5
Hyndburn,5.800000000000001
Knowsley,5.2
Lancaster and Wyre,2.3
Leigh and Atherton,4.0
Liverpool Garston,4.1000000000000005
Liverpool Riverside,6.1
Liverpool Walton,6.0
Liverpool Wavertree,6.3
Liverpool West Derby,6.1
Macclesfield,2.4
Makerfield,3.0
Manchester Central,5.0
Manchester Rusholme,6.9
Manchester Withington,3.6999999999999997
Mid Cheshire,2.4
Morecambe and Lunesdale,3.2
Oldham East and Saddleworth,7.1
"Oldham West, Chadderton and Royton",8.1
Pendle and Clitheroe,5.3
Penrith and Solway,2.1
Preston,5.7
Ribble Valley,2.0
Rochdale,7.7
Rossendale and Darwen,3.8
Runcorn and Helsby,4.0
Salford,4.8
Sefton Central,2.1999999999999997
South Ribble,2.1999999999999997
Southport,3.5000000000000004
St Helens North,3.6999999999999997
St Helens South and Whiston,4.3999999999999995
Stalybridge and Hyde,4.6
Stockport,4.7
Stretford and Urmston,4.5
Tatton,1.9
Wallasey,4.3
Warrington North,3.1
Warrington South,2.4
West Lancashire,3.1
Westmorland and Lonsdale,1.6
Whitehaven and Workington,3.0
Widnes and Halewood,4.0
Wigan,4.1000000000000005
Wirral West,1.7999999999999998
Worsley and Eccles,4.2
Wythenshawe and Sale East,4.8
Belfast East,3.4000000000000004
Belfast North,5.3
Belfast South and Mid Down,2.5
Belfast West,5.6000000000000005
East Antrim,3.0
East Londonderry,3.9
Fermanagh and South Tyrone,3.3000000000000003
Foyle,6.5
Lagan Valley,2.4
Mid Ulster,2.8000000000000003
Newry and Armagh,3.9
North Antrim,3.5999999999999996
North Down,2.8000000000000003
South Antrim,2.4
South Down,3.0
Strangford,3.4000000000000004
Upper Bann,3.4000000000000004
West Tyrone,3.5000000000000004
Aberdeen North,3.8
Aberdeen South,2.7
Aberdeenshire North and Moray East,2.5
Airdrie and Shotts,3.4000000000000004
Alloa and Grangemouth,3.0
Angus and Perthshire Glens,2.6
Arbroath and Broughty Ferry,3.1
"Argyll, Bute and South Lochaber",2.5
"Ayr, Carrick and Cumnock",4.0
Bathgate and Linlithgow,2.6
"Berwickshire, Roxburgh and Selkirk",3.2
"Caithness, Sutherland and Easter Ross",2.1999999999999997
Central Ayrshire,3.4000000000000004
Coatbridge and Bellshill,3.5999999999999996
Cowdenbeath and Kirkcaldy,4.2
Cumbernauld and Kirkintilloch,2.9000000000000004
Dumfries and Galloway,3.1
"Dumfriesshire, Clydesdale and Tweeddale",2.6
Dundee Central,4.3999999999999995
Dunfermline and Dollar,2.5
East Kilbride and Strathaven,2.1
East Renfrewshire,1.7999999999999998
Edinburgh East and Musselburgh,2.8000000000000003
Edinburgh North and Leith,3.3000000000000003
Edinburgh South,1.9
Edinburgh South West,2.8000000000000003
Edinburgh West,1.9
Falkirk,2.9000000000000004
Glasgow East,6.0
Glasgow North,4.9
Glasgow North East,5.8999999999999995
Glasgow South,4.3999999999999995
Glasgow South West,5.4
Glasgow West,4.6
Glenrothes and Mid Fife,4.2
Gordon and Buchan,1.5
Hamilton and Clyde Valley,3.4000000000000004
Inverclyde and Renfrewshire West,3.3000000000000003
"Inverness, Skye and West Ross-shire",2.4
Kilmarnock and Loudoun,3.5999999999999996
Livingston,2.5
Lothian East,2.1999999999999997
Mid Dunbartonshire,1.7999999999999998
Midlothian,2.3
"Moray West, Nairn and Strathspey",2.1999999999999997
"Motherwell, Wishaw and Carluke",3.3000000000000003
Na h-Eileanan an Iar,1.7999999999999998
North Ayrshire and Arran,4.3999999999999995
North East Fife,2.3
Orkney and Shetland,1.5
Paisley and Renfrewshire North,3.2
Paisley and Renfrewshire South,3.3000000000000003
Perth and Kinross-shire,2.6
Rutherglen,3.2
Stirling and Strathallan,2.1999999999999997
West Aberdeenshire and Kincardine,1.4000000000000001
West Dunbartonshire,4.0
Aldershot,2.9000000000000004
Arundel and South Downs,2.3
Ashford,3.3000000000000003
Aylesbury,3.9
Banbury,2.5
Basingstoke,3.1
Beaconsfield,2.4
Bexhill and Battle,3.1
Bicester and Woodstock,1.9
Bognor Regis and Littlehampton,4.1000000000000005
Bracknell,2.7
Brighton Kemptown and Peacehaven,4.7
Brighton Pavilion,3.6999999999999997
Buckingham and Bletchley,3.6999999999999997
Canterbury,3.3000000000000003
Chatham and Aylesford,4.1000000000000005
Chesham and Amersham,2.3
Chichester,3.4000000000000004
Crawley,4.2
Dartford,3.1
Didcot and Wantage,2.0
Dorking and Horley,2.0
Dover and Deal,3.9
Earley and Woodley,2.6
East Grinstead and Uckfield,2.1999999999999997
East Hampshire,2.1
East Surrey,2.5
East Thanet,6.0
East Worthing and Shoreham,2.7
Eastbourne,4.5
Eastleigh,2.3
Epsom and Ewell,2.1
Esher and Walton,2.4
Fareham and Waterlooville,2.6
Farnham and Bordon,2.1
Faversham and Mid Kent,3.0
Folkestone and Hythe,4.5
Gillingham and Rainham,3.9
Godalming and Ash,1.9
Gosport,3.0
Gravesham,4.6
Guildford,2.0
Hamble Valley,1.9
Hastings and Rye,5.0
Havant,3.8
Henley and Thame,1.7999999999999998
Herne Bay and Sandwich,3.6999999999999997
Horsham,1.9
Hove and Portslade,4.0
Isle of Wight East,4.5
Isle of Wight West,3.3000000000000003
Lewes,3.2
Maidenhead,2.3
Maidstone and Malling,3.2
Mid Buckinghamshire,1.6
Mid Sussex,1.7000000000000002
Milton Keynes Central,4.3999999999999995
Milton Keynes North,3.9
New Forest East,2.3
New Forest West,2.1999999999999997
Newbury,2.5
North East Hampshire,1.6
North West Hampshire,2.1999999999999997
Oxford East,3.1
Oxford West and Abingdon,1.7999999999999998
Portsmouth North,4.1000000000000005
Portsmouth South,5.4
Reading Central,4.2
Reading West and Mid Berkshire,2.8000000000000003
Reigate,2.0
Rochester and Strood,3.9
Romsey and Southampton North,2.1
Runnymede and Weybridge,2.5
Sevenoaks,2.1
Sittingbourne and Sheppey,3.9
Slough,6.1
Southampton Itchen,4.2
Southampton Test,4.8
Spelthorne,3.3000000000000003
Surrey Heath,2.1
Sussex Weald,2.3
Tonbridge,2.3
Tunbridge Wells,2.6
Weald of Kent,2.5
Winchester,2.1999999999999997
Windsor,3.0
Witney,1.9
Woking,2.7
Wokingham,1.9
Worthing West,3.0
Wycombe,4.6
Bath,1.9
Bournemouth East,4.2
Bournemouth West,3.5999999999999996
Bridgwater,2.8000000000000003
Bristol Central,2.4
Bristol East,4.3999999999999995
Bristol North East,3.8
Bristol North West,3.0
Bristol South,4.0
Camborne and Redruth,3.2
Central Devon,2.4
Cheltenham,2.8000000000000003
Chippenham,2.3
Christchurch,2.6
East Wiltshire,2.1999999999999997
Exeter,2.1999999999999997
Exmouth and Exeter East,1.9
Filton and Bradley Stoke,1.7000000000000002
Forest of Dean,2.8000000000000003
Frome and East Somerset,2.4
Glastonbury and Somerton,2.4
Gloucester,3.8
Honiton and Sidmouth,2.0
Melksham and Devizes,2.4
Mid Dorset and North Poole,2.1999999999999997
Newton Abbot,2.3
North Cornwall,3.1
North Cotswolds,1.9
North Devon,2.7
North Dorset,2.1999999999999997
North East Somerset and Hanham,1.7999999999999998
North Somerset,1.7000000000000002
Plymouth Moor View,3.3000000000000003
Plymouth Sutton and Devonport,4.0
Poole,3.1
Salisbury,2.3
South Cotswolds,1.9
South Devon,2.5
South Dorset,2.9000000000000004
South East Cornwall,2.7
South West Devon,1.7000000000000002
South West Wiltshire,2.6
St Austell and Newquay,3.1
St Ives,3.2
Stroud,2.0
Swindon North,3.0
Swindon South,3.8
Taunton and Wellington,2.5
Tewkesbury,2.1999999999999997
Thornbury and Yate,2.1
Tiverton and Minehead,2.4
Torbay,3.3000000000000003
Torridge and Tavistock,2.6
Truro and Falmouth,2.5
Wells and Mendip Hills,2.3
West Dorset,2.4
Weston-super-Mare,3.4000000000000004
Yeovil,2.6
Aberafan Maesteg,3.8
Alyn and Deeside,2.9000000000000004
Bangor Aberconwy,3.2
Blaenau Gwent and Rhymney,4.2
"Brecon, Radnor and Cwm Tawe",3.0
Bridgend,2.6
Caerfyrddin,3.0
Caerphilly,3.3000000000000003
Cardiff East,4.7
Cardiff North,2.3
Cardiff South and Penarth,3.6999999999999997
Cardiff West,4.0
Ceredigion Preseli,3.0
Clwyd East,2.8000000000000003
Clwyd North,4.5
Dwyfor Meirionnydd,2.6
Gower,2.1999999999999997
Llanelli,3.4000000000000004
Merthyr Tydfil and Aberdare,3.4000000000000004
Mid and South Pembrokeshire,3.3000000000000003
Monmouthshire,2.5
Montgomeryshire and Glyndwr,2.9000000000000004
Neath and Swansea East,2.8000000000000003
Newport East,5.3
Newport West and Islwyn,3.0
Pontypridd,2.8000000000000003
Rhondda and Ogmore,3.6999999999999997
Swansea West,4.5
Torfaen,3.8
Vale of Glamorgan,3.6999999999999997
Wrexham,3.1
Ynys Mon,3.6999999999999997
Aldridge-Brownhills,3.3000000000000003
Birmingham Edgbaston,9.0
Birmingham Erdington,10.4
Birmingham Hall Green and Moseley,11.700000000000001
Birmingham Hodge Hill and Solihull North,10.8
Birmingham Ladywood,12.7
Birmingham Northfield,7.7
Birmingham Perry Barr,15.4
Birmingham Selly Oak,6.5
Birmingham Yardley,11.200000000000001
Bromsgrove,2.6
Burton and Uttoxeter,3.9
Cannock Chase,3.3000000000000003
Coventry East,7.199999999999999
Coventry North West,5.1
Coventry South,4.7
Droitwich and Evesham,3.0
Dudley,6.1
Halesowen,4.8
Hereford and South Herefordshire,3.1
Kenilworth and Southam,1.7999999999999998
Kingswinford and South Staffordshire,2.8000000000000003
Lichfield,2.1999999999999997
Meriden and Solihull East,4.0
Newcastle-under-Lyme,3.0
North Herefordshire,2.7
North Shropshire,2.8000000000000003
North Warwickshire and Bedworth,3.2
Nuneaton,4.1000000000000005
Redditch,3.8
Rugby,2.8000000000000003
Shrewsbury,2.7
Smethwick,7.7
Solihull West and Shirley,2.8000000000000003
South Shropshire,2.6
Stafford,2.9000000000000004
Staffordshire Moorlands,2.4
Stoke-on-Trent Central,6.6000000000000005
Stoke-on-Trent North,5.800000000000001
Stoke-on-Trent South,3.6999999999999997
"Stone, Great Wyrley and Penkridge",2.3
Stourbridge,5.2
Stratford-on-Avon,2.0
Sutton Coldfield,2.8000000000000003
Tamworth,3.1
Telford,4.3
The Wrekin,2.9000000000000004
Tipton and Wednesbury,6.800000000000001
Walsall and Bloxwich,8.3
Warwick and Leamington,2.7
West Bromwich,6.800000000000001
West Worcestershire,2.6
Wolverhampton North East,6.9
Wolverhampton South East,7.6
Wolverhampton West,7.3999999999999995
Worcester,4.0
Wyre Forest,3.4000000000000004
Barnsley North,3.4000000000000004
Barnsley South,4.0
Beverley and Holderness,2.1999999999999997
Bradford East,10.7
Bradford South,7.9
Bradford West,11.4
Bridlington and The Wolds,3.2
Brigg and Immingham,2.4
Calder Valley,3.1
Colne Valley,2.9000000000000004
Dewsbury and Batley,7.3999999999999995
Doncaster Central,5.7
Doncaster East and the Isle of Axholme,3.1
Doncaster North,4.3999999999999995
Goole and Pocklington,2.1
Great Grimsby and Cleethorpes,5.5
Halifax,6.1
Harrogate and Knaresborough,1.7000000000000002
Huddersfield,6.7
Keighley and Ilkley,5.1
Kingston upon Hull East,5.8999999999999995
Kingston upon Hull North and Cottingham,5.4
Kingston upon Hull West and Haltemprice,4.8
Leeds Central and Headingley,3.4000000000000004
Leeds East,6.9
Leeds North East,4.7
Leeds North West,2.1999999999999997
Leeds South,8.1
Leeds South West and Morley,3.2
Leeds West and Pudsey,5.1
Normanton and Hemsworth,3.2
Ossett and Denby Dale,2.9000000000000004
Penistone and Stocksbridge,2.4
"Pontefract, Castleford and Knottingley",3.5999999999999996
Rawmarsh and Conisbrough,3.9
Richmond and Northallerton,2.0
Rother Valley,3.1
Rotherham,6.0
Scarborough and Whitby,3.1
Scunthorpe,4.6
Selby,2.3
Sheffield Brightside and Hillsborough,7.7
Sheffield Central,3.6999999999999997
Sheffield Hallam,1.7999999999999998
Sheffield Heeley,5.800000000000001
Sheffield South East,5.3
Shipley,3.5000000000000004
Skipton and Ripon,1.9
Spen Valley,4.0
Thirsk and Malton,2.0
Wakefield and Rothwell,4.3999999999999995
Wetherby and Easingwold,1.5
York Central,2.1
York Outer,1.4000000000000001
Basildon and Billericay,4.2
Bedford,5.5
Braintree,2.7
Brentwood and Ongar,2.5
Broadland and Fakenham,2.3
Broxbourne,3.3000000000000003
Bury St Edmunds and Stowmarket,2.4
Cambridge,2.1999999999999997
Castle Point,2.5
Central Suffolk and North Ipswich,2.0
Chelmsford,2.9000000000000004
Clacton,4.7
Colchester,3.5999999999999996
Dunstable and Leighton Buzzard,3.0
Ely and East Cambridgeshire,2.1
Epping Forest,3.0
Great Yarmouth,4.9
Harlow,4.1000000000000005
Harpenden and Berkhamsted,1.7999999999999998
Harwich and North Essex,2.9000000000000004
Hemel Hempstead,3.8
Hertford and Stortford,1.9
Hertsmere,3.4000000000000004
Hitchin,2.1
Huntingdon,2.1999999999999997
Ipswich,4.6
Lowestoft,3.9
Luton North,6.0
Luton South and South Bedfordshire,7.1
Maldon,2.5
Mid Bedfordshire,1.9
Mid Norfolk,2.0
North Bedfordshire,2.4
North East Cambridgeshire,3.6999999999999997
North East Hertfordshire,2.1999999999999997
North Norfolk,2.9000000000000004
North West Cambridgeshire,3.4000000000000004
North West Essex,2.1
North West Norfolk,3.0
Norwich North,3.3000000000000003
Norwich South,3.6999999999999997
Peterborough,7.1
Rayleigh and Wickford,2.0
South Basildon and East Thurrock,3.6999999999999997
South Cambridgeshire,1.7000000000000002
South Norfolk,2.0
South Suffolk,2.4
South West Hertfordshire,2.7
South West Norfolk,2.5
Southend East and Rochford,5.2
Southend West and Leigh,3.5000000000000004
St Albans,2.7
St Neots and Mid Cambridgeshire,2.0
Stevenage,3.3000000000000003
Suffolk Coastal,2.0
Thurrock,4.9
Watford,4.3999999999999995
Waveney Valley,2.3
Welwyn Hatfield,3.1
West Suffolk,2.3
Witham,2.4
Amber Valley,3.0
Ashfield,3.8
Bassetlaw,3.2
Bolsover,3.1
Boston and Skegness,4.3
Broxtowe,2.8000000000000003
Chesterfield,3.6999999999999997
Corby and East Northamptonshire,2.8000000000000003
Daventry,2.3
Derby North,4.3
Derby South,7.000000000000001
Derbyshire Dales,1.9
Erewash,3.5999999999999996
Gainsborough,2.9000000000000004
Gedling,3.3000000000000003
Grantham and Bourne,2.9000000000000004
"Harborough, Oadby and Wigston",2.5
High Peak,2.6
Hinckley and Bosworth,2.4
Kettering,3.1
Leicester East,5.5
Leicester South,6.3
Leicester West,6.1
Lincoln,3.5999999999999996
Loughborough,2.5
Louth and Horncastle,2.8000000000000003
Mansfield,4.0
Melton and Syston,2.8000000000000003
Mid Derbyshire,2.0
Mid Leicestershire,2.1999999999999997
Newark,2.8000000000000003
North East Derbyshire,2.8000000000000003
North West Leicestershire,2.0
Northampton North,5.0
Northampton South,3.0
Nottingham East,7.000000000000001
Nottingham North and Kimberley,6.4
Nottingham South,4.2
Rushcliffe,1.9
Rutland and Stamford,2.0
Sherwood Forest,2.9000000000000004
Sleaford and North Hykeham,2.0
South Derbyshire,2.4
South Holland and The Deepings,2.9000000000000004
South Leicestershire,1.9
South Northamptonshire,1.7999999999999998
Wellingborough and Rushden,3.8
Barking,7.5
Battersea,3.5999999999999996
Beckenham and Penge,3.6999999999999997
Bermondsey and Old Southwark,4.7
Bethnal Green and Stepney,7.5
Bexleyheath and Crayford,3.4000000000000004
Brent East,9.4
Brent West,5.5
Brentford and Isleworth,5.2
Bromley and Biggin Hill,3.1
Carshalton and Wallington,3.9
Chelsea and Fulham,3.6999999999999997
Chingford and Woodford Green,5.1
Chipping Barnet,3.9
Cities of London and Westminster,3.1
Clapham and Brixton Hill,5.4
Croydon East,5.6000000000000005
Croydon South,3.9
Croydon West,7.6
Dagenham and Rainham,6.4
Dulwich and West Norwood,6.2
Ealing Central and Acton,5.800000000000001
Ealing North,7.3
Ealing Southall,6.5
East Ham,8.7
Edmonton and Winchmore Hill,8.7
Eltham and Chislehurst,4.5
Enfield North,7.5
Erith and Thamesmead,6.4
Feltham and Heston,5.800000000000001
Finchley and Golders Green,5.1
Greenwich and Woolwich,5.0
Hackney North and Stoke Newington,7.8
Hackney South and Shoreditch,6.9
Hammersmith and Chiswick,4.9
Hampstead and Highgate,4.2
Harrow East,4.7
Harrow West,5.2
Hayes and Harlington,5.800000000000001
Hendon,5.800000000000001
Holborn and St Pancras,5.2
Hornchurch and Upminster,4.0
Hornsey and Friern Barnet,4.9
Ilford North,5.4
Ilford South,7.5
Islington North,6.0
Islington South and Finsbury,5.6000000000000005
Kensington and Bayswater,3.8
Kingston and Surbiton,3.4000000000000004
Lewisham East,7.6
Lewisham North,6.5
Lewisham West and East Dulwich,5.7
Leyton and Wanstead,6.3
Mitcham and Morden,6.0
Old Bexley and Sidcup,2.4
Orpington,3.5000000000000004
Peckham,6.800000000000001
Poplar and Limehouse,6.1
Putney,4.3
Queen's Park and Maida Vale,7.3
Richmond Park,2.5
Romford,4.6
"Ruislip, Northwood and Pinner",3.0
Southgate and Wood Green,6.9
Stratford and Bow,6.6000000000000005
Streatham and Croydon North,6.7
Sutton and Cheam,2.9000000000000004
Tooting,4.1000000000000005
Tottenham,9.1
Twickenham,2.7
Uxbridge and South Ruislip,4.3
Vauxhall and Camberwell Green,6.4
Walthamstow,7.5
West Ham and Beckton,7.6
Wimbledon,2.9000000000000004
Bishop Auckland,3.5999999999999996
Blaydon and Consett,3.3000000000000003
Blyth and Ashington,4.1000000000000005
City of Durham,2.3
Cramlington and Killingworth,2.9000000000000004
Darlington,4.2
Easington,4.8
Gateshead Central and Whickham,4.6
Hartlepool,4.5
Hexham,2.1999999999999997
Houghton and Sunderland South,4.0
Jarrow and Gateshead East,4.7
Middlesbrough South and East Cleveland,3.4000000000000004
Middlesbrough and Thornaby East,6.2
Newcastle upon Tyne Central and West,5.7
Newcastle upon Tyne East and Wallsend,4.6
Newcastle upon Tyne North,2.1
Newton Aycliffe and Spennymoor,3.4000000000000004
North Durham,3.2
North Northumberland,2.8000000000000003
Redcar,4.2
South Shields,5.6000000000000005
Stockton North,5.1
Stockton West,2.0
Sunderland Central,4.7
Tynemouth,3.3000000000000003
Washington and Gateshead South,4.1000000000000005
Altrincham and Sale West,2.0
Ashton-under-Lyne,6.0
Barrow and Furness,2.7
Birkenhead,5.0
Blackburn,7.1
Blackley and Middleton South,7.199999999999999
Blackpool North and Fleetwood,3.6999999999999997
Blackpool South,6.6000000000000005
Bolton North East,6.2
Bolton South and Walkden,7.199999999999999
Bolton West,3.5000000000000004
Bootle,5.5
Burnley,6.4
Bury North,4.8
Bury South,4.3
Carlisle,2.6
Cheadle,2.0
Chester North and Neston,2.9000000000000004
Chester South and Eddisbury,1.7000000000000002
Chorley,2.8000000000000003
Congleton,1.9
Crewe and Nantwich,2.9000000000000004
Ellesmere Port and Bromborough,2.9000000000000004
Fylde,2.7
Gorton and Denton,8.0
Hazel Grove,2.7
Heywood and Middleton North,5.3
Hyndburn,5.7
Knowsley,5.0
Lancaster and Wyre,2.3
Leigh and Atherton,3.9
Liverpool Garston,4.0
Liverpool Riverside,6.1
Liverpool Walton,6.0
Liverpool Wavertree,6.3
Liverpool West Derby,5.800000000000001
Macclesfield,2.3
Makerfield,3.0
Manchester Central,4.8
Manchester Rusholme,6.7
Manchester Withington,3.6999999999999997
Mid Cheshire,2.4
Morecambe and Lunesdale,3.2
Oldham East and Saddleworth,6.9
"Oldham West, Chadderton and Royton",7.8
Pendle and Clitheroe,5.3
Penrith and Solway,2.1
Preston,5.6000000000000005
Ribble Valley,1.9
Rochdale,7.3999999999999995
Rossendale and Darwen,3.5999999999999996
Runcorn and Helsby,3.9
Salford,4.8
Sefton Central,2.1
South Ribble,2.1999999999999997
Southport,3.4000000000000004
St Helens North,3.5999999999999996
St Helens South and Whiston,4.3999999999999995
Stalybridge and Hyde,4.5
Stockport,4.5
Stretford and Urmston,4.3999999999999995
Tatton,1.9
Wallasey,4.2
Warrington North,3.0
Warrington South,2.4
West Lancashire,2.9000000000000004
Westmorland and Lonsdale,1.6
Whitehaven and Workington,2.9000000000000004
Widnes and Halewood,3.9
Wigan,4.1000000000000005
Wirral West,1.7000000000000002
Worsley and Eccles,4.1000000000000005
Wythenshawe and Sale East,4.6
Belfast East,3.2
Belfast North,5.0
Belfast South and Mid Down,2.5
Belfast West,5.4
East Antrim,2.8000000000000003
East Londonderry,3.6999999999999997
Fermanagh and South Tyrone,3.2
Foyle,6.2
Lagan Valley,2.3
Mid Ulster,2.5
Newry and Armagh,3.8
North Antrim,3.5000000000000004
North Down,2.6
South Antrim,2.3
South Down,2.9000000000000004
Strangford,3.2
Upper Bann,3.2
West Tyrone,3.4000000000000004
Aberdeen North,3.8
Aberdeen South,2.7
Aberdeenshire North and Moray East,2.6
Airdrie and Shotts,3.3000000000000003
Alloa and Grangemouth,2.9000000000000004
Angus and Perthshire Glens,2.6
Arbroath and Broughty Ferry,3.1
"Argyll, Bute and South Lochaber",2.5
"Ayr, Carrick and Cumnock",4.0
Bathgate and Linlithgow,2.6
"Berwickshire, Roxburgh and Selkirk",3.2
"Caithness, Sutherland and Easter Ross",2.1999999999999997
Central Ayrshire,3.3000000000000003
Coatbridge and Bellshill,3.5999999999999996
Cowdenbeath and Kirkcaldy,4.2
Cumbernauld and Kirkintilloch,2.8000000000000003
Dumfries and Galloway,3.0
"Dumfriesshire, Clydesdale and Tweeddale",2.6
Dundee Central,4.3
Dunfermline and Dollar,2.6
East Kilbride and Strathaven,2.1999999999999997
East Renfrewshire,1.7000000000000002
Edinburgh East and Musselburgh,2.9000000000000004
Edinburgh North and Leith,3.3000000000000003
Edinburgh South,1.7999999999999998
Edinburgh South West,2.8000000000000003
Edinburgh West,2.0
Falkirk,2.9000000000000004
Glasgow East,6.0
Glasgow North,4.9
Glasgow North East,5.7
Glasgow South,4.3999999999999995
Glasgow South West,5.3
Glasgow West,4.3999999999999995
Glenrothes and Mid Fife,4.2
Gordon and Buchan,1.6
Hamilton and Clyde Valley,3.4000000000000004
Inverclyde and Renfrewshire West,3.3000000000000003
"Inverness, Skye and West Ross-shire",2.5
Kilmarnock and Loudoun,3.5999999999999996
Livingston,2.6
Lothian East,2.1999999999999997
Mid Dunbartonshire,1.7000000000000002
Midlothian,2.1
"Moray West, Nairn and Strathspey",2.3
"Motherwell, Wishaw and Carluke",3.2
Na h-Eileanan an Iar,2.0
North Ayrshire and Arran,4.3
North East Fife,2.3
Orkney and Shetland,1.5
Paisley and Renfrewshire North,3.2
Paisley and Renfrewshire South,3.1
Perth and Kinross-shire,2.6
Rutherglen,3.1
Stirling and Strathallan,2.1999999999999997
West Aberdeenshire and Kincardine,1.4000000000000001
West Dunbartonshire,3.9
Aldershot,2.7
Arundel and South Downs,2.3
Ashford,3.2
Aylesbury,3.9
Banbury,2.5
Basingstoke,2.9000000000000004
Beaconsfield,2.4
Bexhill and Battle,3.1
Bicester and Woodstock,1.7999999999999998
Bognor Regis and Littlehampton,4.1000000000000005
Bracknell,2.6
Brighton Kemptown and Peacehaven,4.7
Brighton Pavilion,3.6999999999999997
Buckingham and Bletchley,3.5000000000000004
Canterbury,3.3000000000000003
Chatham and Aylesford,4.0
Chesham and Amersham,2.3
Chichester,3.5000000000000004
Crawley,4.1000000000000005
Dartford,3.0
Didcot and Wantage,2.0
Dorking and Horley,2.0
Dover and Deal,3.8
Earley and Woodley,2.5
East Grinstead and Uckfield,2.1
East Hampshire,2.0
East Surrey,2.4
East Thanet,5.8999999999999995
East Worthing and Shoreham,2.6
Eastbourne,4.7
Eastleigh,2.1999999999999997
Epsom and Ewell,2.1
Esher and Walton,2.4
Fareham and Waterlooville,2.5
Farnham and Bordon,2.0
Faversham and Mid Kent,2.8000000000000003
Folkestone and Hythe,4.3999999999999995
Gillingham and Rainham,3.9
Godalming and Ash,1.9
Gosport,3.0
Gravesham,4.3999999999999995
Guildford,2.0
Hamble Valley,1.7999999999999998
Hastings and Rye,4.9
Havant,3.8
Henley and Thame,1.7999999999999998
Herne Bay and Sandwich,3.5999999999999996
Horsham,1.9
Hove and Portslade,4.0
Isle of Wight East,4.8
Isle of Wight West,3.4000000000000004
Lewes,3.2
Maidenhead,2.3
Maidstone and Malling,3.1
Mid Buckinghamshire,1.7000000000000002
Mid Sussex,1.7000000000000002
Milton Keynes Central,4.3
Milton Keynes North,3.8
New Forest East,2.3
New Forest West,2.1999999999999997
Newbury,2.4
North East Hampshire,1.5
North West Hampshire,2.1999999999999997
Oxford East,3.2
Oxford West and Abingdon,1.7999999999999998
Portsmouth North,4.0
Portsmouth South,5.4
Reading Central,4.2
Reading West and Mid Berkshire,2.8000000000000003
Reigate,1.9
Rochester and Strood,3.8
Romsey and Southampton North,2.1
Runnymede and Weybridge,2.5
Sevenoaks,2.1
Sittingbourne and Sheppey,3.9
Slough,6.1
Southampton Itchen,4.1000000000000005
Southampton Test,4.7
Spelthorne,3.3000000000000003
Surrey Heath,2.1
Sussex Weald,2.1999999999999997
Tonbridge,2.3
Tunbridge Wells,2.6
Weald of Kent,2.4
Winchester,2.0
Windsor,2.9000000000000004
Witney,1.9
Woking,2.6
Wokingham,1.7999999999999998
Worthing West,2.9000000000000004
Wycombe,4.6
Bath,1.9
Bournemouth East,4.1000000000000005
Bournemouth West,3.5999999999999996
Bridgwater,2.9000000000000004
Bristol Central,2.4
Bristol East,4.3
Bristol North East,3.6999999999999997
Bristol North West,2.9000000000000004
Bristol South,3.9
Camborne and Redruth,3.3000000000000003
Central Devon,2.3
Cheltenham,2.7
Chippenham,2.3
Christchurch,2.6
East Wiltshire,2.1999999999999997
Exeter,2.1999999999999997
Exmouth and Exeter East,1.7999999999999998
Filton and Bradley Stoke,1.6
Forest of Dean,2.8000000000000003
Frome and East Somerset,2.4
Glastonbury and Somerton,2.3
Gloucester,3.6999999999999997
Honiton and Sidmouth,2.0
Melksham and Devizes,2.3
Mid Dorset and North Poole,2.1999999999999997
Newton Abbot,2.3
North Cornwall,3.2
North Cotswolds,1.9
North Devon,2.7
North Dorset,2.1999999999999997
North East Somerset and Hanham,1.7000000000000002
North Somerset,1.7000000000000002
Plymouth Moor View,3.3000000000000003
Plymouth Sutton and Devonport,4.1000000000000005
Poole,3.1
Salisbury,2.3
South Cotswolds,1.9
South Devon,2.5
South Dorset,2.9000000000000004
South East Cornwall,2.7
South West Devon,1.7000000000000002
South West Wiltshire,2.5
St Austell and Newquay,3.3000000000000003
St Ives,3.3000000000000003
Stroud,2.0
Swindon North,3.0
Swindon South,3.6999999999999997
Taunton and Wellington,2.5
Tewkesbury,2.1999999999999997
Thornbury and Yate,2.1
Tiverton and Minehead,2.4
Torbay,3.3000000000000003
Torridge and Tavistock,2.6
Truro and Falmouth,2.5
Wells and Mendip Hills,2.1999999999999997
West Dorset,2.5
Weston-super-Mare,3.3000000000000003
Yeovil,2.5
Aberafan Maesteg,3.9
Alyn and Deeside,2.8000000000000003
Bangor Aberconwy,3.2
Blaenau Gwent and Rhymney,4.2
"Brecon, Radnor and Cwm Tawe",2.9000000000000004
Bridgend,2.5
Caerfyrddin,3.0
Caerphilly,3.2
Cardiff East,4.7
Cardiff North,2.3
Cardiff South and Penarth,3.5999999999999996
Cardiff West,4.0
Ceredigion Preseli,3.1
Clwyd East,2.8000000000000003
Clwyd North,4.6
Dwyfor Meirionnydd,2.7
Gower,2.1999999999999997
Llanelli,3.4000000000000004
Merthyr Tydfil and Aberdare,3.4000000000000004
Mid and South Pembrokeshire,3.3000000000000003
Monmouthshire,2.5
Montgomeryshire and Glyndwr,2.9000000000000004
Neath and Swansea East,2.9000000000000004
Newport East,5.2
Newport West and Islwyn,3.0
Pontypridd,2.7
Rhondda and Ogmore,3.6999999999999997
Swansea West,4.3999999999999995
Torfaen,3.8
Vale of Glamorgan,3.6999999999999997
Wrexham,3.1
Ynys Mon,3.6999999999999997
Aldridge-Brownhills,3.2
Birmingham Edgbaston,8.9
Birmingham Erdington,10.4
Birmingham Hall Green and Moseley,11.600000000000001
Birmingham Hodge Hill and Solihull North,10.6
Birmingham Ladywood,12.7
Birmingham Northfield,7.6
Birmingham Perry Barr,15.4
Birmingham Selly Oak,6.4
Birmingham Yardley,11.200000000000001
Bromsgrove,2.7
Burton and Uttoxeter,3.6999999999999997
Cannock Chase,3.3000000000000003
Coventry East,7.1
Coventry North West,5.0
Coventry South,4.6
Droitwich and Evesham,2.9000000000000004
Dudley,6.0
Halesowen,4.6
Hereford and South Herefordshire,3.0
Kenilworth and Southam,1.7000000000000002
Kingswinford and South Staffordshire,2.7
Lichfield,2.1999999999999997
Meriden and Solihull East,3.9
Newcastle-under-Lyme,3.0
North Herefordshire,2.6
North Shropshire,2.8000000000000003
North Warwickshire and Bedworth,3.1
Nuneaton,4.0
Redditch,3.8
Rugby,2.7
Shrewsbury,2.7
Smethwick,7.6
Solihull West and Shirley,2.8000000000000003
South Shropshire,2.5
Stafford,2.8000000000000003
Staffordshire Moorlands,2.3
Stoke-on-Trent Central,6.4
Stoke-on-Trent North,5.6000000000000005
Stoke-on-Trent South,3.5999999999999996
"Stone, Great Wyrley and Penkridge",2.1999999999999997
Stourbridge,5.0
Stratford-on-Avon,2.0
Sutton Coldfield,2.8000000000000003
Tamworth,3.1
Telford,4.2
The Wrekin,2.9000000000000004
Tipton and Wednesbury,6.6000000000000005
Walsall and Bloxwich,8.200000000000001
Warwick and Leamington,2.6
West Bromwich,6.6000000000000005
West Worcestershire,2.5
Wolverhampton North East,6.7
Wolverhampton South East,7.3999999999999995
Wolverhampton West,7.199999999999999
Worcester,3.8
Wyre Forest,3.2
Barnsley North,3.2
Barnsley South,3.9
Beverley and Holderness,2.3
Bradford East,10.6
Bradford South,7.8
Bradford West,11.200000000000001
Bridlington and The Wolds,3.3000000000000003
Brigg and Immingham,2.3
Calder Valley,3.0
Colne Valley,2.8000000000000003
Dewsbury and Batley,7.3
Doncaster Central,5.6000000000000005
Doncaster East and the Isle of Axholme,3.0
Doncaster North,4.2
Goole and Pocklington,2.1
Great Grimsby and Cleethorpes,5.2
Halifax,5.8999999999999995
Harrogate and Knaresborough,1.7000000000000002
Huddersfield,6.6000000000000005
Keighley and Ilkley,4.9
Kingston upon Hull East,6.0
Kingston upon Hull North and Cottingham,5.4
Kingston upon Hull West and Haltemprice,4.8
Leeds Central and Headingley,3.4000000000000004
Leeds East,6.7
Leeds North East,4.7
Leeds North West,2.1999999999999997
Leeds South,7.9
Leeds South West and Morley,3.1
Leeds West and Pudsey,5.0
Normanton and Hemsworth,3.0
Ossett and Denby Dale,2.9000000000000004
Penistone and Stocksbridge,2.3
"Pontefract, Castleford and Knottingley",3.3000000000000003
Rawmarsh and Conisbrough,3.9
Richmond and Northallerton,2.0
Rother Valley,3.0
Rotherham,5.800000000000001
Scarborough and Whitby,3.2
Scunthorpe,4.3999999999999995
Selby,2.3
Sheffield Brightside and Hillsborough,7.5
Sheffield Central,3.5999999999999996
Sheffield Hallam,1.7000000000000002
Sheffield Heeley,5.7
Sheffield South East,5.2
Shipley,3.4000000000000004
Skipton and Ripon,1.7999999999999998
Spen Valley,3.8
Thirsk and Malton,2.1
Wakefield and Rothwell,4.3999999999999995
Wetherby and Easingwold,1.5
York Central,2.1
York Outer,1.4000000000000001
Basildon and Billericay,4.1000000000000005
Bedford,5.5
Braintree,2.6
Brentwood and Ongar,2.5
Broadland and Fakenham,2.1999999999999997
Broxbourne,3.3000000000000003
Bury St Edmunds and Stowmarket,2.4
Cambridge,2.1
Castle Point,2.5
Central Suffolk and North Ipswich,2.0
Chelmsford,2.9000000000000004
Clacton,4.7
Colchester,3.5000000000000004
Dunstable and Leighton Buzzard,3.0
Ely and East Cambridgeshire,2.0
Epping Forest,3.1
Great Yarmouth,4.8
Harlow,4.0
Harpenden and Berkhamsted,1.7000000000000002
Harwich and North Essex,2.9000000000000004
Hemel Hempstead,3.6999999999999997
Hertford and Stortford,1.9
Hertsmere,3.3000000000000003
Hitchin,2.1
Huntingdon,2.1
Ipswich,4.5
Lowestoft,4.0
Luton North,5.8999999999999995
Luton South and South Bedfordshire,7.000000000000001
Maldon,2.4
Mid Bedfordshire,1.9
Mid Norfolk,2.0
North Bedfordshire,2.3
North East Cambridgeshire,3.5999999999999996
North East Hertfordshire,2.1
North Norfolk,2.9000000000000004
North West Cambridgeshire,3.3000000000000003
North West Essex,2.1
North West Norfolk,3.0
Norwich North,3.2
Norwich South,3.5999999999999996
Peterborough,7.000000000000001
Rayleigh and Wickford,2.0
South Basildon and East Thurrock,3.8
South Cambridgeshire,1.7000000000000002
South Norfolk,2.0
South Suffolk,2.4
South West Hertfordshire,2.7
South West Norfolk,2.6
Southend East and Rochford,5.1
Southend West and Leigh,3.4000000000000004
St Albans,2.7
St Neots and Mid Cambridgeshire,2.0
Stevenage,3.3000000000000003
Suffolk Coastal,2.1
Thurrock,4.7
Watford,4.3999999999999995
Waveney Valley,2.3
Welwyn Hatfield,3.0
West Suffolk,2.3
Witham,2.3
Amber Valley,2.9000000000000004
Ashfield,3.8
Bassetlaw,3.2
Bolsover,3.0
Boston and Skegness,4.5
Broxtowe,2.8000000000000003
Chesterfield,3.5999999999999996
Corby and East Northamptonshire,2.8000000000000003
Daventry,2.1999999999999997
Derby North,4.2
Derby South,6.800000000000001
Derbyshire Dales,1.9
Erewash,3.5000000000000004
Gainsborough,2.9000000000000004
Gedling,3.2
Grantham and Bourne,3.0
"Harborough, Oadby and Wigston",2.4
High Peak,2.5
Hinckley and Bosworth,2.4
Kettering,3.1
Leicester East,5.2
Leicester South,6.1
Leicester West,5.800000000000001
Lincoln,3.4000000000000004
Loughborough,2.6
Louth and Horncastle,2.8000000000000003
Mansfield,3.9
Melton and Syston,2.8000000000000003
Mid Derbyshire,1.9
Mid Leicestershire,2.1
Newark,2.7
North East Derbyshire,2.6
North West Leicestershire,2.0
Northampton North,4.9
Northampton South,3.0
Nottingham East,6.9
Nottingham North and Kimberley,6.3
Nottingham South,4.2
Rushcliffe,2.0
Rutland and Stamford,1.9
Sherwood Forest,2.9000000000000004
Sleaford and North Hykeham,2.0
South Derbyshire,2.4
South Holland and The Deepings,2.9000000000000004
South Leicestershire,1.7999999999999998
South Northamptonshire,1.7999999999999998
Wellingborough and Rushden,3.6999999999999997
Barking,7.6
Battersea,3.5999999999999996
Beckenham and Penge,3.6999999999999997
Bermondsey and Old Southwark,4.7
Bethnal Green and Stepney,7.3999999999999995
Bexleyheath and Crayford,3.4000000000000004
Brent East,9.3
Brent West,5.4
Brentford and Isleworth,5.1
Bromley and Biggin Hill,3.1
Carshalton and Wallington,3.8
Chelsea and Fulham,3.6999999999999997
Chingford and Woodford Green,4.9
Chipping Barnet,3.9
Cities of London and Westminster,3.1
Clapham and Brixton Hill,5.4
Croydon East,5.6000000000000005
Croydon South,4.0
Croydon West,7.7
Dagenham and Rainham,6.4
Dulwich and West Norwood,6.3
Ealing Central and Acton,5.7
Ealing North,7.3
Ealing Southall,6.4
East Ham,8.6
Edmonton and Winchmore Hill,8.7
Eltham and Chislehurst,4.5
Enfield North,7.5
Erith and Thamesmead,6.3
Feltham and Heston,5.7
Finchley and Golders Green,5.0
Greenwich and Woolwich,5.0
Hackney North and Stoke Newington,7.7
Hackney South and Shoreditch,6.9
Hammersmith and Chiswick,4.8
Hampstead and Highgate,4.2
Harrow East,4.7
Harrow West,5.2
Hayes and Harlington,5.8999999999999995
Hendon,5.800000000000001
Holborn and St Pancras,5.2
Hornchurch and Upminster,3.9
Hornsey and Friern Barnet,4.9
Ilford North,5.4
Ilford South,7.3999999999999995
Islington North,6.0
Islington South and Finsbury,5.6000000000000005
Kensington and Bayswater,3.9
Kingston and Surbiton,3.4000000000000004
Lewisham East,7.5
Lewisham North,6.4
Lewisham West and East Dulwich,5.7
Leyton and Wanstead,6.2
Mitcham and Morden,5.8999999999999995
Old Bexley and Sidcup,2.5
Orpington,3.4000000000000004
Peckham,6.6000000000000005
Poplar and Limehouse,6.0
Putney,4.3999999999999995
Queen's Park and Maida Vale,7.199999999999999
Richmond Park,2.4
Romford,4.6
"Ruislip, Northwood and Pinner",3.0
Southgate and Wood Green,6.9
Stratford and Bow,6.6000000000000005
Streatham and Croydon North,6.7
Sutton and Cheam,2.9000000000000004
Tooting,4.1000000000000005
Tottenham,9.0
Twickenham,2.6
Uxbridge and South Ruislip,4.3
Vauxhall and Camberwell Green,6.3
Walthamstow,7.5
West Ham and Beckton,7.5
Wimbledon,2.9000000000000004
Bishop Auckland,3.4000000000000004
Blaydon and Consett,3.2
Blyth and Ashington,4.1000000000000005
City of Durham,2.1999999999999997
Cramlington and Killingworth,2.8000000000000003
Darlington,4.0
Easington,4.7
Gateshead Central and Whickham,4.5
Hartlepool,4.3
Hexham,2.1
Houghton and Sunderland South,4.0
Jarrow and Gateshead East,4.7
Middlesbrough South and East Cleveland,3.4000000000000004
Middlesbrough and Thornaby East,6.1
Newcastle upon Tyne Central and West,5.5
Newcastle upon Tyne East and Wallsend,4.6
Newcastle upon Tyne North,2.1
Newton Aycliffe and Spennymoor,3.2
North Durham,3.2
North Northumberland,2.8000000000000003
Redcar,4.2
South Shields,5.5
Stockton North,5.0
Stockton West,2.0
Sunderland Central,4.5
Tynemouth,3.3000000000000003
Washington and Gateshead South,4.0
Altrincham and Sale West,2.0
Ashton-under-Lyne,5.800000000000001
Barrow and Furness,2.6
Birkenhead,4.9
Blackburn,6.800000000000001
Blackley and Middleton South,7.199999999999999
Blackpool North and Fleetwood,3.5999999999999996
Blackpool South,6.5
Bolton North East,6.1
Bolton South and Walkden,6.9
Bolton West,3.5000000000000004
Bootle,5.4
Burnley,6.5
Bury North,4.8
Bury South,4.2
Carlisle,2.5
Cheadle,1.7999999999999998
Chester North and Neston,2.8000000000000003
Chester South and Eddisbury,1.7999999999999998
Chorley,2.7
Congleton,1.9
Crewe and Nantwich,2.9000000000000004
Ellesmere Port and Bromborough,2.9000000000000004
Fylde,2.6
Gorton and Denton,7.9
Hazel Grove,2.5
Heywood and Middleton North,5.1
Hyndburn,5.6000000000000005
Knowsley,4.9
Lancaster and Wyre,2.3
Leigh and Atherton,3.8
Liverpool Garston,3.8
Liverpool Riverside,6.0
Liverpool Walton,5.8999999999999995
Liverpool Wavertree,6.1
Liverpool West Derby,5.7
Macclesfield,2.3
Makerfield,3.0
Manchester Central,4.7
Manchester Rusholme,6.6000000000000005
Manchester Withington,3.8
Mid Cheshire,2.4
Morecambe and Lunesdale,3.1
Oldham East and Saddleworth,6.800000000000001
"Oldham West, Chadderton and Royton",7.8
Pendle and Clitheroe,5.3
Penrith and Solway,2.0
Preston,5.5
Ribble Valley,1.9
Rochdale,7.3999999999999995
Rossendale and Darwen,3.5000000000000004
Runcorn and Helsby,3.8
Salford,4.7
Sefton Central,2.1
South Ribble,2.1999999999999997
Southport,3.3000000000000003
St Helens North,3.5000000000000004
St Helens South and Whiston,4.3
Stalybridge and Hyde,4.5
Stockport,4.2
Stretford and Urmston,4.3
Tatton,1.9
Wallasey,4.1000000000000005
Warrington North,3.0
Warrington South,2.3
West Lancashire,2.9000000000000004
Westmorland and Lonsdale,1.5
Whitehaven and Workington,2.8000000000000003
Widnes and Halewood,3.6999999999999997
Wigan,4.0
Wirral West,1.7000000000000002
Worsley and Eccles,4.1000000000000005
Wythenshawe and Sale East,4.5
Belfast East,3.1
Belfast North,4.8
Belfast South and Mid Down,2.4
Belfast West,5.0
East Antrim,2.7
East Londonderry,3.5999999999999996
Fermanagh and South Tyrone,3.0
Foyle,6.0
Lagan Valley,2.1999999999999997
Mid Ulster,2.4
Newry and Armagh,3.5000000000000004
North Antrim,3.4000000000000004
North Down,2.6
South Antrim,2.1
South Down,2.7
Strangford,3.1
Upper Bann,3.1
West Tyrone,3.2
Aberdeen North,3.8
Aberdeen South,2.7
Aberdeenshire North and Moray East,2.5
Airdrie and Shotts,3.2
Alloa and Grangemouth,2.9000000000000004
Angus and Perthshire Glens,2.7
Arbroath and Broughty Ferry,3.0
"Argyll, Bute and South Lochaber",2.6
"Ayr, Carrick and Cumnock",4.0
Bathgate and Linlithgow,2.5
"Berwickshire, Roxburgh and Selkirk",3.1
"Caithness, Sutherland and Easter Ross",2.1999999999999997
Central Ayrshire,3.3000000000000003
Coatbridge and Bellshill,3.4000000000000004
Cowdenbeath and Kirkcaldy,4.1000000000000005
Cumbernauld and Kirkintilloch,2.8000000000000003
Dumfries and Galloway,3.0
"Dumfriesshire, Clydesdale and Tweeddale",2.4
Dundee Central,4.1000000000000005
Dunfermline and Dollar,2.5
East Kilbride and Strathaven,2.1
East Renfrewshire,1.7000000000000002
Edinburgh East and Musselburgh,2.8000000000000003
Edinburgh North and Leith,3.2
Edinburgh South,1.7999999999999998
Edinburgh South West,2.7
Edinburgh West,2.0
Falkirk,2.8000000000000003
Glasgow East,5.8999999999999995
Glasgow North,4.9
Glasgow North East,5.5
Glasgow South,4.2
Glasgow South West,5.1
Glasgow West,4.3
Glenrothes and Mid Fife,4.1000000000000005
Gordon and Buchan,1.6
Hamilton and Clyde Valley,3.3000000000000003
Inverclyde and Renfrewshire West,3.1
"Inverness, Skye and West Ross-shire",2.4
Kilmarnock and Loudoun,3.5999999999999996
Livingston,2.5
Lothian East,2.1999999999999997
Mid Dunbartonshire,1.6
Midlothian,2.1
"Moray West, Nairn and Strathspey",2.1999999999999997
"Motherwell, Wishaw and Carluke",3.0
Na h-Eileanan an Iar,2.0
North Ayrshire and Arran,4.3
North East Fife,2.1999999999999997
Orkney and Shetland,1.5
Paisley and Renfrewshire North,3.0
Paisley and Renfrewshire South,3.0
Perth and Kinross-shire,2.4
Rutherglen,3.0
Stirling and Strathallan,2.1999999999999997
West Aberdeenshire and Kincardine,1.3
West Dunbartonshire,3.8
Aldershot,2.7
Arundel and South Downs,2.3
Ashford,3.2
Aylesbury,4.0
Banbury,2.5
Basingstoke,2.9000000000000004
Beaconsfield,2.4
Bexhill and Battle,3.1
Bicester and Woodstock,1.7999999999999998
Bognor Regis and Littlehampton,3.9
Bracknell,2.6
Brighton Kemptown and Peacehaven,4.7
Brighton Pavilion,3.6999999999999997
Buckingham and Bletchley,3.5000000000000004
Canterbury,3.2
Chatham and Aylesford,4.0
Chesham and Amersham,2.1999999999999997
Chichester,3.5000000000000004
Crawley,4.0
Dartford,3.1
Didcot and Wantage,2.0
Dorking and Horley,2.0
Dover and Deal,3.6999999999999997
Earley and Woodley,2.5
East Grinstead and Uckfield,2.1
East Hampshire,2.0
East Surrey,2.3
East Thanet,6.0
East Worthing and Shoreham,2.7
Eastbourne,4.6
Eastleigh,2.1999999999999997
Epsom and Ewell,2.1
Esher and Walton,2.3
Fareham and Waterlooville,2.4
Farnham and Bordon,2.0
Faversham and Mid Kent,2.8000000000000003
Folkestone and Hythe,4.5
Gillingham and Rainham,3.8
Godalming and Ash,1.9
Gosport,3.0
Gravesham,4.3999999999999995
Guildford,1.9
Hamble Valley,1.7000000000000002
Hastings and Rye,5.0
Havant,3.8
Henley and Thame,1.7000000000000002
Herne Bay and Sandwich,3.5999999999999996
Horsham,1.7999999999999998
Hove and Portslade,3.9
Isle of Wight East,4.9
Isle of Wight West,3.4000000000000004
Lewes,3.2
Maidenhead,2.3
Maidstone and Malling,3.1
Mid Buckinghamshire,1.6
Mid Sussex,1.6
Milton Keynes Central,4.2
Milton Keynes North,3.6999999999999997
New Forest East,2.3
New Forest West,2.1999999999999997
Newbury,2.3
North East Hampshire,1.5
North West Hampshire,2.1999999999999997
Oxford East,3.3000000000000003
Oxford West and Abingdon,1.7000000000000002
Portsmouth North,4.0
Portsmouth South,5.2
Reading Central,4.2
Reading West and Mid Berkshire,2.8000000000000003
Reigate,1.9
Rochester and Strood,3.8
Romsey and Southampton North,2.1
Runnymede and Weybridge,2.4
Sevenoaks,2.0
Sittingbourne and Sheppey,3.8
Slough,6.0
Southampton Itchen,4.1000000000000005
Southampton Test,4.5
Spelthorne,3.2
Surrey Heath,2.1
Sussex Weald,2.1999999999999997
Tonbridge,2.1999999999999997
Tunbridge Wells,2.6
Weald of Kent,2.4
Winchester,2.0
Windsor,2.9000000000000004
Witney,1.9
Woking,2.6
Wokingham,1.7999999999999998
Worthing West,3.0
Wycombe,4.6
Bath,1.9
Bournemouth East,4.0
Bournemouth West,3.5999999999999996
Bridgwater,2.9000000000000004
Bristol Central,2.4
Bristol East,4.3
Bristol North East,3.5999999999999996
Bristol North West,2.9000000000000004
Bristol South,3.8
Camborne and Redruth,3.3000000000000003
Central Devon,2.3
Cheltenham,2.7
Chippenham,2.3
Christchurch,2.5
East Wiltshire,2.1999999999999997
Exeter,2.1999999999999997
Exmouth and Exeter East,1.7999999999999998
Filton and Bradley Stoke,1.6
Forest of Dean,2.7
Frome and East Somerset,2.4
Glastonbury and Somerton,2.1999999999999997
Gloucester,3.6999999999999997
Honiton and Sidmouth,2.1
Melksham and Devizes,2.3
Mid Dorset and North Poole,2.1
Newton Abbot,2.3
North Cornwall,3.2
North Cotswolds,1.7999999999999998
North Devon,2.8000000000000003
North Dorset,2.1999999999999997
North East Somerset and Hanham,1.7000000000000002
North Somerset,1.6
Plymouth Moor View,3.2
Plymouth Sutton and Devonport,4.1000000000000005
Poole,3.0
Salisbury,2.3
South Cotswolds,1.9
South Devon,2.5
South Dorset,2.9000000000000004
South East Cornwall,2.9000000000000004
South West Devon,1.6
South West Wiltshire,2.5
St Austell and Newquay,3.3000000000000003
St Ives,3.2
Stroud,2.1
Swindon North,2.9000000000000004
Swindon South,3.5000000000000004
Taunton and Wellington,2.4
Tewkesbury,2.1999999999999997
Thornbury and Yate,2.1
Tiverton and Minehead,2.3
Torbay,3.3000000000000003
Torridge and Tavistock,2.6
Truro and Falmouth,2.5
Wells and Mendip Hills,2.1999999999999997
West Dorset,2.4
Weston-super-Mare,3.2
Yeovil,2.5
Aberafan Maesteg,3.9
Alyn and Deeside,2.7
Bangor Aberconwy,3.1
Blaenau Gwent and Rhymney,4.2
"Brecon, Radnor and Cwm Tawe",2.9000000000000004
Bridgend,2.4
Caerfyrddin,2.9000000000000004
Caerphilly,3.2
Cardiff East,4.7
Cardiff North,2.3
Cardiff South and Penarth,3.5999999999999996
Cardiff West,3.9
Ceredigion Preseli,3.0
Clwyd East,2.6
Clwyd North,4.5
Dwyfor Meirionnydd,2.7
Gower,2.1
Llanelli,3.2
Merthyr Tydfil and Aberdare,3.3000000000000003
Mid and South Pembrokeshire,3.3000000000000003
Monmouthshire,2.4
Montgomeryshire and Glyndwr,2.8000000000000003
Neath and Swansea East,2.8000000000000003
Newport East,5.1
Newport West and Islwyn,2.9000000000000004
Pontypridd,2.7
Rhondda and Ogmore,3.5999999999999996
Swansea West,4.3999999999999995
Torfaen,3.6999999999999997
Vale of Glamorgan,3.5000000000000004
Wrexham,2.9000000000000004
Ynys Mon,3.8
Aldridge-Brownhills,3.1
Birmingham Edgbaston,8.9
Birmingham Erdington,10.299999999999999
Birmingham Hall Green and Moseley,11.4
Birmingham Hodge Hill and Solihull North,10.6
Birmingham Ladywood,12.6
Birmingham Northfield,7.6
Birmingham Perry Barr,15.299999999999999
Birmingham Selly Oak,6.3
Birmingham Yardley,11.200000000000001
Bromsgrove,2.6
Burton and Uttoxeter,3.6999999999999997
Cannock Chase,3.2
Coventry East,6.800000000000001
Coventry North West,4.9
Coventry South,4.5
Droitwich and Evesham,2.8000000000000003
Dudley,5.800000000000001
Halesowen,4.6
Hereford and South Herefordshire,2.9000000000000004
Kenilworth and Southam,1.7000000000000002
Kingswinford and South Staffordshire,2.6
Lichfield,2.1999999999999997
Meriden and Solihull East,3.9
Newcastle-under-Lyme,3.0
North Herefordshire,2.6
North Shropshire,2.7
North Warwickshire and Bedworth,3.0
Nuneaton,4.0
Redditch,3.6999999999999997
Rugby,2.6
Shrewsbury,2.6
Smethwick,7.3999999999999995
Solihull West and Shirley,2.8000000000000003
South Shropshire,2.5
Stafford,2.7
Staffordshire Moorlands,2.3
Stoke-on-Trent Central,6.3
Stoke-on-Trent North,5.5
Stoke-on-Trent South,3.5000000000000004
"Stone, Great Wyrley and Penkridge",2.1999999999999997
Stourbridge,5.0
Stratford-on-Avon,2.0
Sutton Coldfield,2.7
Tamworth,2.9000000000000004
Telford,4.2
The Wrekin,2.8000000000000003
Tipton and Wednesbury,6.5
Walsall and Bloxwich,8.0
Warwick and Leamington,2.6
West Bromwich,6.5
West Worcestershire,2.5
Wolverhampton North East,6.6000000000000005
Wolverhampton South East,7.199999999999999
Wolverhampton West,7.1
Worcester,3.5999999999999996
Wyre Forest,3.2
Barnsley North,3.2
Barnsley South,3.6999999999999997
Beverley and Holderness,2.3
Bradford East,10.299999999999999
Bradford South,7.6
Bradford West,10.9
Bridlington and The Wolds,3.2
Brigg and Immingham,2.3
Calder Valley,2.9000000000000004
Colne Valley,2.7
Dewsbury and Batley,7.199999999999999
Doncaster Central,5.5
Doncaster East and the Isle of Axholme,2.9000000000000004
Doncaster North,4.2
Goole and Pocklington,2.1
Great Grimsby and Cleethorpes,5.1
Halifax,5.800000000000001
Harrogate and Knaresborough,1.7000000000000002
Huddersfield,6.5
Keighley and Ilkley,4.7
Kingston upon Hull East,5.800000000000001
Kingston upon Hull North and Cottingham,5.3
Kingston upon Hull West and Haltemprice,4.7
Leeds Central and Headingley,3.3000000000000003
Leeds East,6.5
Leeds North East,4.5
Leeds North West,2.1999999999999997
Leeds South,7.6
Leeds South West and Morley,3.0
Leeds West and Pudsey,4.9
Normanton and Hemsworth,2.9000000000000004
Ossett and Denby Dale,2.8000000000000003
Penistone and Stocksbridge,2.1999999999999997
"Pontefract, Castleford and Knottingley",3.3000000000000003
Rawmarsh and Conisbrough,3.5999999999999996
Richmond and Northallerton,2.1
Rother Valley,2.9000000000000004
Rotherham,5.6000000000000005
Scarborough and Whitby,3.2
Scunthorpe,4.3
Selby,2.1999999999999997
Sheffield Brightside and Hillsborough,7.3999999999999995
Sheffield Central,3.6999999999999997
Sheffield Hallam,1.7000000000000002
Sheffield Heeley,5.6000000000000005
Sheffield South East,5.2
Shipley,3.3000000000000003
Skipton and Ripon,1.7999999999999998
Spen Valley,3.6999999999999997
Thirsk and Malton,2.0
Wakefield and Rothwell,4.2
Wetherby and Easingwold,1.4000000000000001
York Central,2.1
York Outer,1.4000000000000001
Basildon and Billericay,4.2
Bedford,5.6000000000000005
Braintree,2.6
Brentwood and Ongar,2.5
Broadland and Fakenham,2.1
Broxbourne,3.2
Bury St Edmunds and Stowmarket,2.3
Cambridge,2.1999999999999997
Castle Point,2.5
Central Suffolk and North Ipswich,2.0
Chelmsford,2.8000000000000003
Clacton,4.8
Colchester,3.5000000000000004
Dunstable and Leighton Buzzard,3.1
Ely and East Cambridgeshire,2.1
Epping Forest,3.1
Great Yarmouth,5.0
Harlow,4.0
Harpenden and Berkhamsted,1.7999999999999998
Harwich and North Essex,2.9000000000000004
Hemel Hempstead,3.8
Hertford and Stortford,1.9
Hertsmere,3.3000000000000003
Hitchin,2.1999999999999997
Huntingdon,2.1
Ipswich,4.5
Lowestoft,4.0
Luton North,6.0
Luton South and South Bedfordshire,7.000000000000001
Maldon,2.4
Mid Bedfordshire,1.9
Mid Norfolk,2.1
North Bedfordshire,2.4
North East Cambridgeshire,3.6999999999999997
North East Hertfordshire,2.1999999999999997
North Norfolk,2.8000000000000003
North West Cambridgeshire,3.4000000000000004
North West Essex,2.1
North West Norfolk,3.0
Norwich North,3.2
Norwich South,3.6999999999999997
Peterborough,6.800000000000001
Rayleigh and Wickford,2.0
South Basildon and East Thurrock,3.8
South Cambridgeshire,1.7000000000000002
South Norfolk,2.1
South Suffolk,2.4
South West Hertfordshire,2.6
South West Norfolk,2.6
Southend East and Rochford,5.2
Southend West and Leigh,3.4000000000000004
St Albans,2.6
St Neots and Mid Cambridgeshire,2.1
Stevenage,3.3000000000000003
Suffolk Coastal,2.1
Thurrock,4.7
Watford,4.3
Waveney Valley,2.4
Welwyn Hatfield,3.1
West Suffolk,2.3
Witham,2.3
Amber Valley,2.9000000000000004
Ashfield,3.6999999999999997
Bassetlaw,3.3000000000000003
Bolsover,3.0
Boston and Skegness,4.7
Broxtowe,2.7
Chesterfield,3.5999999999999996
Corby and East Northamptonshire,2.8000000000000003
Daventry,2.1999999999999997
Derby North,4.2
Derby South,6.7
Derbyshire Dales,1.9
Erewash,3.5999999999999996
Gainsborough,2.9000000000000004
Gedling,3.2
Grantham and Bourne,3.0
"Harborough, Oadby and Wigston",2.4
High Peak,2.6
Hinckley and Bosworth,2.4
Kettering,3.1
Leicester East,5.2
Leicester South,6.0
Leicester West,5.800000000000001
Lincoln,3.4000000000000004
Loughborough,2.5
Louth and Horncastle,2.8000000000000003
Mansfield,3.9
Melton and Syston,2.8000000000000003
Mid Derbyshire,1.9
Mid Leicestershire,2.1999999999999997
Newark,2.7
North East Derbyshire,2.6
North West Leicestershire,2.0
Northampton North,5.0
Northampton South,3.0
Nottingham East,6.9
Nottingham North and Kimberley,6.2
Nottingham South,4.3
Rushcliffe,1.9
Rutland and Stamford,2.0
Sherwood Forest,2.8000000000000003
Sleaford and North Hykeham,2.0
South Derbyshire,2.4
South Holland and The Deepings,2.9000000000000004
South Leicestershire,1.7999999999999998
South Northamptonshire,1.7999999999999998
Wellingborough and Rushden,3.5999999999999996
Barking,7.5
Battersea,3.5000000000000004
Beckenham and Penge,3.6999999999999997
Bermondsey and Old Southwark,4.6
Bethnal Green and Stepney,7.199999999999999
Bexleyheath and Crayford,3.4000000000000004
Brent East,9.2
Brent West,5.3
Brentford and Isleworth,5.1
Bromley and Biggin Hill,3.2
Carshalton and Wallington,3.8
Chelsea and Fulham,3.6999999999999997
Chingford and Woodford Green,4.9
Chipping Barnet,3.8
Cities of London and Westminster,3.1
Clapham and Brixton Hill,5.4
Croydon East,5.6000000000000005
Croydon South,4.0
Croydon West,7.7
Dagenham and Rainham,6.3
Dulwich and West Norwood,6.1
Ealing Central and Acton,5.7
Ealing North,7.199999999999999
Ealing Southall,6.5
East Ham,8.5
Edmonton and Winchmore Hill,8.5
Eltham and Chislehurst,4.3999999999999995
Enfield North,7.3999999999999995
Erith and Thamesmead,6.2
Feltham and Heston,5.6000000000000005
Finchley and Golders Green,5.0
Greenwich and Woolwich,4.9
Hackney North and Stoke Newington,7.7
Hackney South and Shoreditch,6.800000000000001
Hammersmith and Chiswick,4.8
Hampstead and Highgate,4.1000000000000005
Harrow East,4.8
Harrow West,5.3
Hayes and Harlington,5.800000000000001
Hendon,5.6000000000000005
Holborn and St Pancras,5.2
Hornchurch and Upminster,3.9
Hornsey and Friern Barnet,4.9
Ilford North,5.4
Ilford South,7.3999999999999995
Islington North,5.8999999999999995
Islington South and Finsbury,5.5
Kensington and Bayswater,3.8
Kingston and Surbiton,3.4000000000000004
Lewisham East,7.3999999999999995
Lewisham North,6.4
Lewisham West and East Dulwich,5.6000000000000005
Leyton and Wanstead,6.2
Mitcham and Morden,5.8999999999999995
Old Bexley and Sidcup,2.5
Orpington,3.5000000000000004
Peckham,6.5
Poplar and Limehouse,5.8999999999999995
Putney,4.3
Queen's Park and Maida Vale,7.1
Richmond Park,2.4
Romford,4.6
"Ruislip, Northwood and Pinner",3.0
Southgate and Wood Green,6.800000000000001
Stratford and Bow,6.5
Streatham and Croydon North,6.6000000000000005
Sutton and Cheam,2.9000000000000004
Tooting,4.1000000000000005
Tottenham,8.9
Twickenham,2.6
Uxbridge and South Ruislip,4.3
Vauxhall and Camberwell Green,6.3
Walthamstow,7.3999999999999995
West Ham and Beckton,7.5
Wimbledon,2.9000000000000004
Bishop Auckland,3.3000000000000003
Blaydon and Consett,3.1
Blyth and Ashington,4.1000000000000005
City of Durham,2.1999999999999997
Cramlington and Killingworth,2.8000000000000003
Darlington,4.0
Easington,4.6
Gateshead Central and Whickham,4.5
Hartlepool,4.5
Hexham,2.1
Houghton and Sunderland South,3.9
Jarrow and Gateshead East,4.7
Middlesbrough South and East Cleveland,3.4000000000000004
Middlesbrough and Thornaby East,6.2
Newcastle upon Tyne Central and West,5.5
Newcastle upon Tyne East and Wallsend,4.5
Newcastle upon Tyne North,2.1
Newton Aycliffe and Spennymoor,3.2
North Durham,3.2
North Northumberland,2.7
Redcar,4.2
South Shields,5.4
Stockton North,5.0
Stockton West,2.0
Sunderland Central,4.5
Tynemouth,3.2
Washington and Gateshead South,4.0
Altrincham and Sale West,2.0
Ashton-under-Lyne,5.7
Barrow and Furness,2.6
Birkenhead,4.9
Blackburn,6.7
Blackley and Middleton South,7.199999999999999
Blackpool North and Fleetwood,3.6999999999999997
Blackpool South,6.7
Bolton North East,6.0
Bolton South and Walkden,6.9
Bolton West,3.5000000000000004
Bootle,5.4
Burnley,6.3
Bury North,4.8
Bury South,4.1000000000000005
Carlisle,2.5
Cheadle,1.7999999999999998
Chester North and Neston,2.8000000000000003
Chester South and Eddisbury,1.7999999999999998
Chorley,2.7
Congleton,1.7999999999999998
Crewe and Nantwich,2.8000000000000003
Ellesmere Port and Bromborough,2.9000000000000004
Fylde,2.7
Gorton and Denton,7.8
Hazel Grove,2.5
Heywood and Middleton North,5.2
Hyndburn,5.6000000000000005
Knowsley,4.8
Lancaster and Wyre,2.3
Leigh and Atherton,3.8
Liverpool Garston,3.8
Liverpool Riverside,5.8999999999999995
Liverpool Walton,5.800000000000001
Liverpool Wavertree,6.1
Liverpool West Derby,5.6000000000000005
Macclesfield,2.1999999999999997
Makerfield,3.0
Manchester Central,4.8
Manchester Rusholme,6.6000000000000005
Manchester Withington,3.9
Mid Cheshire,2.4
Morecambe and Lunesdale,3.2
Oldham East and Saddleworth,6.6000000000000005
"Oldham West, Chadderton and Royton",7.7
Pendle and Clitheroe,5.2
Penrith and Solway,2.0
Preston,5.4
Ribble Valley,1.9
Rochdale,7.3
Rossendale and Darwen,3.5000000000000004
Runcorn and Helsby,3.8
Salford,4.8
Sefton Central,2.0
South Ribble,2.1
Southport,3.2
St Helens North,3.5000000000000004
St Helens South and Whiston,4.3
Stalybridge and Hyde,4.5
Stockport,4.2
Stretford and Urmston,4.3999999999999995
Tatton,1.9
Wallasey,4.1000000000000005
Warrington North,3.0
Warrington South,2.3
West Lancashire,2.8000000000000003
Westmorland and Lonsdale,1.5
Whitehaven and Workington,2.8000000000000003
Widnes and Halewood,3.8
Wigan,4.0
Wirral West,1.7000000000000002
Worsley and Eccles,4.0
Wythenshawe and Sale East,4.5
Belfast East,3.0
Belfast North,4.7
Belfast South and Mid Down,2.3
Belfast West,4.9
East Antrim,2.6
East Londonderry,3.5000000000000004
Fermanagh and South Tyrone,3.0
Foyle,5.7
Lagan Valley,2.1
Mid Ulster,2.3
Newry and Armagh,3.4000000000000004
North Antrim,3.3000000000000003
North Down,2.5
South Antrim,2.1
South Down,2.7
Strangford,3.0
Upper Bann,3.0
West Tyrone,3.2
Aberdeen North,3.8
Aberdeen South,2.8000000000000003
Aberdeenshire North and Moray East,2.6
Airdrie and Shotts,3.3000000000000003
Alloa and Grangemouth,2.9000000000000004
Angus and Perthshire Glens,2.8000000000000003
Arbroath and Broughty Ferry,3.0
"Argyll, Bute and South Lochaber",2.7
"Ayr, Carrick and Cumnock",4.1000000000000005
Bathgate and Linlithgow,2.6
"Berwickshire, Roxburgh and Selkirk",3.2
"Caithness, Sutherland and Easter Ross",2.1999999999999997
Central Ayrshire,3.3000000000000003
Coatbridge and Bellshill,3.4000000000000004
Cowdenbeath and Kirkcaldy,4.1000000000000005
Cumbernauld and Kirkintilloch,2.9000000000000004
Dumfries and Galloway,3.0
"Dumfriesshire, Clydesdale and Tweeddale",2.5
Dundee Central,4.1000000000000005
Dunfermline and Dollar,2.6
East Kilbride and Strathaven,2.1
East Renfrewshire,1.7000000000000002
Edinburgh East and Musselburgh,2.8000000000000003
Edinburgh North and Leith,3.3000000000000003
Edinburgh South,1.7999999999999998
Edinburgh South West,2.7
Edinburgh West,1.9
Falkirk,2.9000000000000004
Glasgow East,5.800000000000001
Glasgow North,4.9
Glasgow North East,5.5
Glasgow South,4.2
Glasgow South West,5.1
Glasgow West,4.3
Glenrothes and Mid Fife,4.2
Gordon and Buchan,1.6
Hamilton and Clyde Valley,3.3000000000000003
Inverclyde and Renfrewshire West,3.0
"Inverness, Skye and West Ross-shire",2.5
Kilmarnock and Loudoun,3.5999999999999996
Livingston,2.6
Lothian East,2.3
Mid Dunbartonshire,1.6
Midlothian,2.1999999999999997
"Moray West, Nairn and Strathspey",2.3
"Motherwell, Wishaw and Carluke",3.1
Na h-Eileanan an Iar,2.1999999999999997
North Ayrshire and Arran,4.3
North East Fife,2.1999999999999997
Orkney and Shetland,1.5
Paisley and Renfrewshire North,3.0
Paisley and Renfrewshire South,3.1
Perth and Kinross-shire,2.5
Rutherglen,3.0
Stirling and Strathallan,2.1999999999999997
West Aberdeenshire and Kincardine,1.4000000000000001
West Dunbartonshire,3.9
Aldershot,2.7
Arundel and South Downs,2.3
Ashford,3.2
Aylesbury,4.0
Banbury,2.6
Basingstoke,2.9000000000000004
Beaconsfield,2.4
Bexhill and Battle,3.2
Bicester and Woodstock,1.7999999999999998
Bognor Regis and Littlehampton,4.0
Bracknell,2.6
Brighton Kemptown and Peacehaven,4.7
Brighton Pavilion,3.8
Buckingham and Bletchley,3.4000000000000004
Canterbury,3.2
Chatham and Aylesford,3.9
Chesham and Amersham,2.1999999999999997
Chichester,3.5999999999999996
Crawley,4.0
Dartford,3.0
Didcot and Wantage,2.0
Dorking and Horley,2.1
Dover and Deal,3.5999999999999996
Earley and Woodley,2.5
East Grinstead and Uckfield,2.1
East Hampshire,2.1
East Surrey,2.4
East Thanet,5.800000000000001
East Worthing and Shoreham,2.7
Eastbourne,4.6
Eastleigh,2.1999999999999997
Epsom and Ewell,2.0
Esher and Walton,2.4
Fareham and Waterlooville,2.5
Farnham and Bordon,2.0
Faversham and Mid Kent,2.8000000000000003
Folkestone and Hythe,4.3999999999999995
Gillingham and Rainham,3.9
Godalming and Ash,1.7999999999999998
Gosport,3.1
Gravesham,4.3999999999999995
Guildford,1.9
Hamble Valley,1.7999999999999998
Hastings and Rye,5.0
Havant,3.9
Henley and Thame,1.7999999999999998
Herne Bay and Sandwich,3.5999999999999996
Horsham,1.9
Hove and Portslade,3.9
Isle of Wight East,5.1
Isle of Wight West,3.5000000000000004
Lewes,3.2
Maidenhead,2.3
Maidstone and Malling,3.1
Mid Buckinghamshire,1.6
Mid Sussex,1.7000000000000002
Milton Keynes Central,4.2
Milton Keynes North,3.6999999999999997
New Forest East,2.3
New Forest West,2.3
Newbury,2.3
North East Hampshire,1.5
North West Hampshire,2.1
Oxford East,3.2
Oxford West and Abingdon,1.7000000000000002
Portsmouth North,3.9
Portsmouth South,5.2
Reading Central,4.1000000000000005
Reading West and Mid Berkshire,2.9000000000000004
Reigate,2.0
Rochester and Strood,3.6999999999999997
Romsey and Southampton North,2.1
Runnymede and Weybridge,2.5
Sevenoaks,2.1
Sittingbourne and Sheppey,3.8
Slough,5.8999999999999995
Southampton Itchen,4.1000000000000005
Southampton Test,4.7
Spelthorne,3.2
Surrey Heath,2.1
Sussex Weald,2.1999999999999997
Tonbridge,2.1999999999999997
Tunbridge Wells,2.5
Weald of Kent,2.4
Winchester,2.0
Windsor,2.9000000000000004
Witney,1.9
Woking,2.6
Wokingham,1.7000000000000002
Worthing West,3.0
Wycombe,4.7
Bath,1.7999999999999998
Bournemouth East,4.1000000000000005
Bournemouth West,3.5999999999999996
Bridgwater,2.9000000000000004
Bristol Central,2.4
Bristol East,4.3
Bristol North East,3.6999999999999997
Bristol North West,2.9000000000000004
Bristol South,3.8
Camborne and Redruth,3.5000000000000004
Central Devon,2.3
Cheltenham,2.7
Chippenham,2.1999999999999997
Christchurch,2.4
East Wiltshire,2.1999999999999997
Exeter,2.1
Exmouth and Exeter East,1.9
Filton and Bradley Stoke,1.6
Forest of Dean,2.7
Frome and East Somerset,2.4
Glastonbury and Somerton,2.3
Gloucester,3.8
Honiton and Sidmouth,2.1
Melksham and Devizes,2.1999999999999997
Mid Dorset and North Poole,2.1999999999999997
Newton Abbot,2.3
North Cornwall,3.3000000000000003
North Cotswolds,1.9
North Devon,3.0
North Dorset,2.1
North East Somerset and Hanham,1.6
North Somerset,1.7000000000000002
Plymouth Moor View,3.2
Plymouth Sutton and Devonport,4.1000000000000005
Poole,3.2
Salisbury,2.3
South Cotswolds,1.9
South Devon,2.6
South Dorset,3.2
South East Cornwall,2.9000000000000004
South West Devon,1.6
South West Wiltshire,2.5
St Austell and Newquay,3.5000000000000004
St Ives,3.4000000000000004
Stroud,2.1
Swindon North,2.9000000000000004
Swindon South,3.5999999999999996
Taunton and Wellington,2.4
Tewkesbury,2.3
Thornbury and Yate,2.1
Tiverton and Minehead,2.3
Torbay,3.5000000000000004
Torridge and Tavistock,2.7
Truro and Falmouth,2.6
Wells and Mendip Hills,2.1999999999999997
West Dorset,2.5
Weston-super-Mare,3.3000000000000003
Yeovil,2.5
Aberafan Maesteg,3.9
Alyn and Deeside,2.8000000000000003
Bangor Aberconwy,3.2
Blaenau Gwent and Rhymney,4.3
"Brecon, Radnor and Cwm Tawe",2.9000000000000004
Bridgend,2.4
Caerfyrddin,2.9000000000000004
Caerphilly,3.3000000000000003
Cardiff East,4.6
Cardiff North,2.3
Cardiff South and Penarth,3.5999999999999996
Cardiff West,3.9
Ceredigion Preseli,3.0
Clwyd East,2.8000000000000003
Clwyd North,4.6
Dwyfor Meirionnydd,2.9000000000000004
Gower,2.0
Llanelli,3.2
Merthyr Tydfil and Aberdare,3.3000000000000003
Mid and South Pembrokeshire,3.4000000000000004
Monmouthshire,2.4
Montgomeryshire and Glyndwr,2.9000000000000004
Neath and Swansea East,2.9000000000000004
Newport East,5.2
Newport West and Islwyn,2.9000000000000004
Pontypridd,2.7
Rhondda and Ogmore,3.5999999999999996
Swansea West,4.3
Torfaen,3.6999999999999997
Vale of Glamorgan,3.5999999999999996
Wrexham,2.9000000000000004
Ynys Mon,3.8
Aldridge-Brownhills,3.1
Birmingham Edgbaston,8.9
Birmingham Erdington,10.2
Birmingham Hall Green and Moseley,11.3
Birmingham Hodge Hill and Solihull North,10.299999999999999
Birmingham Ladywood,12.3
Birmingham Northfield,7.3999999999999995
Birmingham Perry Barr,15.1
Birmingham Selly Oak,6.3
Birmingham Yardley,11.1
Bromsgrove,2.6
Burton and Uttoxeter,3.6999999999999997
Cannock Chase,3.2
Coventry East,6.800000000000001
Coventry North West,4.9
Coventry South,4.5
Droitwich and Evesham,2.8000000000000003
Dudley,5.8999999999999995
Halesowen,4.6
Hereford and South Herefordshire,2.9000000000000004
Kenilworth and Southam,1.7000000000000002
Kingswinford and South Staffordshire,2.6
Lichfield,2.3
Meriden and Solihull East,3.9
Newcastle-under-Lyme,3.1
North Herefordshire,2.5
North Shropshire,2.7
North Warwickshire and Bedworth,3.0
Nuneaton,4.1000000000000005
Redditch,3.6999999999999997
Rugby,2.6
Shrewsbury,2.6
Smethwick,7.3
Solihull West and Shirley,2.8000000000000003
South Shropshire,2.5
Stafford,2.7
Staffordshire Moorlands,2.4
Stoke-on-Trent Central,6.4
Stoke-on-Trent North,5.6000000000000005
Stoke-on-Trent South,3.5000000000000004
"Stone, Great Wyrley and Penkridge",2.1999999999999997
Stourbridge,4.9
Stratford-on-Avon,2.0
Sutton Coldfield,2.7
Tamworth,2.9000000000000004
Telford,4.2
The Wrekin,2.8000000000000003
Tipton and Wednesbury,6.6000000000000005
Walsall and Bloxwich,7.9
Warwick and Leamington,2.6
West Bromwich,6.5
West Worcestershire,2.5
Wolverhampton North East,6.6000000000000005
Wolverhampton South East,7.000000000000001
Wolverhampton West,7.000000000000001
Worcester,3.5999999999999996
Wyre Forest,3.2
Barnsley North,3.2
Barnsley South,3.6999999999999997
Beverley and Holderness,2.3
Bradford East,10.100000000000001
Bradford South,7.3
Bradford West,10.6
Bridlington and The Wolds,3.2
Brigg and Immingham,2.3
Calder Valley,2.9000000000000004
Colne Valley,2.7
Dewsbury and Batley,7.000000000000001
Doncaster Central,5.4
Doncaster East and the Isle of Axholme,3.0
Doncaster North,4.2
Goole and Pocklington,2.1
Great Grimsby and Cleethorpes,5.1
Halifax,5.800000000000001
Harrogate and Knaresborough,1.7000000000000002
Huddersfield,6.4
Keighley and Ilkley,4.5
Kingston upon Hull East,5.800000000000001
Kingston upon Hull North and Cottingham,5.2
Kingston upon Hull West and Haltemprice,4.6
Leeds Central and Headingley,3.4000000000000004
Leeds East,6.5
Leeds North East,4.6
Leeds North West,2.1
Leeds South,7.7
Leeds South West and Morley,3.0
Leeds West and Pudsey,4.8
Normanton and Hemsworth,2.9000000000000004
Ossett and Denby Dale,2.7
Penistone and Stocksbridge,2.3
"Pontefract, Castleford and Knottingley",3.3000000000000003
Rawmarsh and Conisbrough,3.6999999999999997
Richmond and Northallerton,2.1
Rother Valley,2.9000000000000004
Rotherham,5.6000000000000005
Scarborough and Whitby,3.4000000000000004
Scunthorpe,4.3
Selby,2.1999999999999997
Sheffield Brightside and Hillsborough,7.3999999999999995
Sheffield Central,3.5999999999999996
Sheffield Hallam,1.7000000000000002
Sheffield Heeley,5.6000000000000005
Sheffield South East,5.1
Shipley,3.3000000000000003
Skipton and Ripon,1.7999999999999998
Spen Valley,3.5999999999999996
Thirsk and Malton,2.1
Wakefield and Rothwell,4.2
Wetherby and Easingwold,1.4000000000000001
York Central,2.1
York Outer,1.4000000000000001
Basildon and Billericay,4.3999999999999995
Bedford,5.8999999999999995
Braintree,2.7
Brentwood and Ongar,2.6
Broadland and Fakenham,2.1999999999999997
Broxbourne,3.3000000000000003
Bury St Edmunds and Stowmarket,2.3
Cambridge,2.1999999999999997
Castle Point,2.6
Central Suffolk and North Ipswich,2.0
Chelmsford,2.9000000000000004
Clacton,5.0
Colchester,3.6999999999999997
Dunstable and Leighton Buzzard,3.2
Ely and East Cambridgeshire,2.1999999999999997
Epping Forest,3.2
Great Yarmouth,5.2
Harlow,4.1000000000000005
Harpenden and Berkhamsted,1.7999999999999998
Harwich and North Essex,3.1
Hemel Hempstead,3.9
Hertford and Stortford,2.0
Hertsmere,3.5000000000000004
Hitchin,2.3
Huntingdon,2.1999999999999997
Ipswich,4.7
Lowestoft,4.2
Luton North,6.3
Luton South and South Bedfordshire,7.199999999999999
Maldon,2.5
Mid Bedfordshire,2.0
Mid Norfolk,2.1
North Bedfordshire,2.5
North East Cambridgeshire,3.9
North East Hertfordshire,2.3
North Norfolk,3.0
North West Cambridgeshire,3.5000000000000004
North West Essex,2.1
North West Norfolk,3.2
Norwich North,3.3000000000000003
Norwich South,3.6999999999999997
Peterborough,7.000000000000001
Rayleigh and Wickford,2.1
South Basildon and East Thurrock,3.8
South Cambridgeshire,1.7999999999999998
South Norfolk,2.1
South Suffolk,2.5
South West Hertfordshire,2.7
South West Norfolk,2.7
Southend East and Rochford,5.2
Southend West and Leigh,3.5000000000000004
St Albans,2.7
St Neots and Mid Cambridgeshire,2.1999999999999997
Stevenage,3.4000000000000004
Suffolk Coastal,2.1999999999999997
Thurrock,4.9
Watford,4.3999999999999995
Waveney Valley,2.4
Welwyn Hatfield,3.1
West Suffolk,2.5
Witham,2.5
Amber Valley,3.0
Ashfield,4.0
Bassetlaw,3.3000000000000003
Bolsover,3.0
Boston and Skegness,5.0
Broxtowe,2.9000000000000004
Chesterfield,3.5999999999999996
Corby and East Northamptonshire,3.0
Daventry,2.3
Derby North,4.3999999999999995
Derby South,7.000000000000001
Derbyshire Dales,2.0
Erewash,3.6999999999999997
Gainsborough,3.0
Gedling,3.4000000000000004
Grantham and Bourne,3.0
"Harborough, Oadby and Wigston",2.5
High Peak,2.6
Hinckley and Bosworth,2.5
Kettering,3.3000000000000003
Leicester East,5.5
Leicester South,6.3
Leicester West,6.1
Lincoln,3.5999999999999996
Loughborough,2.7
Louth and Horncastle,2.9000000000000004
Mansfield,4.0
Melton and Syston,3.0
Mid Derbyshire,2.0
Mid Leicestershire,2.1999999999999997
Newark,2.7
North East Derbyshire,2.7
North West Leicestershire,2.1999999999999997
Northampton North,5.4
Northampton South,3.2
Nottingham East,7.000000000000001
Nottingham North and Kimberley,6.4
Nottingham South,4.3
Rushcliffe,2.0
Rutland and Stamford,2.1
Sherwood Forest,2.9000000000000004
Sleaford and North Hykeham,2.1999999999999997
South Derbyshire,2.5
South Holland and The Deepings,3.1
South Leicestershire,1.9
South Northamptonshire,1.7999999999999998
Wellingborough and Rushden,3.9
Barking,7.8
Battersea,3.8
Beckenham and Penge,3.8
Bermondsey and Old Southwark,4.8
Bethnal Green and Stepney,7.5
Bexleyheath and Crayford,3.4000000000000004
Brent East,9.5
Brent West,5.5
Brentford and Isleworth,5.4
Bromley and Biggin Hill,3.2
Carshalton and Wallington,3.9
Chelsea and Fulham,3.6999999999999997
Chingford and Woodford Green,5.0
Chipping Barnet,4.0
Cities of London and Westminster,3.2
Clapham and Brixton Hill,5.5
Croydon East,5.800000000000001
Croydon South,4.2
Croydon West,8.0
Dagenham and Rainham,6.6000000000000005
Dulwich and West Norwood,6.3
Ealing Central and Acton,5.8999999999999995
Ealing North,7.3999999999999995
Ealing Southall,6.800000000000001
East Ham,8.9
Edmonton and Winchmore Hill,8.6
Eltham and Chislehurst,4.6
Enfield North,7.5
Erith and Thamesmead,6.4
Feltham and Heston,5.800000000000001
Finchley and Golders Green,5.2
Greenwich and Woolwich,5.1
Hackney North and Stoke Newington,7.7
Hackney South and Shoreditch,7.000000000000001
Hammersmith and Chiswick,5.0
Hampstead and Highgate,4.3
Harrow East,4.9
Harrow West,5.4
Hayes and Harlington,6.1
Hendon,5.8999999999999995
Holborn and St Pancras,5.4
Hornchurch and Upminster,4.0
Hornsey and Friern Barnet,5.1
Ilford North,5.6000000000000005
Ilford South,7.6
Islington North,6.1
Islington South and Finsbury,5.7
Kensington and Bayswater,3.9
Kingston and Surbiton,3.4000000000000004
Lewisham East,7.7
Lewisham North,6.6000000000000005
Lewisham West and East Dulwich,5.800000000000001
Leyton and Wanstead,6.4
Mitcham and Morden,6.1
Old Bexley and Sidcup,2.5
Orpington,3.5000000000000004
Peckham,6.800000000000001
Poplar and Limehouse,6.2
Putney,4.6
Queen's Park and Maida Vale,7.5
Richmond Park,2.5
Romford,4.8
"Ruislip, Northwood and Pinner",3.0
Southgate and Wood Green,7.000000000000001
Stratford and Bow,6.7
Streatham and Croydon North,6.9
Sutton and Cheam,3.1
Tooting,4.2
Tottenham,9.2
Twickenham,2.7
Uxbridge and South Ruislip,4.5
Vauxhall and Camberwell Green,6.5
Walthamstow,7.6
West Ham and Beckton,7.9
Wimbledon,2.9000000000000004
Bishop Auckland,3.5000000000000004
Blaydon and Consett,3.2
Blyth and Ashington,4.2
City of Durham,2.3
Cramlington and Killingworth,2.9000000000000004
Darlington,4.1000000000000005
Easington,4.6
Gateshead Central and Whickham,4.6
Hartlepool,4.6
Hexham,2.1999999999999997
Houghton and Sunderland South,4.0
Jarrow and Gateshead East,4.8
Middlesbrough South and East Cleveland,3.4000000000000004
Middlesbrough and Thornaby East,6.0
Newcastle upon Tyne Central and West,5.5
Newcastle upon Tyne East and Wallsend,4.5
Newcastle upon Tyne North,2.1
Newton Aycliffe and Spennymoor,3.2
North Durham,3.3000000000000003
North Northumberland,2.9000000000000004
Redcar,4.3
South Shields,5.4
Stockton North,5.0
Stockton West,2.0
Sunderland Central,4.5
Tynemouth,3.4000000000000004
Washington and Gateshead South,4.0
Altrincham and Sale West,2.0
Ashton-under-Lyne,5.800000000000001
Barrow and Furness,2.6
Birkenhead,5.0
Blackburn,6.800000000000001
Blackley and Middleton South,7.3999999999999995
Blackpool North and Fleetwood,3.8
Blackpool South,7.000000000000001
Bolton North East,6.1
Bolton South and Walkden,6.9
Bolton West,3.5999999999999996
Bootle,5.6000000000000005
Burnley,6.3
Bury North,4.9
Bury South,4.0
Carlisle,2.6
Cheadle,1.9
Chester North and Neston,2.8000000000000003
Chester South and Eddisbury,1.9
Chorley,2.7
Congleton,1.9
Crewe and Nantwich,3.0
Ellesmere Port and Bromborough,3.0
Fylde,2.7
Gorton and Denton,7.9
Hazel Grove,2.6
Heywood and Middleton North,5.3
Hyndburn,5.7
Knowsley,5.0
Lancaster and Wyre,2.4
Leigh and Atherton,3.9
Liverpool Garston,3.9
Liverpool Riverside,6.1
Liverpool Walton,6.0
Liverpool Wavertree,6.2
Liverpool West Derby,5.800000000000001
Macclesfield,2.5
Makerfield,3.1
Manchester Central,4.9
Manchester Rusholme,6.7
Manchester Withington,3.8
Mid Cheshire,2.6
Morecambe and Lunesdale,3.2
Oldham East and Saddleworth,6.7
"Oldham West, Chadderton and Royton",7.9
Pendle and Clitheroe,5.2
Penrith and Solway,2.0
Preston,5.5
Ribble Valley,2.0
Rochdale,7.5
Rossendale and Darwen,3.5999999999999996
Runcorn and Helsby,4.0
Salford,4.9
Sefton Central,2.1
South Ribble,2.1999999999999997
Southport,3.3000000000000003
St Helens North,3.5999999999999996
St Helens South and Whiston,4.3999999999999995
Stalybridge and Hyde,4.6
Stockport,4.2
Stretford and Urmston,4.3999999999999995
Tatton,1.9
Wallasey,4.1000000000000005
Warrington North,3.0
Warrington South,2.5
West Lancashire,3.0
Westmorland and Lonsdale,1.6
Whitehaven and Workington,3.0
Widnes and Halewood,4.0
Wigan,4.1000000000000005
Wirral West,1.7000000000000002
Worsley and Eccles,4.2
Wythenshawe and Sale East,4.6
Belfast East,3.1
Belfast North,4.9
Belfast South and Mid Down,2.4
Belfast West,5.1
East Antrim,2.8000000000000003
East Londonderry,3.8
Fermanagh and South Tyrone,3.2
Foyle,5.800000000000001
Lagan Valley,2.3
Mid Ulster,2.4
Newry and Armagh,3.5000000000000004
North Antrim,3.3000000000000003
North Down,2.5
South Antrim,2.3
South Down,2.8000000000000003
Strangford,3.1
Upper Bann,3.2
West Tyrone,3.3000000000000003
Aberdeen North,4.0
Aberdeen South,2.9000000000000004
Aberdeenshire North and Moray East,2.7
Airdrie and Shotts,3.3000000000000003
Alloa and Grangemouth,3.0
Angus and Perthshire Glens,2.8000000000000003
Arbroath and Broughty Ferry,3.0
"Argyll, Bute and South Lochaber",2.8000000000000003
"Ayr, Carrick and Cumnock",4.2
Bathgate and Linlithgow,2.7
"Berwickshire, Roxburgh and Selkirk",3.3000000000000003
"Caithness, Sutherland and Easter Ross",2.3
Central Ayrshire,3.5000000000000004
Coatbridge and Bellshill,3.5999999999999996
Cowdenbeath and Kirkcaldy,4.2
Cumbernauld and Kirkintilloch,2.9000000000000004
Dumfries and Galloway,3.0
"Dumfriesshire, Clydesdale and Tweeddale",2.5
Dundee Central,4.1000000000000005
Dunfermline and Dollar,2.8000000000000003
East Kilbride and Strathaven,2.1
East Renfrewshire,1.7000000000000002
Edinburgh East and Musselburgh,2.9000000000000004
Edinburgh North and Leith,3.3000000000000003
Edinburgh South,1.9
Edinburgh South West,2.9000000000000004
Edinburgh West,2.1
Falkirk,2.9000000000000004
Glasgow East,5.8999999999999995
Glasgow North,5.0
Glasgow North East,5.6000000000000005
Glasgow South,4.3999999999999995
Glasgow South West,5.2
Glasgow West,4.5
Glenrothes and Mid Fife,4.3
Gordon and Buchan,1.7000000000000002
Hamilton and Clyde Valley,3.4000000000000004
Inverclyde and Renfrewshire West,3.1
"Inverness, Skye and West Ross-shire",2.7
Kilmarnock and Loudoun,3.6999999999999997
Livingston,2.7
Lothian East,2.4
Mid Dunbartonshire,1.7000000000000002
Midlothian,2.3
"Moray West, Nairn and Strathspey",2.4
"Motherwell, Wishaw and Carluke",3.1
Na h-Eileanan an Iar,2.3
North Ayrshire and Arran,4.3
North East Fife,2.3
Orkney and Shetland,1.6
Paisley and Renfrewshire North,3.1
Paisley and Renfrewshire South,3.1
Perth and Kinross-shire,2.6
Rutherglen,3.1
Stirling and Strathallan,2.3
West Aberdeenshire and Kincardine,1.5
West Dunbartonshire,4.0
Aldershot,2.8000000000000003
Arundel and South Downs,2.4
Ashford,3.3000000000000003
Aylesbury,4.1000000000000005
Banbury,2.7
Basingstoke,3.0
Beaconsfield,2.6
Bexhill and Battle,3.2
Bicester and Woodstock,1.9
Bognor Regis and Littlehampton,4.1000000000000005
Bracknell,2.8000000000000003
Brighton Kemptown and Peacehaven,4.8
Brighton Pavilion,4.0
Buckingham and Bletchley,3.5999999999999996
Canterbury,3.3000000000000003
Chatham and Aylesford,4.2
Chesham and Amersham,2.4
Chichester,3.6999999999999997
Crawley,4.2
Dartford,3.1
Didcot and Wantage,2.1
Dorking and Horley,2.0
Dover and Deal,3.6999999999999997
Earley and Woodley,2.6
East Grinstead and Uckfield,2.1999999999999997
East Hampshire,2.1
East Surrey,2.4
East Thanet,5.8999999999999995
East Worthing and Shoreham,2.8000000000000003
Eastbourne,4.8
Eastleigh,2.1999999999999997
Epsom and Ewell,2.1
Esher and Walton,2.5
Fareham and Waterlooville,2.5
Farnham and Bordon,2.1
Faversham and Mid Kent,2.9000000000000004
Folkestone and Hythe,4.5
Gillingham and Rainham,3.9
Godalming and Ash,1.9
Gosport,3.3000000000000003
Gravesham,4.3999999999999995
Guildford,2.0
Hamble Valley,1.7999999999999998
Hastings and Rye,5.1
Havant,4.1000000000000005
Henley and Thame,1.9
Herne Bay and Sandwich,3.6999999999999997
Horsham,1.9
Hove and Portslade,4.1000000000000005
Isle of Wight East,5.4
Isle of Wight West,3.5000000000000004
Lewes,3.4000000000000004
Maidenhead,2.4
Maidstone and Malling,3.2
Mid Buckinghamshire,1.6
Mid Sussex,1.7000000000000002
Milton Keynes Central,4.3999999999999995
Milton Keynes North,3.8
New Forest East,2.4
New Forest West,2.3
Newbury,2.5
North East Hampshire,1.6
North West Hampshire,2.1999999999999997
Oxford East,3.3000000000000003
Oxford West and Abingdon,1.7000000000000002
Portsmouth North,4.1000000000000005
Portsmouth South,5.3
Reading Central,4.3
Reading West and Mid Berkshire,3.0
Reigate,2.0
Rochester and Strood,3.8
Romsey and Southampton North,2.1999999999999997
Runnymede and Weybridge,2.5
Sevenoaks,2.1
Sittingbourne and Sheppey,4.0
Slough,6.2
Southampton Itchen,4.2
Southampton Test,4.9
Spelthorne,3.3000000000000003
Surrey Heath,2.1999999999999997
Sussex Weald,2.3
Tonbridge,2.3
Tunbridge Wells,2.6
Weald of Kent,2.4
Winchester,2.1
Windsor,3.0
Witney,2.0
Woking,2.7
Wokingham,1.7999999999999998
Worthing West,3.1
Wycombe,4.9
Bath,2.0
Bournemouth East,4.2
Bournemouth West,3.6999999999999997
Bridgwater,3.0
Bristol Central,2.5
Bristol East,4.3999999999999995
Bristol North East,3.9
Bristol North West,3.1
Bristol South,3.9
Camborne and Redruth,3.5999999999999996
Central Devon,2.4
Cheltenham,2.8000000000000003
Chippenham,2.3
Christchurch,2.6
East Wiltshire,2.3
Exeter,2.1999999999999997
Exmouth and Exeter East,2.0
Filton and Bradley Stoke,1.7000000000000002
Forest of Dean,2.8000000000000003
Frome and East Somerset,2.4
Glastonbury and Somerton,2.4
Gloucester,3.9
Honiton and Sidmouth,2.1999999999999997
Melksham and Devizes,2.4
Mid Dorset and North Poole,2.3
Newton Abbot,2.5
North Cornwall,3.5000000000000004
North Cotswolds,2.0
North Devon,3.1
North Dorset,2.1999999999999997
North East Somerset and Hanham,1.7000000000000002
North Somerset,1.7000000000000002
Plymouth Moor View,3.3000000000000003
Plymouth Sutton and Devonport,4.3
Poole,3.3000000000000003
Salisbury,2.4
South Cotswolds,2.0
South Devon,2.7
South Dorset,3.1
South East Cornwall,3.0
South West Devon,1.7000000000000002
South West Wiltshire,2.7
St Austell and Newquay,3.6999999999999997
St Ives,3.5999999999999996
Stroud,2.1999999999999997
Swindon North,3.0
Swindon South,3.6999999999999997
Taunton and Wellington,2.3
Tewkesbury,2.4
Thornbury and Yate,2.1999999999999997
Tiverton and Minehead,2.5
Torbay,3.5999999999999996
Torridge and Tavistock,2.9000000000000004
Truro and Falmouth,2.7
Wells and Mendip Hills,2.3
West Dorset,2.6
Weston-super-Mare,3.4000000000000004
Yeovil,2.6
Aberafan Maesteg,4.0
Alyn and Deeside,2.9000000000000004
Bangor Aberconwy,3.3000000000000003
Blaenau Gwent and Rhymney,4.3
"Brecon, Radnor and Cwm Tawe",3.0
Bridgend,2.4
Caerfyrddin,2.9000000000000004
Caerphilly,3.4000000000000004
Cardiff East,4.7
Cardiff North,2.4
Cardiff South and Penarth,3.6999999999999997
Cardiff West,4.0
Ceredigion Preseli,2.9000000000000004
Clwyd East,2.8000000000000003
Clwyd North,4.8
Dwyfor Meirionnydd,3.2
Gower,2.1999999999999997
Llanelli,3.2
Merthyr Tydfil and Aberdare,3.3000000000000003
Mid and South Pembrokeshire,3.5000000000000004
Monmouthshire,2.5
Montgomeryshire and Glyndwr,2.9000000000000004
Neath and Swansea East,2.9000000000000004
Newport East,5.3
Newport West and Islwyn,3.0
Pontypridd,2.7
Rhondda and Ogmore,3.6999999999999997
Swansea West,4.3
Torfaen,3.8
Vale of Glamorgan,3.6999999999999997
Wrexham,3.0
Ynys Mon,3.9
Aldridge-Brownhills,3.2
Birmingham Edgbaston,9.1
Birmingham Erdington,10.5
Birmingham Hall Green and Moseley,11.5
Birmingham Hodge Hill and Solihull North,10.7
Birmingham Ladywood,12.6
Birmingham Northfield,7.6
Birmingham Perry Barr,15.4
Birmingham Selly Oak,6.4
Birmingham Yardley,11.3
Bromsgrove,2.6
Burton and Uttoxeter,3.8
Cannock Chase,3.2
Coventry East,6.9
Coventry North West,5.1
Coventry South,4.8
Droitwich and Evesham,2.9000000000000004
Dudley,6.1
Halesowen,4.6
Hereford and South Herefordshire,3.0
Kenilworth and Southam,1.7000000000000002
Kingswinford and South Staffordshire,2.7
Lichfield,2.3
Meriden and Solihull East,4.1000000000000005
Newcastle-under-Lyme,3.2
North Herefordshire,2.7
North Shropshire,2.7
North Warwickshire and Bedworth,3.1
Nuneaton,4.1000000000000005
Redditch,3.8
Rugby,2.8000000000000003
Shrewsbury,2.6
Smethwick,7.6
Solihull West and Shirley,2.9000000000000004
South Shropshire,2.5
Stafford,2.7
Staffordshire Moorlands,2.5
Stoke-on-Trent Central,6.6000000000000005
Stoke-on-Trent North,5.800000000000001
Stoke-on-Trent South,3.5999999999999996
"Stone, Great Wyrley and Penkridge",2.1999999999999997
Stourbridge,5.0
Stratford-on-Avon,2.1
Sutton Coldfield,2.9000000000000004
Tamworth,3.1
Telford,4.3
The Wrekin,2.8000000000000003
Tipton and Wednesbury,6.7
Walsall and Bloxwich,8.1
Warwick and Leamington,2.7
West Bromwich,6.7
West Worcestershire,2.5
Wolverhampton North East,6.7
Wolverhampton South East,7.1
Wolverhampton West,7.1
Worcester,3.5999999999999996
Wyre Forest,3.4000000000000004
Barnsley North,3.5000000000000004
Barnsley South,3.9
Beverley and Holderness,2.4
Bradford East,10.299999999999999
Bradford South,7.5
Bradford West,10.8
Bridlington and The Wolds,3.4000000000000004
Brigg and Immingham,2.3
Calder Valley,3.1
Colne Valley,2.8000000000000003
Dewsbury and Batley,7.199999999999999
Doncaster Central,5.4
Doncaster East and the Isle of Axholme,2.9000000000000004
Doncaster North,4.2
Goole and Pocklington,2.1999999999999997
Great Grimsby and Cleethorpes,5.2
Halifax,5.800000000000001
Harrogate and Knaresborough,1.7999999999999998
Huddersfield,6.5
Keighley and Ilkley,4.6
Kingston upon Hull East,5.8999999999999995
Kingston upon Hull North and Cottingham,5.5
Kingston upon Hull West and Haltemprice,4.9
Leeds Central and Headingley,3.5000000000000004
Leeds East,6.6000000000000005
Leeds North East,4.6
Leeds North West,2.1999999999999997
Leeds South,7.9
Leeds South West and Morley,3.2
Leeds West and Pudsey,4.9
Normanton and Hemsworth,3.1
Ossett and Denby Dale,2.9000000000000004
Penistone and Stocksbridge,2.4
"Pontefract, Castleford and Knottingley",3.4000000000000004
Rawmarsh and Conisbrough,3.8
Richmond and Northallerton,2.1999999999999997
Rother Valley,3.0
Rotherham,5.6000000000000005
Scarborough and Whitby,3.5000000000000004
Scunthorpe,4.3999999999999995
Selby,2.1999999999999997
Sheffield Brightside and Hillsborough,7.3
Sheffield Central,3.6999999999999997
Sheffield Hallam,1.7000000000000002
Sheffield Heeley,5.6000000000000005
Sheffield South East,5.3
Shipley,3.3000000000000003
Skipton and Ripon,1.7999999999999998
Spen Valley,3.6999999999999997
Thirsk and Malton,2.1
Wakefield and Rothwell,4.3999999999999995
Wetherby and Easingwold,1.4000000000000001
York Central,2.1999999999999997
York Outer,1.4000000000000001
Basildon and Billericay,3.5999999999999996
Bedford,4.8
Braintree,2.3
Brentwood and Ongar,2.1999999999999997
Broadland and Fakenham,2.0
Broxbourne,3.0
Bury St Edmunds and Stowmarket,2.1
Cambridge,2.0
Castle Point,2.3
Central Suffolk and North Ipswich,1.7999999999999998
Chelmsford,2.4
Clacton,4.5
Colchester,3.2
Dunstable and Leighton Buzzard,2.4
Ely and East Cambridgeshire,2.0
Epping Forest,2.7
Great Yarmouth,5.2
Harlow,3.5000000000000004
Harpenden and Berkhamsted,1.5
Harwich and North Essex,2.6
Hemel Hempstead,3.1
Hertford and Stortford,1.7999999999999998
Hertsmere,2.6
Hitchin,1.9
Huntingdon,2.0
Ipswich,4.7
Lowestoft,4.2
Luton North,4.1000000000000005
Luton South and South Bedfordshire,5.4
Maldon,2.0
Mid Bedfordshire,1.6
Mid Norfolk,1.7999999999999998
North Bedfordshire,2.1
North East Cambridgeshire,3.6999999999999997
North East Hertfordshire,2.1
North Norfolk,2.8000000000000003
North West Cambridgeshire,2.9000000000000004
North West Essex,1.7999999999999998
North West Norfolk,2.9000000000000004
Norwich North,3.0
Norwich South,3.0
Peterborough,5.5
Rayleigh and Wickford,1.7999999999999998
South Basildon and East Thurrock,3.2
South Cambridgeshire,1.6
South Norfolk,1.7999999999999998
South Suffolk,2.1
South West Hertfordshire,2.1
South West Norfolk,2.4
Southend East and Rochford,4.9
Southend West and Leigh,3.1
St Albans,2.1999999999999997
St Neots and Mid Cambridgeshire,1.9
Stevenage,2.8000000000000003
Suffolk Coastal,1.9
Thurrock,4.0
Watford,3.1
Waveney Valley,2.1999999999999997
Welwyn Hatfield,2.5
West Suffolk,2.0
Witham,2.3
Amber Valley,3.0
Ashfield,3.8
Bassetlaw,3.1
Bolsover,2.8000000000000003
Boston and Skegness,4.8
Broxtowe,2.6
Chesterfield,3.5000000000000004
Corby and East Northamptonshire,3.2
Daventry,2.1
Derby North,3.6999999999999997
Derby South,6.2
Derbyshire Dales,1.7999999999999998
Erewash,3.2
Gainsborough,3.1
Gedling,3.0
Grantham and Bourne,3.1
"Harborough, Oadby and Wigston",2.0
High Peak,2.5
Hinckley and Bosworth,2.6
Kettering,3.3000000000000003
Leicester East,4.0
Leicester South,4.6
Leicester West,5.2
Lincoln,4.0
Loughborough,2.3
Louth and Horncastle,2.6
Mansfield,3.9
Melton and Syston,2.5
Mid Derbyshire,1.6
Mid Leicestershire,2.1
Newark,2.6
North East Derbyshire,2.5
North West Leicestershire,2.1
Northampton North,4.6
Northampton South,2.8000000000000003
Nottingham East,5.8999999999999995
Nottingham North and Kimberley,5.800000000000001
Nottingham South,3.8
Rushcliffe,1.7000000000000002
Rutland and Stamford,1.7999999999999998
Sherwood Forest,2.9000000000000004
Sleaford and North Hykeham,2.0
South Derbyshire,2.1
South Holland and The Deepings,2.5
South Leicestershire,1.7000000000000002
South Northamptonshire,1.6
Wellingborough and Rushden,3.3000000000000003
Barking,5.800000000000001
Battersea,2.9000000000000004
Beckenham and Penge,3.0
Bermondsey and Old Southwark,4.1000000000000005
Bethnal Green and Stepney,5.4
Bexleyheath and Crayford,2.9000000000000004
Brent East,7.1
Brent West,4.1000000000000005
Brentford and Isleworth,4.7
Bromley and Biggin Hill,2.6
Carshalton and Wallington,3.2
Chelsea and Fulham,3.3000000000000003
Chingford and Woodford Green,4.0
Chipping Barnet,3.4000000000000004
Cities of London and Westminster,3.0
Clapham and Brixton Hill,4.3999999999999995
Croydon East,4.9
Croydon South,3.3000000000000003
Croydon West,6.7
Dagenham and Rainham,5.2
Dulwich and West Norwood,5.2
Ealing Central and Acton,4.9
Ealing North,5.3
Ealing Southall,5.0
East Ham,6.0
Edmonton and Winchmore Hill,6.5
Eltham and Chislehurst,3.6999999999999997
Enfield North,5.5
Erith and Thamesmead,5.3
Feltham and Heston,5.0
Finchley and Golders Green,4.3999999999999995
Greenwich and Woolwich,4.1000000000000005
Hackney North and Stoke Newington,5.8999999999999995
Hackney South and Shoreditch,5.5
Hammersmith and Chiswick,4.3999999999999995
Hampstead and Highgate,3.5000000000000004
Harrow East,3.5999999999999996
Harrow West,3.6999999999999997
Hayes and Harlington,4.6
Hendon,4.6
Holborn and St Pancras,4.5
Hornchurch and Upminster,3.3000000000000003
Hornsey and Friern Barnet,4.3999999999999995
Ilford North,4.1000000000000005
Ilford South,5.6000000000000005
Islington North,5.1
Islington South and Finsbury,4.7
Kensington and Bayswater,3.3000000000000003
Kingston and Surbiton,2.6
Lewisham East,6.0
Lewisham North,5.2
Lewisham West and East Dulwich,5.0
Leyton and Wanstead,5.2
Mitcham and Morden,4.8
Old Bexley and Sidcup,2.0
Orpington,2.8000000000000003
Peckham,5.7
Poplar and Limehouse,4.0
Putney,3.2
Queen's Park and Maida Vale,6.2
Richmond Park,2.1999999999999997
Romford,3.8
"Ruislip, Northwood and Pinner",2.4
Southgate and Wood Green,5.6000000000000005
Stratford and Bow,5.0
Streatham and Croydon North,5.5
Sutton and Cheam,2.4
Tooting,3.2
Tottenham,7.7
Twickenham,2.4
Uxbridge and South Ruislip,3.2
Vauxhall and Camberwell Green,5.1
Walthamstow,5.7
West Ham and Beckton,5.7
Wimbledon,2.3
Bishop Auckland,3.5999999999999996
Blaydon and Consett,3.2
Blyth and Ashington,4.9
City of Durham,2.1
Cramlington and Killingworth,2.9000000000000004
Darlington,4.3999999999999995
Easington,4.3
Gateshead Central and Whickham,4.8
Hartlepool,5.0
Hexham,2.1999999999999997
Houghton and Sunderland South,4.3
Jarrow and Gateshead East,4.9
Middlesbrough South and East Cleveland,3.5000000000000004
Middlesbrough and Thornaby East,6.5
Newcastle upon Tyne Central and West,5.4
Newcastle upon Tyne East and Wallsend,4.8
Newcastle upon Tyne North,2.1999999999999997
Newton Aycliffe and Spennymoor,3.2
North Durham,3.3000000000000003
North Northumberland,2.8000000000000003
Redcar,4.7
South Shields,6.1
Stockton North,5.2
Stockton West,1.9
Sunderland Central,5.0
Tynemouth,3.4000000000000004
Washington and Gateshead South,4.3
Altrincham and Sale West,2.0
Ashton-under-Lyne,5.2
Barrow and Furness,2.9000000000000004
Birkenhead,4.9
Blackburn,5.7
Blackley and Middleton South,6.1
Blackpool North and Fleetwood,4.1000000000000005
Blackpool South,7.7
Bolton North East,5.8999999999999995
Bolton South and Walkden,6.4
Bolton West,3.3000000000000003
Bootle,5.5
Burnley,5.1
Bury North,4.3
Bury South,4.1000000000000005
Carlisle,2.7
Cheadle,1.9
Chester North and Neston,2.7
Chester South and Eddisbury,1.7000000000000002
Chorley,2.9000000000000004
Congleton,1.7999999999999998
Crewe and Nantwich,3.2
Ellesmere Port and Bromborough,3.1
Fylde,2.7
Gorton and Denton,6.6000000000000005
Hazel Grove,3.0
Heywood and Middleton North,5.3
Hyndburn,5.3
Knowsley,5.0
Lancaster and Wyre,2.3
Leigh and Atherton,4.3999999999999995
Liverpool Garston,4.0
Liverpool Riverside,5.5
Liverpool Walton,5.800000000000001
Liverpool Wavertree,5.6000000000000005
Liverpool West Derby,5.6000000000000005
Macclesfield,2.1999999999999997
Makerfield,3.1
Manchester Central,4.5
Manchester Rusholme,5.800000000000001
Manchester Withington,3.4000000000000004
Mid Cheshire,2.7
Morecambe and Lunesdale,3.1
Oldham East and Saddleworth,6.1
"Oldham West, Chadderton and Royton",6.6000000000000005
Pendle and Clitheroe,4.1000000000000005
Penrith and Solway,2.0
Preston,4.7
Ribble Valley,1.7000000000000002
Rochdale,6.5
Rossendale and Darwen,3.6999999999999997
Runcorn and Helsby,3.8
Salford,4.5
Sefton Central,2.0
South Ribble,2.1
Southport,2.9000000000000004
St Helens North,3.5999999999999996
St Helens South and Whiston,4.2
Stalybridge and Hyde,4.0
Stockport,4.5
Stretford and Urmston,4.1000000000000005
Tatton,1.9
Wallasey,4.3
Warrington North,2.9000000000000004
Warrington South,2.1999999999999997
West Lancashire,3.0
Westmorland and Lonsdale,1.6
Whitehaven and Workington,3.0
Widnes and Halewood,3.8
Wigan,3.9
Wirral West,1.7000000000000002
Worsley and Eccles,4.1000000000000005
Wythenshawe and Sale East,4.9
Belfast East,3.0
Belfast North,4.7
Belfast South and Mid Down,2.1999999999999997
Belfast West,4.6
East Antrim,2.7
East Londonderry,3.4000000000000004
Fermanagh and South Tyrone,2.5
Foyle,5.5
Lagan Valley,1.9
Mid Ulster,1.9
Newry and Armagh,3.1
North Antrim,3.0
North Down,2.4
South Antrim,2.1
South Down,2.5
Strangford,2.9000000000000004
Upper Bann,2.8000000000000003
West Tyrone,2.8000000000000003
Aberdeen North,3.9
Aberdeen South,2.8000000000000003
Aberdeenshire North and Moray East,2.9000000000000004
Airdrie and Shotts,3.5999999999999996
Alloa and Grangemouth,3.4000000000000004
Angus and Perthshire Glens,2.7
Arbroath and Broughty Ferry,3.1
"Argyll, Bute and South Lochaber",2.8000000000000003
"Ayr, Carrick and Cumnock",4.3999999999999995
Bathgate and Linlithgow,2.9000000000000004
"Berwickshire, Roxburgh and Selkirk",3.1
"Caithness, Sutherland and Easter Ross",2.7
Central Ayrshire,3.5999999999999996
Coatbridge and Bellshill,3.3000000000000003
Cowdenbeath and Kirkcaldy,4.5
Cumbernauld and Kirkintilloch,3.1
Dumfries and Galloway,3.3000000000000003
"Dumfriesshire, Clydesdale and Tweeddale",2.7
Dundee Central,4.5
Dunfermline and Dollar,2.8000000000000003
East Kilbride and Strathaven,2.1999999999999997
East Renfrewshire,1.7999999999999998
Edinburgh East and Musselburgh,2.7
Edinburgh North and Leith,3.1
Edinburgh South,1.7000000000000002
Edinburgh South West,2.5
Edinburgh West,1.7999999999999998
Falkirk,3.3000000000000003
Glasgow East,5.1
Glasgow North,4.3
Glasgow North East,5.6000000000000005
Glasgow South,4.2
Glasgow South West,5.6000000000000005
Glasgow West,4.2
Glenrothes and Mid Fife,4.3999999999999995
Gordon and Buchan,1.7000000000000002
Hamilton and Clyde Valley,3.8
Inverclyde and Renfrewshire West,3.3000000000000003
"Inverness, Skye and West Ross-shire",2.6
Kilmarnock and Loudoun,4.3
Livingston,2.4
Lothian East,2.1
Mid Dunbartonshire,1.7000000000000002
Midlothian,2.3
"Moray West, Nairn and Strathspey",2.3
"Motherwell, Wishaw and Carluke",3.5000000000000004
Na h-Eileanan an Iar,2.1
North Ayrshire and Arran,4.6
North East Fife,2.3
Orkney and Shetland,1.9
Paisley and Renfrewshire North,3.3000000000000003
Paisley and Renfrewshire South,3.4000000000000004
Perth and Kinross-shire,2.7
Rutherglen,3.3000000000000003
Stirling and Strathallan,2.4
West Aberdeenshire and Kincardine,1.4000000000000001
West Dunbartonshire,4.6
Aldershot,2.5
Arundel and South Downs,2.1
Ashford,3.0
Aylesbury,3.2
Banbury,2.3
Basingstoke,2.8000000000000003
Beaconsfield,2.1
Bexhill and Battle,3.2
Bicester and Woodstock,1.7000000000000002
Bognor Regis and Littlehampton,3.4000000000000004
Bracknell,2.1
Brighton Kemptown and Peacehaven,4.3999999999999995
Brighton Pavilion,3.5000000000000004
Buckingham and Bletchley,3.0
Canterbury,3.0
Chatham and Aylesford,3.5000000000000004
Chesham and Amersham,1.9
Chichester,3.1
Crawley,3.5999999999999996
Dartford,2.8000000000000003
Didcot and Wantage,2.0
Dorking and Horley,1.7000000000000002
Dover and Deal,3.9
Earley and Woodley,2.1
East Grinstead and Uckfield,1.7999999999999998
East Hampshire,1.9
East Surrey,2.1
East Thanet,6.2
East Worthing and Shoreham,2.6
Eastbourne,4.3999999999999995
Eastleigh,1.9
Epsom and Ewell,1.7999999999999998
Esher and Walton,2.1
Fareham and Waterlooville,2.3
Farnham and Bordon,1.7999999999999998
Faversham and Mid Kent,2.5
Folkestone and Hythe,4.3999999999999995
Gillingham and Rainham,3.5999999999999996
Godalming and Ash,1.7000000000000002
Gosport,3.0
Gravesham,4.0
Guildford,1.9
Hamble Valley,1.6
Hastings and Rye,5.5
Havant,3.5000000000000004
Henley and Thame,1.7000000000000002
Herne Bay and Sandwich,3.4000000000000004
Horsham,1.7999999999999998
Hove and Portslade,3.6999999999999997
Isle of Wight East,4.3999999999999995
Isle of Wight West,3.2
Lewes,2.9000000000000004
Maidenhead,2.0
Maidstone and Malling,2.7
Mid Buckinghamshire,1.5
Mid Sussex,1.5
Milton Keynes Central,3.3000000000000003
Milton Keynes North,3.1
New Forest East,2.0
New Forest West,2.0
Newbury,2.1
North East Hampshire,1.5
North West Hampshire,2.0
Oxford East,2.5
Oxford West and Abingdon,1.7000000000000002
Portsmouth North,3.5999999999999996
Portsmouth South,4.9
Reading Central,3.4000000000000004
Reading West and Mid Berkshire,2.4
Reigate,1.7000000000000002
Rochester and Strood,3.4000000000000004
Romsey and Southampton North,1.9
Runnymede and Weybridge,2.3
Sevenoaks,2.0
Sittingbourne and Sheppey,4.0
Slough,4.2
Southampton Itchen,3.8
Southampton Test,4.3
Spelthorne,3.0
Surrey Heath,1.7999999999999998
Sussex Weald,2.1
Tonbridge,1.9
Tunbridge Wells,2.1999999999999997
Weald of Kent,2.1999999999999997
Winchester,1.9
Windsor,2.3
Witney,1.7999999999999998
Woking,2.1999999999999997
Wokingham,1.5
Worthing West,2.8000000000000003
Wycombe,3.6999999999999997
Bath,1.7000000000000002
Bournemouth East,4.0
Bournemouth West,3.5999999999999996
Bridgwater,2.8000000000000003
Bristol Central,2.3
Bristol East,4.0
Bristol North East,3.2
Bristol North West,2.6
Bristol South,3.4000000000000004
Camborne and Redruth,3.1
Central Devon,1.9
Cheltenham,2.3
Chippenham,1.7999999999999998
Christchurch,2.1
East Wiltshire,1.7000000000000002
Exeter,2.0
Exmouth and Exeter East,1.7000000000000002
Filton and Bradley Stoke,1.5
Forest of Dean,2.4
Frome and East Somerset,2.1
Glastonbury and Somerton,2.1999999999999997
Gloucester,3.1
Honiton and Sidmouth,1.7999999999999998
Melksham and Devizes,2.3
Mid Dorset and North Poole,2.0
Newton Abbot,2.1
North Cornwall,2.8000000000000003
North Cotswolds,1.7000000000000002
North Devon,2.7
North Dorset,1.7999999999999998
North East Somerset and Hanham,1.5
North Somerset,1.5
Plymouth Moor View,2.8000000000000003
Plymouth Sutton and Devonport,4.1000000000000005
Poole,2.9000000000000004
Salisbury,2.1999999999999997
South Cotswolds,1.6
South Devon,2.1999999999999997
South Dorset,3.2
South East Cornwall,2.5
South West Devon,1.4000000000000001
South West Wiltshire,2.1999999999999997
St Austell and Newquay,3.3000000000000003
St Ives,2.9000000000000004
Stroud,1.6
Swindon North,2.6
Swindon South,3.3000000000000003
Taunton and Wellington,2.0
Tewkesbury,1.9
Thornbury and Yate,1.6
Tiverton and Minehead,2.1
Torbay,3.3000000000000003
Torridge and Tavistock,2.1999999999999997
Truro and Falmouth,2.1
Wells and Mendip Hills,2.1
West Dorset,2.1999999999999997
Weston-super-Mare,3.2
Yeovil,2.4
Aberafan Maesteg,3.6999999999999997
Alyn and Deeside,2.9000000000000004
Bangor Aberconwy,3.1
Blaenau Gwent and Rhymney,4.6
"Brecon, Radnor and Cwm Tawe",2.6
Bridgend,2.5
Caerfyrddin,2.7
Caerphilly,3.2
Cardiff East,4.3
Cardiff North,2.0
Cardiff South and Penarth,3.3000000000000003
Cardiff West,3.6999999999999997
Ceredigion Preseli,2.8000000000000003
Clwyd East,2.7
Clwyd North,4.6
Dwyfor Meirionnydd,2.7
Gower,2.1
Llanelli,2.8000000000000003
Merthyr Tydfil and Aberdare,3.5000000000000004
Mid and South Pembrokeshire,3.5000000000000004
Monmouthshire,2.3
Montgomeryshire and Glyndwr,2.5
Neath and Swansea East,2.8000000000000003
Newport East,4.9
Newport West and Islwyn,3.0
Pontypridd,2.8000000000000003
Rhondda and Ogmore,3.5999999999999996
Swansea West,4.3999999999999995
Torfaen,3.5999999999999996
Vale of Glamorgan,3.3000000000000003
Wrexham,3.0
Ynys Mon,3.4000000000000004
Aldridge-Brownhills,2.8000000000000003
Birmingham Edgbaston,7.9
Birmingham Erdington,8.5
Birmingham Hall Green and Moseley,8.3
Birmingham Hodge Hill and Solihull North,7.7
Birmingham Ladywood,9.700000000000001
Birmingham Northfield,7.199999999999999
Birmingham Perry Barr,11.4
Birmingham Selly Oak,5.4
Birmingham Yardley,7.8
Bromsgrove,2.5
Burton and Uttoxeter,3.1
Cannock Chase,3.2
Coventry East,6.800000000000001
Coventry North West,4.5
Coventry South,4.2
Droitwich and Evesham,2.7
Dudley,5.6000000000000005
Halesowen,4.2
Hereford and South Herefordshire,2.5
Kenilworth and Southam,1.6
Kingswinford and South Staffordshire,2.6
Lichfield,2.3
Meriden and Solihull East,3.6999999999999997
Newcastle-under-Lyme,3.0
North Herefordshire,2.1999999999999997
North Shropshire,2.5
North Warwickshire and Bedworth,3.0
Nuneaton,3.5999999999999996
Redditch,3.5000000000000004
Rugby,2.6
Shrewsbury,2.5
Smethwick,6.1
Solihull West and Shirley,2.1
South Shropshire,2.3
Stafford,2.8000000000000003
Staffordshire Moorlands,2.0
Stoke-on-Trent Central,5.7
Stoke-on-Trent North,4.8
Stoke-on-Trent South,3.3000000000000003
"Stone, Great Wyrley and Penkridge",2.3
Stourbridge,4.7
Stratford-on-Avon,2.0
Sutton Coldfield,2.3
Tamworth,3.0
Telford,3.9
The Wrekin,2.3
Tipton and Wednesbury,6.2
Walsall and Bloxwich,6.800000000000001
Warwick and Leamington,2.3
West Bromwich,5.6000000000000005
West Worcestershire,2.5
Wolverhampton North East,6.4
Wolverhampton South East,7.199999999999999
Wolverhampton West,7.000000000000001
Worcester,3.5000000000000004
Wyre Forest,3.2
Barnsley North,3.4000000000000004
Barnsley South,4.2
Beverley and Holderness,2.1
Bradford East,7.8
Bradford South,6.4
Bradford West,8.6
Bridlington and The Wolds,3.3000000000000003
Brigg and Immingham,2.1
Calder Valley,2.9000000000000004
Colne Valley,2.6
Dewsbury and Batley,5.0
Doncaster Central,5.6000000000000005
Doncaster East and the Isle of Axholme,3.0
Doncaster North,4.2
Goole and Pocklington,2.1
Great Grimsby and Cleethorpes,5.4
Halifax,5.0
Harrogate and Knaresborough,1.7999999999999998
Huddersfield,5.7
Keighley and Ilkley,3.9
Kingston upon Hull East,5.4
Kingston upon Hull North and Cottingham,5.0
Kingston upon Hull West and Haltemprice,4.5
Leeds Central and Headingley,3.0
Leeds East,5.800000000000001
Leeds North East,3.9
Leeds North West,1.9
Leeds South,7.000000000000001
Leeds South West and Morley,3.0
Leeds West and Pudsey,4.7
Normanton and Hemsworth,3.0
Ossett and Denby Dale,2.6
Penistone and Stocksbridge,2.1999999999999997
"Pontefract, Castleford and Knottingley",3.4000000000000004
Rawmarsh and Conisbrough,3.9
Richmond and Northallerton,1.7999999999999998
Rother Valley,3.0
Rotherham,5.7
Scarborough and Whitby,3.5000000000000004
Scunthorpe,4.3
Selby,2.1
Sheffield Brightside and Hillsborough,6.5
Sheffield Central,2.8000000000000003
Sheffield Hallam,1.4000000000000001
Sheffield Heeley,5.1
Sheffield South East,4.6
Shipley,3.1
Skipton and Ripon,1.6
Spen Valley,3.3000000000000003
Thirsk and Malton,1.9
Wakefield and Rothwell,4.0
Wetherby and Easingwold,1.2
York Central,2.0
York Outer,1.2
Basildon and Billericay,3.5999999999999996
Bedford,4.9
Braintree,2.3
Brentwood and Ongar,2.3
Broadland and Fakenham,1.9
Broxbourne,3.0
Bury St Edmunds and Stowmarket,2.1
Cambridge,1.9
Castle Point,2.3
Central Suffolk and North Ipswich,1.7999999999999998
Chelmsford,2.6
Clacton,4.5
Colchester,3.2
Dunstable and Leighton Buzzard,2.4
Ely and East Cambridgeshire,2.0
Epping Forest,2.7
Great Yarmouth,5.2
Harlow,3.5999999999999996
Harpenden and Berkhamsted,1.5
Harwich and North Essex,2.7
Hemel Hempstead,3.1
Hertford and Stortford,1.7999999999999998
Hertsmere,2.7
Hitchin,1.7999999999999998
Huntingdon,2.1
Ipswich,4.9
Lowestoft,4.3
Luton North,4.3
Luton South and South Bedfordshire,5.6000000000000005
Maldon,2.0
Mid Bedfordshire,1.6
Mid Norfolk,1.9
North Bedfordshire,2.1
North East Cambridgeshire,3.9
North East Hertfordshire,2.1
North Norfolk,2.7
North West Cambridgeshire,3.1
North West Essex,1.7999999999999998
North West Norfolk,3.0
Norwich North,3.0
Norwich South,3.0
Peterborough,6.1
Rayleigh and Wickford,1.7999999999999998
South Basildon and East Thurrock,3.2
South Cambridgeshire,1.6
South Norfolk,1.7999999999999998
South Suffolk,2.1
South West Hertfordshire,2.1
South West Norfolk,2.4
Southend East and Rochford,5.0
Southend West and Leigh,3.2
St Albans,2.1999999999999997
St Neots and Mid Cambridgeshire,1.9
Stevenage,2.8000000000000003
Suffolk Coastal,1.9
Thurrock,4.2
Watford,3.2
Waveney Valley,2.1999999999999997
Welwyn Hatfield,2.5
West Suffolk,2.1
Witham,2.4
Amber Valley,3.0
Ashfield,3.8
Bassetlaw,3.1
Bolsover,2.9000000000000004
Boston and Skegness,4.8
Broxtowe,2.7
Chesterfield,3.5000000000000004
Corby and East Northamptonshire,3.4000000000000004
Daventry,2.1999999999999997
Derby North,3.8
Derby South,6.5
Derbyshire Dales,1.7999999999999998
Erewash,3.3000000000000003
Gainsborough,3.1
Gedling,3.1
Grantham and Bourne,3.1
"Harborough, Oadby and Wigston",2.0
High Peak,2.6
Hinckley and Bosworth,2.5
Kettering,3.4000000000000004
Leicester East,4.1000000000000005
Leicester South,4.7
Leicester West,5.3
Lincoln,4.0
Loughborough,2.3
Louth and Horncastle,2.6
Mansfield,3.9
Melton and Syston,2.5
Mid Derbyshire,1.7000000000000002
Mid Leicestershire,2.0
Newark,2.6
North East Derbyshire,2.7
North West Leicestershire,2.1
Northampton North,4.8
Northampton South,2.8000000000000003
Nottingham East,6.1
Nottingham North and Kimberley,6.0
Nottingham South,3.9
Rushcliffe,1.7999999999999998
Rutland and Stamford,1.7999999999999998
Sherwood Forest,2.8000000000000003
Sleaford and North Hykeham,2.1
South Derbyshire,2.1
South Holland and The Deepings,2.6
South Leicestershire,1.7000000000000002
South Northamptonshire,1.6
Wellingborough and Rushden,3.4000000000000004
Barking,6.0
Battersea,2.9000000000000004
Beckenham and Penge,3.0
Bermondsey and Old Southwark,4.2
Bethnal Green and Stepney,5.5
Bexleyheath and Crayford,2.9000000000000004
Brent East,7.199999999999999
Brent West,4.2
Brentford and Isleworth,4.8
Bromley and Biggin Hill,2.6
Carshalton and Wallington,3.2
Chelsea and Fulham,3.3000000000000003
Chingford and Woodford Green,4.0
Chipping Barnet,3.4000000000000004
Cities of London and Westminster,3.0
Clapham and Brixton Hill,4.5
Croydon East,5.1
Croydon South,3.3000000000000003
Croydon West,6.7
Dagenham and Rainham,5.3
Dulwich and West Norwood,5.3
Ealing Central and Acton,4.9
Ealing North,5.4
Ealing Southall,5.1
East Ham,6.2
Edmonton and Winchmore Hill,6.7
Eltham and Chislehurst,3.8
Enfield North,5.6000000000000005
Erith and Thamesmead,5.4
Feltham and Heston,5.1
Finchley and Golders Green,4.5
Greenwich and Woolwich,4.2
Hackney North and Stoke Newington,6.1
Hackney South and Shoreditch,5.6000000000000005
Hammersmith and Chiswick,4.5
Hampstead and Highgate,3.5000000000000004
Harrow East,3.5999999999999996
Harrow West,3.9
Hayes and Harlington,4.7
Hendon,4.6
Holborn and St Pancras,4.6
Hornchurch and Upminster,3.5000000000000004
Hornsey and Friern Barnet,4.3999999999999995
Ilford North,4.1000000000000005
Ilford South,5.800000000000001
Islington North,5.2
Islington South and Finsbury,4.8
Kensington and Bayswater,3.3000000000000003
Kingston and Surbiton,2.7
Lewisham East,6.2
Lewisham North,5.3
Lewisham West and East Dulwich,4.9
Leyton and Wanstead,5.3
Mitcham and Morden,4.9
Old Bexley and Sidcup,2.0
Orpington,2.9000000000000004
Peckham,5.800000000000001
Poplar and Limehouse,4.1000000000000005
Putney,3.2
Queen's Park and Maida Vale,6.2
Richmond Park,2.3
Romford,3.9
"Ruislip, Northwood and Pinner",2.3
Southgate and Wood Green,5.7
Stratford and Bow,5.2
Streatham and Croydon North,5.6000000000000005
Sutton and Cheam,2.4
Tooting,3.2
Tottenham,7.8
Twickenham,2.4
Uxbridge and South Ruislip,3.2
Vauxhall and Camberwell Green,5.2
Walthamstow,5.800000000000001
West Ham and Beckton,5.8999999999999995
Wimbledon,2.4
Bishop Auckland,3.5999999999999996
Blaydon and Consett,3.4000000000000004
Blyth and Ashington,4.8
City of Durham,2.1999999999999997
Cramlington and Killingworth,3.0
Darlington,4.5
Easington,4.5
Gateshead Central and Whickham,4.9
Hartlepool,5.2
Hexham,2.3
Houghton and Sunderland South,4.2
Jarrow and Gateshead East,5.1
Middlesbrough South and East Cleveland,3.5999999999999996
Middlesbrough and Thornaby East,6.7
Newcastle upon Tyne Central and West,5.7
Newcastle upon Tyne East and Wallsend,4.9
Newcastle upon Tyne North,2.1999999999999997
Newton Aycliffe and Spennymoor,3.3000000000000003
North Durham,3.4000000000000004
North Northumberland,2.8000000000000003
Redcar,4.8
South Shields,6.1
Stockton North,5.3
Stockton West,1.9
Sunderland Central,4.9
Tynemouth,3.5000000000000004
Washington and Gateshead South,4.3
Altrincham and Sale West,2.1
Ashton-under-Lyne,5.3
Barrow and Furness,2.9000000000000004
Birkenhead,5.0
Blackburn,5.800000000000001
Blackley and Middleton South,6.3
Blackpool North and Fleetwood,4.2
Blackpool South,7.9
Bolton North East,6.0
Bolton South and Walkden,6.5
Bolton West,3.5000000000000004
Bootle,5.6000000000000005
Burnley,5.3
Bury North,4.3
Bury South,4.2
Carlisle,2.7
Cheadle,1.9
Chester North and Neston,2.8000000000000003
Chester South and Eddisbury,1.6
Chorley,2.9000000000000004
Congleton,1.9
Crewe and Nantwich,3.2
Ellesmere Port and Bromborough,3.1
Fylde,2.8000000000000003
Gorton and Denton,7.000000000000001
Hazel Grove,3.0
Heywood and Middleton North,5.5
Hyndburn,5.5
Knowsley,5.2
Lancaster and Wyre,2.1999999999999997
Leigh and Atherton,4.5
Liverpool Garston,4.0
Liverpool Riverside,5.7
Liverpool Walton,5.8999999999999995
Liverpool Wavertree,5.8999999999999995
Liverpool West Derby,5.800000000000001
Macclesfield,2.1999999999999997
Makerfield,3.1
Manchester Central,4.5
Manchester Rusholme,6.0
Manchester Withington,3.5000000000000004
Mid Cheshire,2.7
Morecambe and Lunesdale,3.2
Oldham East and Saddleworth,6.3
"Oldham West, Chadderton and Royton",6.9
Pendle and Clitheroe,4.2
Penrith and Solway,2.0
Preston,4.9
Ribble Valley,1.7000000000000002
Rochdale,6.800000000000001
Rossendale and Darwen,3.6999999999999997
Runcorn and Helsby,3.8
Salford,4.7
Sefton Central,2.1
South Ribble,2.1999999999999997
Southport,3.0
St Helens North,3.6999999999999997
St Helens South and Whiston,4.3
Stalybridge and Hyde,4.2
Stockport,4.5
Stretford and Urmston,4.2
Tatton,1.9
Wallasey,4.3999999999999995
Warrington North,3.0
Warrington South,2.1999999999999997
West Lancashire,3.1
Westmorland and Lonsdale,1.6
Whitehaven and Workington,3.1
Widnes and Halewood,3.9
Wigan,4.0
Wirral West,1.7000000000000002
Worsley and Eccles,4.3
Wythenshawe and Sale East,5.0
Belfast East,3.1
Belfast North,4.8
Belfast South and Mid Down,2.3
Belfast West,4.8
East Antrim,2.7
East Londonderry,3.4000000000000004
Fermanagh and South Tyrone,2.6
Foyle,5.6000000000000005
Lagan Valley,1.9
Mid Ulster,2.0
Newry and Armagh,3.2
North Antrim,3.1
North Down,2.3
South Antrim,2.1999999999999997
South Down,2.6
Strangford,2.9000000000000004
Upper Bann,2.8000000000000003
West Tyrone,2.8000000000000003
Aberdeen North,3.8
Aberdeen South,2.9000000000000004
Aberdeenshire North and Moray East,2.9000000000000004
Airdrie and Shotts,3.5999999999999996
Alloa and Grangemouth,3.4000000000000004
Angus and Perthshire Glens,2.7
Arbroath and Broughty Ferry,3.2
"Argyll, Bute and South Lochaber",2.8000000000000003
"Ayr, Carrick and Cumnock",4.5
Bathgate and Linlithgow,3.0
"Berwickshire, Roxburgh and Selkirk",3.2
"Caithness, Sutherland and Easter Ross",2.7
Central Ayrshire,3.6999999999999997
Coatbridge and Bellshill,3.5000000000000004
Cowdenbeath and Kirkcaldy,4.6
Cumbernauld and Kirkintilloch,3.1
Dumfries and Galloway,3.2
"Dumfriesshire, Clydesdale and Tweeddale",2.7
Dundee Central,4.7
Dunfermline and Dollar,3.0
East Kilbride and Strathaven,2.1999999999999997
East Renfrewshire,1.7999999999999998
Edinburgh East and Musselburgh,2.9000000000000004
Edinburgh North and Leith,3.2
Edinburgh South,1.7000000000000002
Edinburgh South West,2.5
Edinburgh West,1.7999999999999998
Falkirk,3.3000000000000003
Glasgow East,5.3
Glasgow North,4.5
Glasgow North East,6.0
Glasgow South,4.3
Glasgow South West,5.6000000000000005
Glasgow West,4.3
Glenrothes and Mid Fife,4.6
Gordon and Buchan,1.7999999999999998
Hamilton and Clyde Valley,4.0
Inverclyde and Renfrewshire West,3.4000000000000004
"Inverness, Skye and West Ross-shire",2.6
Kilmarnock and Loudoun,4.3999999999999995
Livingston,2.6
Lothian East,2.1999999999999997
Mid Dunbartonshire,1.7000000000000002
Midlothian,2.3
"Moray West, Nairn and Strathspey",2.4
"Motherwell, Wishaw and Carluke",3.5000000000000004
Na h-Eileanan an Iar,2.1
North Ayrshire and Arran,4.7
North East Fife,2.3
Orkney and Shetland,1.9
Paisley and Renfrewshire North,3.5000000000000004
Paisley and Renfrewshire South,3.5000000000000004
Perth and Kinross-shire,2.7
Rutherglen,3.4000000000000004
Stirling and Strathallan,2.4
West Aberdeenshire and Kincardine,1.4000000000000001
West Dunbartonshire,4.7
Aldershot,2.5
Arundel and South Downs,2.1
Ashford,3.0
Aylesbury,3.1
Banbury,2.3
Basingstoke,2.9000000000000004
Beaconsfield,2.1
Bexhill and Battle,3.2
Bicester and Woodstock,1.7000000000000002
Bognor Regis and Littlehampton,3.5000000000000004
Bracknell,2.1
Brighton Kemptown and Peacehaven,4.3999999999999995
Brighton Pavilion,3.5000000000000004
Buckingham and Bletchley,3.1
Canterbury,3.1
Chatham and Aylesford,3.5999999999999996
Chesham and Amersham,2.0
Chichester,3.0
Crawley,3.6999999999999997
Dartford,2.9000000000000004
Didcot and Wantage,2.1
Dorking and Horley,1.7000000000000002
Dover and Deal,4.0
Earley and Woodley,2.1999999999999997
East Grinstead and Uckfield,1.7999999999999998
East Hampshire,2.0
East Surrey,2.1
East Thanet,6.3
East Worthing and Shoreham,2.7
Eastbourne,4.5
Eastleigh,1.9
Epsom and Ewell,1.7999999999999998
Esher and Walton,2.1
Fareham and Waterlooville,2.4
Farnham and Bordon,1.7000000000000002
Faversham and Mid Kent,2.6
Folkestone and Hythe,4.3
Gillingham and Rainham,3.5999999999999996
Godalming and Ash,1.7000000000000002
Gosport,3.2
Gravesham,4.2
Guildford,1.9
Hamble Valley,1.6
Hastings and Rye,5.5
Havant,3.6999999999999997
Henley and Thame,1.7000000000000002
Herne Bay and Sandwich,3.4000000000000004
Horsham,1.7999999999999998
Hove and Portslade,3.5999999999999996
Isle of Wight East,4.5
Isle of Wight West,3.2
Lewes,2.9000000000000004
Maidenhead,2.0
Maidstone and Malling,2.7
Mid Buckinghamshire,1.5
Mid Sussex,1.5
Milton Keynes Central,3.5000000000000004
Milton Keynes North,3.2
New Forest East,2.0
New Forest West,2.1
Newbury,2.1999999999999997
North East Hampshire,1.4000000000000001
North West Hampshire,2.0
Oxford East,2.6
Oxford West and Abingdon,1.7000000000000002
Portsmouth North,3.5999999999999996
Portsmouth South,5.0
Reading Central,3.4000000000000004
Reading West and Mid Berkshire,2.5
Reigate,1.7000000000000002
Rochester and Strood,3.4000000000000004
Romsey and Southampton North,1.7999999999999998
Runnymede and Weybridge,2.1999999999999997
Sevenoaks,2.0
Sittingbourne and Sheppey,3.9
Slough,4.3999999999999995
Southampton Itchen,3.9
Southampton Test,4.3999999999999995
Spelthorne,3.0
Surrey Heath,1.7999999999999998
Sussex Weald,2.0
Tonbridge,2.0
Tunbridge Wells,2.3
Weald of Kent,2.1999999999999997
Winchester,2.0
Windsor,2.3
Witney,1.7000000000000002
Woking,2.1999999999999997
Wokingham,1.5
Worthing West,2.8000000000000003
Wycombe,3.6999999999999997
Bath,1.7999999999999998
Bournemouth East,4.0
Bournemouth West,3.5999999999999996
Bridgwater,2.9000000000000004
Bristol Central,2.3
Bristol East,4.0
Bristol North East,3.2
Bristol North West,2.7
Bristol South,3.4000000000000004
Camborne and Redruth,3.1
Central Devon,1.9
Cheltenham,2.4
Chippenham,1.7999999999999998
Christchurch,2.0
East Wiltshire,1.7000000000000002
Exeter,2.0
Exmouth and Exeter East,1.7000000000000002
Filton and Bradley Stoke,1.5
Forest of Dean,2.3
Frome and East Somerset,2.1
Glastonbury and Somerton,2.3
Gloucester,3.3000000000000003
Honiton and Sidmouth,1.9
Melksham and Devizes,2.3
Mid Dorset and North Poole,2.0
Newton Abbot,2.1
North Cornwall,2.8000000000000003
North Cotswolds,1.7000000000000002
North Devon,2.7
North Dorset,1.9
North East Somerset and Hanham,1.5
North Somerset,1.5
Plymouth Moor View,2.9000000000000004
Plymouth Sutton and Devonport,4.1000000000000005
Poole,2.9000000000000004
Salisbury,2.3
South Cotswolds,1.7000000000000002
South Devon,2.1999999999999997
South Dorset,3.3000000000000003
South East Cornwall,2.5
South West Devon,1.4000000000000001
South West Wiltshire,2.1999999999999997
St Austell and Newquay,3.3000000000000003
St Ives,2.9000000000000004
Stroud,1.5
Swindon North,2.5
Swindon South,3.3000000000000003
Taunton and Wellington,2.1
Tewkesbury,1.9
Thornbury and Yate,1.6
Tiverton and Minehead,2.1
Torbay,3.5000000000000004
Torridge and Tavistock,2.1
Truro and Falmouth,2.1999999999999997
Wells and Mendip Hills,2.1
West Dorset,2.1999999999999997
Weston-super-Mare,3.3000000000000003
Yeovil,2.4
Aberafan Maesteg,3.8
Alyn and Deeside,3.0
Bangor Aberconwy,3.1
Blaenau Gwent and Rhymney,4.5
"Brecon, Radnor and Cwm Tawe",2.6
Bridgend,2.5
Caerfyrddin,2.7
Caerphilly,3.2
Cardiff East,4.3
Cardiff North,2.0
Cardiff South and Penarth,3.4000000000000004
Cardiff West,3.8
Ceredigion Preseli,2.7
Clwyd East,2.8000000000000003
Clwyd North,4.7
Dwyfor Meirionnydd,2.7
Gower,2.1999999999999997
Llanelli,2.9000000000000004
Merthyr Tydfil and Aberdare,3.5999999999999996
Mid and South Pembrokeshire,3.5000000000000004
Monmouthshire,2.3
Montgomeryshire and Glyndwr,2.6
Neath and Swansea East,2.9000000000000004
Newport East,5.0
Newport West and Islwyn,3.1
Pontypridd,2.9000000000000004
Rhondda and Ogmore,3.6999999999999997
Swansea West,4.6
Torfaen,3.5999999999999996
Vale of Glamorgan,3.4000000000000004
Wrexham,3.1
Ynys Mon,3.6999999999999997
Aldridge-Brownhills,2.9000000000000004
Birmingham Edgbaston,8.0
Birmingham Erdington,8.7
Birmingham Hall Green and Moseley,8.4
Birmingham Hodge Hill and Solihull North,7.9
Birmingham Ladywood,10.0
Birmingham Northfield,7.3
Birmingham Perry Barr,11.700000000000001
Birmingham Selly Oak,5.4
Birmingham Yardley,8.0
Bromsgrove,2.5
Burton and Uttoxeter,3.3000000000000003
Cannock Chase,3.4000000000000004
Coventry East,7.1
Coventry North West,4.7
Coventry South,4.3999999999999995
Droitwich and Evesham,2.8000000000000003
Dudley,5.7
Halesowen,4.3
Hereford and South Herefordshire,2.7
Kenilworth and Southam,1.6
Kingswinford and South Staffordshire,2.7
Lichfield,2.4
Meriden and Solihull East,3.8
Newcastle-under-Lyme,3.1
North Herefordshire,2.1999999999999997
North Shropshire,2.5
North Warwickshire and Bedworth,3.1
Nuneaton,3.6999999999999997
Redditch,3.5999999999999996
Rugby,2.7
Shrewsbury,2.6
Smethwick,6.4
Solihull West and Shirley,2.3
South Shropshire,2.3
Stafford,2.8000000000000003
Staffordshire Moorlands,2.1999999999999997
Stoke-on-Trent Central,5.8999999999999995
Stoke-on-Trent North,5.1
Stoke-on-Trent South,3.4000000000000004
"Stone, Great Wyrley and Penkridge",2.4
Stourbridge,4.8
Stratford-on-Avon,2.0
Sutton Coldfield,2.3
Tamworth,3.2
Telford,3.8
The Wrekin,2.4
Tipton and Wednesbury,6.2
Walsall and Bloxwich,7.000000000000001
Warwick and Leamington,2.4
West Bromwich,5.7
West Worcestershire,2.5
Wolverhampton North East,6.6000000000000005
Wolverhampton South East,7.5
Wolverhampton West,7.1
Worcester,3.5999999999999996
Wyre Forest,3.2
Barnsley North,3.5000000000000004
Barnsley South,4.2
Beverley and Holderness,2.1999999999999997
Bradford East,8.1
Bradford South,6.6000000000000005
Bradford West,8.9
Bridlington and The Wolds,3.3000000000000003
Brigg and Immingham,2.1999999999999997
Calder Valley,2.9000000000000004
Colne Valley,2.7
Dewsbury and Batley,5.3
Doncaster Central,5.800000000000001
Doncaster East and the Isle of Axholme,2.9000000000000004
Doncaster North,4.3
Goole and Pocklington,2.1
Great Grimsby and Cleethorpes,5.6000000000000005
Halifax,5.2
Harrogate and Knaresborough,1.7999999999999998
Huddersfield,5.8999999999999995
Keighley and Ilkley,4.0
Kingston upon Hull East,5.5
Kingston upon Hull North and Cottingham,5.1
Kingston upon Hull West and Haltemprice,4.6
Leeds Central and Headingley,3.1
Leeds East,6.0
Leeds North East,4.1000000000000005
Leeds North West,1.9
Leeds South,7.3
Leeds South West and Morley,3.1
Leeds West and Pudsey,4.9
Normanton and Hemsworth,3.0
Ossett and Denby Dale,2.6
Penistone and Stocksbridge,2.3
"Pontefract, Castleford and Knottingley",3.4000000000000004
Rawmarsh and Conisbrough,3.8
Richmond and Northallerton,1.7999999999999998
Rother Valley,2.9000000000000004
Rotherham,5.8999999999999995
Scarborough and Whitby,3.5000000000000004
Scunthorpe,4.3
Selby,2.1999999999999997
Sheffield Brightside and Hillsborough,6.7
Sheffield Central,2.9000000000000004
Sheffield Hallam,1.4000000000000001
Sheffield Heeley,5.3
Sheffield South East,4.8
Shipley,3.1
Skipton and Ripon,1.6
Spen Valley,3.5000000000000004
Thirsk and Malton,1.9
Wakefield and Rothwell,4.2
Wetherby and Easingwold,1.2
York Central,2.0
York Outer,1.0999999999999999
Basildon and Billericay,3.8
Bedford,5.1
Braintree,2.5
Brentwood and Ongar,2.4
Broadland and Fakenham,1.9
Broxbourne,3.1
Bury St Edmunds and Stowmarket,2.1
Cambridge,1.9
Castle Point,2.3
Central Suffolk and North Ipswich,1.9
Chelmsford,2.6
Clacton,4.5
Colchester,3.3000000000000003
Dunstable and Leighton Buzzard,2.5
Ely and East Cambridgeshire,2.0
Epping Forest,2.7
Great Yarmouth,5.2
Harlow,3.8
Harpenden and Berkhamsted,1.6
Harwich and North Essex,2.7
Hemel Hempstead,3.3000000000000003
Hertford and Stortford,1.9
Hertsmere,2.8000000000000003
Hitchin,1.7999999999999998
Huntingdon,2.0
Ipswich,5.0
Lowestoft,4.1000000000000005
Luton North,4.3999999999999995
Luton South and South Bedfordshire,5.8999999999999995
Maldon,2.1
Mid Bedfordshire,1.7000000000000002
Mid Norfolk,1.9
North Bedfordshire,2.1999999999999997
North East Cambridgeshire,3.9
North East Hertfordshire,2.1
North Norfolk,2.7
North West Cambridgeshire,3.2
North West Essex,1.7999999999999998
North West Norfolk,3.0
Norwich North,3.0
Norwich South,3.1
Peterborough,6.5
Rayleigh and Wickford,1.9
South Basildon and East Thurrock,3.4000000000000004
South Cambridgeshire,1.6
South Norfolk,1.7999999999999998
South Suffolk,2.1999999999999997
South West Hertfordshire,2.1
South West Norfolk,2.4
Southend East and Rochford,5.1
Southend West and Leigh,3.3000000000000003
St Albans,2.1999999999999997
St Neots and Mid Cambridgeshire,1.9
Stevenage,3.0
Suffolk Coastal,1.9
Thurrock,4.3999999999999995
Watford,3.4000000000000004
Waveney Valley,2.1999999999999997
Welwyn Hatfield,2.5
West Suffolk,2.1
Witham,2.4
Amber Valley,3.2
Ashfield,3.9
Bassetlaw,3.3000000000000003
Bolsover,3.0
Boston and Skegness,4.3999999999999995
Broxtowe,2.7
Chesterfield,3.5000000000000004
Corby and East Northamptonshire,3.5000000000000004
Daventry,2.1999999999999997
Derby North,4.0
Derby South,6.6000000000000005
Derbyshire Dales,1.7999999999999998
Erewash,3.4000000000000004
Gainsborough,3.0
Gedling,3.1
Grantham and Bourne,3.1
"Harborough, Oadby and Wigston",2.1
High Peak,2.6
Hinckley and Bosworth,2.5
Kettering,3.4000000000000004
Leicester East,4.3999999999999995
Leicester South,4.9
Leicester West,5.4
Lincoln,4.0
Loughborough,2.3
Louth and Horncastle,2.5
Mansfield,4.0
Melton and Syston,2.5
Mid Derbyshire,1.7000000000000002
Mid Leicestershire,2.0
Newark,2.6
North East Derbyshire,2.6
North West Leicestershire,2.0
Northampton North,4.9
Northampton South,2.9000000000000004
Nottingham East,6.3
Nottingham North and Kimberley,6.1
Nottingham South,3.9
Rushcliffe,1.7999999999999998
Rutland and Stamford,1.7000000000000002
Sherwood Forest,2.9000000000000004
Sleaford and North Hykeham,2.0
South Derbyshire,2.1
South Holland and The Deepings,2.7
South Leicestershire,1.7000000000000002
South Northamptonshire,1.6
Wellingborough and Rushden,3.5000000000000004
Barking,6.3
Battersea,3.0
Beckenham and Penge,3.1
Bermondsey and Old Southwark,4.3
Bethnal Green and Stepney,5.7
Bexleyheath and Crayford,3.0
Brent East,7.3999999999999995
Brent West,4.3
Brentford and Isleworth,5.0
Bromley and Biggin Hill,2.6
Carshalton and Wallington,3.4000000000000004
Chelsea and Fulham,3.3000000000000003
Chingford and Woodford Green,4.2
Chipping Barnet,3.4000000000000004
Cities of London and Westminster,3.0
Clapham and Brixton Hill,4.5
Croydon East,5.1
Croydon South,3.5000000000000004
Croydon West,6.9
Dagenham and Rainham,5.5
Dulwich and West Norwood,5.4
Ealing Central and Acton,5.0
Ealing North,5.5
Ealing Southall,5.2
East Ham,6.4
Edmonton and Winchmore Hill,6.9
Eltham and Chislehurst,3.9
Enfield North,5.7
Erith and Thamesmead,5.6000000000000005
Feltham and Heston,5.3
Finchley and Golders Green,4.5
Greenwich and Woolwich,4.3
Hackney North and Stoke Newington,6.2
Hackney South and Shoreditch,5.800000000000001
Hammersmith and Chiswick,4.5
Hampstead and Highgate,3.5999999999999996
Harrow East,3.6999999999999997
Harrow West,3.9
Hayes and Harlington,4.8
Hendon,4.6
Holborn and St Pancras,4.7
Hornchurch and Upminster,3.5000000000000004
Hornsey and Friern Barnet,4.5
Ilford North,4.3
Ilford South,6.2
Islington North,5.3
Islington South and Finsbury,4.8
Kensington and Bayswater,3.2
Kingston and Surbiton,2.8000000000000003
Lewisham East,6.3
Lewisham North,5.5
Lewisham West and East Dulwich,4.9
Leyton and Wanstead,5.6000000000000005
Mitcham and Morden,5.1
Old Bexley and Sidcup,2.1999999999999997
Orpington,2.9000000000000004
Peckham,5.800000000000001
Poplar and Limehouse,4.1000000000000005
Putney,3.3000000000000003
Queen's Park and Maida Vale,6.3
Richmond Park,2.4
Romford,4.0
"Ruislip, Northwood and Pinner",2.4
Southgate and Wood Green,5.800000000000001
Stratford and Bow,5.3
Streatham and Croydon North,5.7
Sutton and Cheam,2.5
Tooting,3.3000000000000003
Tottenham,8.0
Twickenham,2.5
Uxbridge and South Ruislip,3.3000000000000003
Vauxhall and Camberwell Green,5.3
Walthamstow,6.2
West Ham and Beckton,6.1
Wimbledon,2.5
Bishop Auckland,3.5999999999999996
Blaydon and Consett,3.4000000000000004
Blyth and Ashington,4.8
City of Durham,2.1
Cramlington and Killingworth,3.0
Darlington,4.6
Easington,4.5
Gateshead Central and Whickham,5.2
Hartlepool,5.2
Hexham,2.1999999999999997
Houghton and Sunderland South,4.2
Jarrow and Gateshead East,5.2
Middlesbrough South and East Cleveland,3.5999999999999996
Middlesbrough and Thornaby East,6.800000000000001
Newcastle upon Tyne Central and West,5.800000000000001
Newcastle upon Tyne East and Wallsend,4.9
Newcastle upon Tyne North,2.1999999999999997
Newton Aycliffe and Spennymoor,3.5000000000000004
North Durham,3.4000000000000004
North Northumberland,2.7
Redcar,4.8
South Shields,6.1
Stockton North,5.4
Stockton West,1.9
Sunderland Central,4.8
Tynemouth,3.4000000000000004
Washington and Gateshead South,4.2
Altrincham and Sale West,2.1
Ashton-under-Lyne,5.4
Barrow and Furness,2.9000000000000004
Birkenhead,5.0
Blackburn,5.8999999999999995
Blackley and Middleton South,6.6000000000000005
Blackpool North and Fleetwood,4.1000000000000005
Blackpool South,7.7
Bolton North East,6.1
Bolton South and Walkden,6.7
Bolton West,3.5000000000000004
Bootle,5.800000000000001
Burnley,5.5
Bury North,4.5
Bury South,4.3999999999999995
Carlisle,2.7
Cheadle,1.9
Chester North and Neston,2.6
Chester South and Eddisbury,1.6
Chorley,2.8000000000000003
Congleton,1.7999999999999998
Crewe and Nantwich,3.3000000000000003
Ellesmere Port and Bromborough,3.1
Fylde,2.7
Gorton and Denton,7.3
Hazel Grove,3.0
Heywood and Middleton North,5.4
Hyndburn,5.6000000000000005
Knowsley,5.1
Lancaster and Wyre,2.3
Leigh and Atherton,4.5
Liverpool Garston,4.0
Liverpool Riverside,5.7
Liverpool Walton,6.1
Liverpool Wavertree,5.8999999999999995
Liverpool West Derby,5.8999999999999995
Macclesfield,2.1999999999999997
Makerfield,3.2
Manchester Central,4.7
Manchester Rusholme,6.3
Manchester Withington,3.5999999999999996
Mid Cheshire,2.6
Morecambe and Lunesdale,3.2
Oldham East and Saddleworth,6.5
"Oldham West, Chadderton and Royton",7.000000000000001
Pendle and Clitheroe,4.3
Penrith and Solway,2.1
Preston,5.0
Ribble Valley,1.7000000000000002
Rochdale,6.800000000000001
Rossendale and Darwen,3.8
Runcorn and Helsby,3.8
Salford,4.9
Sefton Central,2.1
South Ribble,2.1999999999999997
Southport,3.0
St Helens North,3.6999999999999997
St Helens South and Whiston,4.3999999999999995
Stalybridge and Hyde,4.2
Stockport,4.5
Stretford and Urmston,4.3999999999999995
Tatton,1.7999999999999998
Wallasey,4.3
Warrington North,3.0
Warrington South,2.1999999999999997
West Lancashire,3.2
Westmorland and Lonsdale,1.5
Whitehaven and Workington,3.0
Widnes and Halewood,4.0
Wigan,4.1000000000000005
Wirral West,1.7999999999999998
Worsley and Eccles,4.3
Wythenshawe and Sale East,5.0
Belfast East,3.3000000000000003
Belfast North,5.1
Belfast South and Mid Down,2.3
Belfast West,5.0
East Antrim,2.9000000000000004
East Londonderry,3.4000000000000004
Fermanagh and South Tyrone,2.6
Foyle,5.800000000000001
Lagan Valley,2.1
Mid Ulster,2.1
Newry and Armagh,3.3000000000000003
North Antrim,3.1
North Down,2.5
South Antrim,2.3
South Down,2.7
Strangford,3.0
Upper Bann,3.0
West Tyrone,3.0
Aberdeen North,3.8
Aberdeen South,2.9000000000000004
Aberdeenshire North and Moray East,2.9000000000000004
Airdrie and Shotts,3.6999999999999997
Alloa and Grangemouth,3.5000000000000004
Angus and Perthshire Glens,2.8000000000000003
Arbroath and Broughty Ferry,3.3000000000000003
"Argyll, Bute and South Lochaber",2.8000000000000003
"Ayr, Carrick and Cumnock",4.5
Bathgate and Linlithgow,3.1
"Berwickshire, Roxburgh and Selkirk",3.2
"Caithness, Sutherland and Easter Ross",2.6
Central Ayrshire,3.6999999999999997
Coatbridge and Bellshill,3.6999999999999997
Cowdenbeath and Kirkcaldy,4.8
Cumbernauld and Kirkintilloch,3.1
Dumfries and Galloway,3.4000000000000004
"Dumfriesshire, Clydesdale and Tweeddale",2.7
Dundee Central,4.8
Dunfermline and Dollar,3.0
East Kilbride and Strathaven,2.1999999999999997
East Renfrewshire,1.9
Edinburgh East and Musselburgh,2.9000000000000004
Edinburgh North and Leith,3.3000000000000003
Edinburgh South,1.7000000000000002
Edinburgh South West,2.6
Edinburgh West,1.7999999999999998
Falkirk,3.3000000000000003
Glasgow East,5.6000000000000005
Glasgow North,4.6
Glasgow North East,6.1
Glasgow South,4.5
Glasgow South West,5.5
Glasgow West,4.5
Glenrothes and Mid Fife,4.8
Gordon and Buchan,1.7999999999999998
Hamilton and Clyde Valley,4.1000000000000005
Inverclyde and Renfrewshire West,3.5999999999999996
"Inverness, Skye and West Ross-shire",2.7
Kilmarnock and Loudoun,4.5
Livingston,2.7
Lothian East,2.3
Mid Dunbartonshire,1.7000000000000002
Midlothian,2.1999999999999997
"Moray West, Nairn and Strathspey",2.4
"Motherwell, Wishaw and Carluke",3.6999999999999997
Na h-Eileanan an Iar,2.0
North Ayrshire and Arran,4.8
North East Fife,2.3
Orkney and Shetland,1.7999999999999998
Paisley and Renfrewshire North,3.5000000000000004
Paisley and Renfrewshire South,3.8
Perth and Kinross-shire,2.9000000000000004
Rutherglen,3.5000000000000004
Stirling and Strathallan,2.4
West Aberdeenshire and Kincardine,1.4000000000000001
West Dunbartonshire,4.7
Aldershot,2.5
Arundel and South Downs,2.1
Ashford,3.1
Aylesbury,3.1
Banbury,2.4
Basingstoke,3.0
Beaconsfield,2.0
Bexhill and Battle,3.1
Bicester and Woodstock,1.7000000000000002
Bognor Regis and Littlehampton,3.5000000000000004
Bracknell,2.1
Brighton Kemptown and Peacehaven,4.5
Brighton Pavilion,3.5000000000000004
Buckingham and Bletchley,3.2
Canterbury,3.1
Chatham and Aylesford,3.6999999999999997
Chesham and Amersham,2.0
Chichester,3.0
Crawley,3.8
Dartford,3.0
Didcot and Wantage,2.1
Dorking and Horley,1.7000000000000002
Dover and Deal,4.0
Earley and Woodley,2.1999999999999997
East Grinstead and Uckfield,1.9
East Hampshire,1.9
East Surrey,2.1
East Thanet,6.4
East Worthing and Shoreham,2.6
Eastbourne,4.5
Eastleigh,1.9
Epsom and Ewell,1.7999999999999998
Esher and Walton,2.1
Fareham and Waterlooville,2.3
Farnham and Bordon,1.7999999999999998
Faversham and Mid Kent,2.6
Folkestone and Hythe,4.3
Gillingham and Rainham,3.6999999999999997
Godalming and Ash,1.7000000000000002
Gosport,3.2
Gravesham,4.3999999999999995
Guildford,1.7999999999999998
Hamble Valley,1.5
Hastings and Rye,5.3
Havant,3.8
Henley and Thame,1.7000000000000002
Herne Bay and Sandwich,3.5000000000000004
Horsham,1.7999999999999998
Hove and Portslade,3.5000000000000004
Isle of Wight East,4.3999999999999995
Isle of Wight West,3.0
Lewes,2.8000000000000003
Maidenhead,1.9
Maidstone and Malling,2.9000000000000004
Mid Buckinghamshire,1.4000000000000001
Mid Sussex,1.5
Milton Keynes Central,3.5999999999999996
Milton Keynes North,3.2
New Forest East,2.0
New Forest West,2.0
Newbury,2.1999999999999997
North East Hampshire,1.4000000000000001
North West Hampshire,2.1
Oxford East,2.7
Oxford West and Abingdon,1.7000000000000002
Portsmouth North,3.5999999999999996
Portsmouth South,4.9
Reading Central,3.5999999999999996
Reading West and Mid Berkshire,2.4
Reigate,1.7000000000000002
Rochester and Strood,3.4000000000000004
Romsey and Southampton North,1.7999999999999998
Runnymede and Weybridge,2.1999999999999997
Sevenoaks,2.1
Sittingbourne and Sheppey,3.9
Slough,4.6
Southampton Itchen,3.9
Southampton Test,4.3
Spelthorne,3.1
Surrey Heath,1.9
Sussex Weald,2.0
Tonbridge,2.1
Tunbridge Wells,2.3
Weald of Kent,2.3
Winchester,2.0
Windsor,2.4
Witney,1.7000000000000002
Woking,2.3
Wokingham,1.6
Worthing West,2.7
Wycombe,3.8
Bath,1.7999999999999998
Bournemouth East,4.1000000000000005
Bournemouth West,3.6999999999999997
Bridgwater,2.9000000000000004
Bristol Central,2.3
Bristol East,4.2
Bristol North East,3.2
Bristol North West,2.6
Bristol South,3.5999999999999996
Camborne and Redruth,3.1
Central Devon,1.9
Cheltenham,2.5
Chippenham,1.7999999999999998
Christchurch,2.1
East Wiltshire,1.7999999999999998
Exeter,2.0
Exmouth and Exeter East,1.7000000000000002
Filton and Bradley Stoke,1.5
Forest of Dean,2.4
Frome and East Somerset,2.1999999999999997
Glastonbury and Somerton,2.3
Gloucester,3.4000000000000004
Honiton and Sidmouth,1.7999999999999998
Melksham and Devizes,2.4
Mid Dorset and North Poole,2.0
Newton Abbot,2.1
North Cornwall,2.8000000000000003
North Cotswolds,1.7000000000000002
North Devon,2.7
North Dorset,1.9
North East Somerset and Hanham,1.5
North Somerset,1.5
Plymouth Moor View,2.9000000000000004
Plymouth Sutton and Devonport,4.1000000000000005
Poole,3.0
Salisbury,2.1999999999999997
South Cotswolds,1.7000000000000002
South Devon,2.3
South Dorset,3.3000000000000003
South East Cornwall,2.4
South West Devon,1.4000000000000001
South West Wiltshire,2.1999999999999997
St Austell and Newquay,3.2
St Ives,2.8000000000000003
Stroud,1.7000000000000002
Swindon North,2.6
Swindon South,3.5000000000000004
Taunton and Wellington,2.1
Tewkesbury,2.0
Thornbury and Yate,1.7000000000000002
Tiverton and Minehead,2.0
Torbay,3.5000000000000004
Torridge and Tavistock,2.1
Truro and Falmouth,2.3
Wells and Mendip Hills,2.1999999999999997
West Dorset,2.1999999999999997
Weston-super-Mare,3.3000000000000003
Yeovil,2.4
Aberafan Maesteg,3.9
Alyn and Deeside,3.1
Bangor Aberconwy,3.1
Blaenau Gwent and Rhymney,4.6
"Brecon, Radnor and Cwm Tawe",2.8000000000000003
Bridgend,2.6
Caerfyrddin,2.7
Caerphilly,3.2
Cardiff East,4.3999999999999995
Cardiff North,1.9
Cardiff South and Penarth,3.3000000000000003
Cardiff West,3.9
Ceredigion Preseli,2.7
Clwyd East,2.7
Clwyd North,4.7
Dwyfor Meirionnydd,2.7
Gower,2.1999999999999997
Llanelli,2.9000000000000004
Merthyr Tydfil and Aberdare,3.5999999999999996
Mid and South Pembrokeshire,3.5000000000000004
Monmouthshire,2.4
Montgomeryshire and Glyndwr,2.6
Neath and Swansea East,2.9000000000000004
Newport East,5.2
Newport West and Islwyn,3.1
Pontypridd,2.9000000000000004
Rhondda and Ogmore,3.8
Swansea West,4.6
Torfaen,3.6999999999999997
Vale of Glamorgan,3.4000000000000004
Wrexham,3.0
Ynys Mon,3.6999999999999997
Aldridge-Brownhills,2.9000000000000004
Birmingham Edgbaston,8.0
Birmingham Erdington,8.9
Birmingham Hall Green and Moseley,8.7
Birmingham Hodge Hill and Solihull North,8.200000000000001
Birmingham Ladywood,10.4
Birmingham Northfield,7.3999999999999995
Birmingham Perry Barr,12.1
Birmingham Selly Oak,5.4
Birmingham Yardley,8.200000000000001
Bromsgrove,2.6
Burton and Uttoxeter,3.5999999999999996
Cannock Chase,3.5000000000000004
Coventry East,7.3
Coventry North West,4.9
Coventry South,4.5
Droitwich and Evesham,2.7
Dudley,5.8999999999999995
Halesowen,4.3999999999999995
Hereford and South Herefordshire,2.7
Kenilworth and Southam,1.7000000000000002
Kingswinford and South Staffordshire,2.8000000000000003
Lichfield,2.4
Meriden and Solihull East,3.9
Newcastle-under-Lyme,3.2
North Herefordshire,2.3
North Shropshire,2.5
North Warwickshire and Bedworth,3.1
Nuneaton,3.8
Redditch,3.5999999999999996
Rugby,2.9000000000000004
Shrewsbury,2.6
Smethwick,6.5
Solihull West and Shirley,2.3
South Shropshire,2.3
Stafford,2.8000000000000003
Staffordshire Moorlands,2.1
Stoke-on-Trent Central,6.0
Stoke-on-Trent North,5.2
Stoke-on-Trent South,3.5000000000000004
"Stone, Great Wyrley and Penkridge",2.4
Stourbridge,4.9
Stratford-on-Avon,2.1
Sutton Coldfield,2.3
Tamworth,3.3000000000000003
Telford,4.0
The Wrekin,2.3
Tipton and Wednesbury,6.4
Walsall and Bloxwich,7.199999999999999
Warwick and Leamington,2.4
West Bromwich,5.800000000000001
West Worcestershire,2.6
Wolverhampton North East,6.7
Wolverhampton South East,7.7
Wolverhampton West,7.3
Worcester,3.5999999999999996
Wyre Forest,3.2
Barnsley North,3.5999999999999996
Barnsley South,4.2
Beverley and Holderness,2.1
Bradford East,8.1
Bradford South,6.7
Bradford West,9.2
Bridlington and The Wolds,3.2
Brigg and Immingham,2.1999999999999997
Calder Valley,3.1
Colne Valley,2.7
Dewsbury and Batley,5.6000000000000005
Doncaster Central,6.1
Doncaster East and the Isle of Axholme,3.1
Doncaster North,4.5
Goole and Pocklington,2.1
Great Grimsby and Cleethorpes,5.800000000000001
Halifax,5.4
Harrogate and Knaresborough,1.7000000000000002
Huddersfield,6.0
Keighley and Ilkley,4.0
Kingston upon Hull East,5.6000000000000005
Kingston upon Hull North and Cottingham,5.2
Kingston upon Hull West and Haltemprice,4.6
Leeds Central and Headingley,3.3000000000000003
Leeds East,6.3
Leeds North East,4.2
Leeds North West,2.0
Leeds South,7.5
Leeds South West and Morley,3.1
Leeds West and Pudsey,5.1
Normanton and Hemsworth,3.2
Ossett and Denby Dale,2.6
Penistone and Stocksbridge,2.3
"Pontefract, Castleford and Knottingley",3.4000000000000004
Rawmarsh and Conisbrough,3.9
Richmond and Northallerton,1.7999999999999998
Rother Valley,2.9000000000000004
Rotherham,5.7
Scarborough and Whitby,3.4000000000000004
Scunthorpe,4.3
Selby,2.1
Sheffield Brightside and Hillsborough,6.9
Sheffield Central,2.9000000000000004
Sheffield Hallam,1.4000000000000001
Sheffield Heeley,5.5
Sheffield South East,5.0
Shipley,3.2
Skipton and Ripon,1.7000000000000002
Spen Valley,3.5999999999999996
Thirsk and Malton,1.7999999999999998
Wakefield and Rothwell,4.3
Wetherby and Easingwold,1.2
York Central,2.1
York Outer,1.0999999999999999
Basildon and Billericay,3.6999999999999997
Bedford,5.0
Braintree,2.3
Brentwood and Ongar,2.3
Broadland and Fakenham,1.7999999999999998
Broxbourne,3.1
Bury St Edmunds and Stowmarket,2.1
Cambridge,1.9
Castle Point,2.3
Central Suffolk and North Ipswich,1.9
Chelmsford,2.5
Clacton,4.3
Colchester,3.1
Dunstable and Leighton Buzzard,2.4
Ely and East Cambridgeshire,1.9
Epping Forest,2.6
Great Yarmouth,4.8
Harlow,3.6999999999999997
Harpenden and Berkhamsted,1.5
Harwich and North Essex,2.5
Hemel Hempstead,3.2
Hertford and Stortford,1.7999999999999998
Hertsmere,2.7
Hitchin,1.7999999999999998
Huntingdon,2.0
Ipswich,4.8
Lowestoft,3.9
Luton North,4.3999999999999995
Luton South and South Bedfordshire,5.800000000000001
Maldon,2.1
Mid Bedfordshire,1.6
Mid Norfolk,1.7999999999999998
North Bedfordshire,2.1
North East Cambridgeshire,3.6999999999999997
North East Hertfordshire,2.0
North Norfolk,2.6
North West Cambridgeshire,3.1
North West Essex,1.7000000000000002
North West Norfolk,3.1
Norwich North,2.9000000000000004
Norwich South,3.0
Peterborough,6.1
Rayleigh and Wickford,1.7999999999999998
South Basildon and East Thurrock,3.3000000000000003
South Cambridgeshire,1.6
South Norfolk,1.7999999999999998
South Suffolk,2.1999999999999997
South West Hertfordshire,2.1
South West Norfolk,2.4
Southend East and Rochford,5.1
Southend West and Leigh,3.2
St Albans,2.1
St Neots and Mid Cambridgeshire,1.9
Stevenage,2.9000000000000004
Suffolk Coastal,1.7999999999999998
Thurrock,4.3
Watford,3.4000000000000004
Waveney Valley,2.1
Welwyn Hatfield,2.4
West Suffolk,2.1
Witham,2.3
Amber Valley,2.9000000000000004
Ashfield,3.8
Bassetlaw,3.0
Bolsover,2.9000000000000004
Boston and Skegness,4.0
Broxtowe,2.6
Chesterfield,3.4000000000000004
Corby and East Northamptonshire,3.4000000000000004
Daventry,2.1
Derby North,3.9
Derby South,6.5
Derbyshire Dales,1.7000000000000002
Erewash,3.2
Gainsborough,2.8000000000000003
Gedling,3.0
Grantham and Bourne,3.0
"Harborough, Oadby and Wigston",2.1
High Peak,2.5
Hinckley and Bosworth,2.4
Kettering,3.2
Leicester East,4.3999999999999995
Leicester South,4.8
Leicester West,5.4
Lincoln,3.6999999999999997
Loughborough,2.1999999999999997
Louth and Horncastle,2.3
Mansfield,3.9
Melton and Syston,2.5
Mid Derbyshire,1.6
Mid Leicestershire,1.9
Newark,2.4
North East Derbyshire,2.5
North West Leicestershire,1.9
Northampton North,4.8
Northampton South,2.8000000000000003
Nottingham East,6.1
Nottingham North and Kimberley,6.0
Nottingham South,3.9
Rushcliffe,1.7000000000000002
Rutland and Stamford,1.7000000000000002
Sherwood Forest,2.7
Sleaford and North Hykeham,1.7999999999999998
South Derbyshire,2.1
South Holland and The Deepings,2.6
South Leicestershire,1.7000000000000002
South Northamptonshire,1.6
Wellingborough and Rushden,3.5000000000000004
Barking,6.1
Battersea,3.0
Beckenham and Penge,3.0
Bermondsey and Old Southwark,4.1000000000000005
Bethnal Green and Stepney,5.6000000000000005
Bexleyheath and Crayford,3.0
Brent East,7.3
Brent West,4.2
Brentford and Isleworth,4.8
Bromley and Biggin Hill,2.5
Carshalton and Wallington,3.3000000000000003
Chelsea and Fulham,3.3000000000000003
Chingford and Woodford Green,4.1000000000000005
Chipping Barnet,3.3000000000000003
Cities of London and Westminster,2.9000000000000004
Clapham and Brixton Hill,4.5
Croydon East,5.1
Croydon South,3.4000000000000004
Croydon West,6.7
Dagenham and Rainham,5.3
Dulwich and West Norwood,5.2
Ealing Central and Acton,4.9
Ealing North,5.4
Ealing Southall,5.1
East Ham,6.3
Edmonton and Winchmore Hill,6.6000000000000005
Eltham and Chislehurst,3.9
Enfield North,5.6000000000000005
Erith and Thamesmead,5.5
Feltham and Heston,5.2
Finchley and Golders Green,4.3999999999999995
Greenwich and Woolwich,4.2
Hackney North and Stoke Newington,6.0
Hackney South and Shoreditch,5.7
Hammersmith and Chiswick,4.3999999999999995
Hampstead and Highgate,3.5999999999999996
Harrow East,3.5999999999999996
Harrow West,3.8
Hayes and Harlington,4.7
Hendon,4.5
Holborn and St Pancras,4.6
Hornchurch and Upminster,3.5000000000000004
Hornsey and Friern Barnet,4.3999999999999995
Ilford North,4.2
Ilford South,5.8999999999999995
Islington North,5.2
Islington South and Finsbury,4.8
Kensington and Bayswater,3.2
Kingston and Surbiton,2.8000000000000003
Lewisham East,6.1
Lewisham North,5.4
Lewisham West and East Dulwich,4.9
Leyton and Wanstead,5.4
Mitcham and Morden,4.9
Old Bexley and Sidcup,2.1
Orpington,2.9000000000000004
Peckham,5.7
Poplar and Limehouse,4.1000000000000005
Putney,3.3000000000000003
Queen's Park and Maida Vale,6.2
Richmond Park,2.3
Romford,3.9
"Ruislip, Northwood and Pinner",2.4
Southgate and Wood Green,5.6000000000000005
Stratford and Bow,5.1
Streatham and Croydon North,5.6000000000000005
Sutton and Cheam,2.5
Tooting,3.2
Tottenham,7.8
Twickenham,2.4
Uxbridge and South Ruislip,3.2
Vauxhall and Camberwell Green,5.1
Walthamstow,6.1
West Ham and Beckton,6.0
Wimbledon,2.4
Bishop Auckland,3.5000000000000004
Blaydon and Consett,3.1
Blyth and Ashington,4.6
City of Durham,2.0
Cramlington and Killingworth,2.8000000000000003
Darlington,4.3999999999999995
Easington,4.3
Gateshead Central and Whickham,4.9
Hartlepool,5.0
Hexham,2.1999999999999997
Houghton and Sunderland South,3.9
Jarrow and Gateshead East,4.9
Middlesbrough South and East Cleveland,3.3000000000000003
Middlesbrough and Thornaby East,6.3
Newcastle upon Tyne Central and West,5.4
Newcastle upon Tyne East and Wallsend,4.6
Newcastle upon Tyne North,2.1
Newton Aycliffe and Spennymoor,3.3000000000000003
North Durham,3.1
North Northumberland,2.4
Redcar,4.5
South Shields,5.8999999999999995
Stockton North,5.1
Stockton West,1.7999999999999998
Sunderland Central,4.6
Tynemouth,3.3000000000000003
Washington and Gateshead South,4.0
Altrincham and Sale West,2.0
Ashton-under-Lyne,5.1
Barrow and Furness,2.7
Birkenhead,4.8
Blackburn,5.7
Blackley and Middleton South,6.4
Blackpool North and Fleetwood,3.8
Blackpool South,7.000000000000001
Bolton North East,5.8999999999999995
Bolton South and Walkden,6.5
Bolton West,3.5000000000000004
Bootle,5.6000000000000005
Burnley,5.2
Bury North,4.3
Bury South,4.2
Carlisle,2.6
Cheadle,1.7999999999999998
Chester North and Neston,2.5
Chester South and Eddisbury,1.6
Chorley,2.7
Congleton,1.7000000000000002
Crewe and Nantwich,3.1
Ellesmere Port and Bromborough,3.0
Fylde,2.5
Gorton and Denton,7.000000000000001
Hazel Grove,2.9000000000000004
Heywood and Middleton North,5.3
Hyndburn,5.2
Knowsley,4.8
Lancaster and Wyre,2.1999999999999997
Leigh and Atherton,4.3
Liverpool Garston,3.9
Liverpool Riverside,5.6000000000000005
Liverpool Walton,5.800000000000001
Liverpool Wavertree,5.800000000000001
Liverpool West Derby,5.7
Macclesfield,2.0
Makerfield,3.1
Manchester Central,4.6
Manchester Rusholme,6.2
Manchester Withington,3.5000000000000004
Mid Cheshire,2.5
Morecambe and Lunesdale,3.0
Oldham East and Saddleworth,6.2
"Oldham West, Chadderton and Royton",6.7
Pendle and Clitheroe,4.1000000000000005
Penrith and Solway,1.9
Preston,4.8
Ribble Valley,1.7000000000000002
Rochdale,6.5
Rossendale and Darwen,3.5999999999999996
Runcorn and Helsby,3.5999999999999996
Salford,4.8
Sefton Central,2.0
South Ribble,2.1
Southport,2.9000000000000004
St Helens North,3.5999999999999996
St Helens South and Whiston,4.2
Stalybridge and Hyde,4.1000000000000005
Stockport,4.3
Stretford and Urmston,4.2
Tatton,1.7000000000000002
Wallasey,4.2
Warrington North,2.8000000000000003
Warrington South,2.1999999999999997
West Lancashire,3.0
Westmorland and Lonsdale,1.4000000000000001
Whitehaven and Workington,2.8000000000000003
Widnes and Halewood,3.8
Wigan,4.0
Wirral West,1.7000000000000002
Worsley and Eccles,4.2
Wythenshawe and Sale East,4.9
Belfast East,3.1
Belfast North,4.7
Belfast South and Mid Down,2.1999999999999997
Belfast West,4.6
East Antrim,2.6
East Londonderry,3.2
Fermanagh and South Tyrone,2.5
Foyle,5.5
Lagan Valley,2.0
Mid Ulster,1.9
Newry and Armagh,3.2
North Antrim,2.9000000000000004
North Down,2.3
South Antrim,2.1
South Down,2.5
Strangford,3.0
Upper Bann,2.9000000000000004
West Tyrone,2.8000000000000003
Aberdeen North,3.6999999999999997
Aberdeen South,2.8000000000000003
Aberdeenshire North and Moray East,2.8000000000000003
Airdrie and Shotts,3.5000000000000004
Alloa and Grangemouth,3.3000000000000003
Angus and Perthshire Glens,2.7
Arbroath and Broughty Ferry,3.2
"Argyll, Bute and South Lochaber",2.5
"Ayr, Carrick and Cumnock",4.1000000000000005
Bathgate and Linlithgow,2.8000000000000003
"Berwickshire, Roxburgh and Selkirk",3.2
"Caithness, Sutherland and Easter Ross",2.5
Central Ayrshire,3.4000000000000004
Coatbridge and Bellshill,3.5999999999999996
Cowdenbeath and Kirkcaldy,4.6
Cumbernauld and Kirkintilloch,3.0
Dumfries and Galloway,3.2
"Dumfriesshire, Clydesdale and Tweeddale",2.5
Dundee Central,4.6
Dunfermline and Dollar,2.8000000000000003
East Kilbride and Strathaven,2.1999999999999997
East Renfrewshire,1.7999999999999998
Edinburgh East and Musselburgh,2.7
Edinburgh North and Leith,3.2
Edinburgh South,1.6
Edinburgh South West,2.5
Edinburgh West,1.7000000000000002
Falkirk,3.1
Glasgow East,5.4
Glasgow North,4.5
Glasgow North East,5.800000000000001
Glasgow South,4.3
Glasgow South West,5.2
Glasgow West,4.2
Glenrothes and Mid Fife,4.5
Gordon and Buchan,1.7000000000000002
Hamilton and Clyde Valley,3.9
Inverclyde and Renfrewshire West,3.5000000000000004
"Inverness, Skye and West Ross-shire",2.5
Kilmarnock and Loudoun,4.2
Livingston,2.6
Lothian East,2.1999999999999997
Mid Dunbartonshire,1.7000000000000002
Midlothian,2.1999999999999997
"Moray West, Nairn and Strathspey",2.1999999999999997
"Motherwell, Wishaw and Carluke",3.5000000000000004
Na h-Eileanan an Iar,1.9
North Ayrshire and Arran,4.6
North East Fife,2.1999999999999997
Orkney and Shetland,1.7000000000000002
Paisley and Renfrewshire North,3.3000000000000003
Paisley and Renfrewshire South,3.5999999999999996
Perth and Kinross-shire,2.8000000000000003
Rutherglen,3.4000000000000004
Stirling and Strathallan,2.3
West Aberdeenshire and Kincardine,1.4000000000000001
West Dunbartonshire,4.3999999999999995
Aldershot,2.4
Arundel and South Downs,2.0
Ashford,3.0
Aylesbury,3.1
Banbury,2.3
Basingstoke,2.9000000000000004
Beaconsfield,2.0
Bexhill and Battle,3.0
Bicester and Woodstock,1.6
Bognor Regis and Littlehampton,3.4000000000000004
Bracknell,2.0
Brighton Kemptown and Peacehaven,4.3
Brighton Pavilion,3.4000000000000004
Buckingham and Bletchley,3.1
Canterbury,3.1
Chatham and Aylesford,3.5999999999999996
Chesham and Amersham,2.0
Chichester,2.9000000000000004
Crawley,3.6999999999999997
Dartford,2.9000000000000004
Didcot and Wantage,2.0
Dorking and Horley,1.7000000000000002
Dover and Deal,3.9
Earley and Woodley,2.1
East Grinstead and Uckfield,1.7999999999999998
East Hampshire,1.9
East Surrey,2.0
East Thanet,6.1
East Worthing and Shoreham,2.5
Eastbourne,4.3
Eastleigh,1.9
Epsom and Ewell,1.7999999999999998
Esher and Walton,2.0
Fareham and Waterlooville,2.1999999999999997
Farnham and Bordon,1.7000000000000002
Faversham and Mid Kent,2.5
Folkestone and Hythe,4.1000000000000005
Gillingham and Rainham,3.5000000000000004
Godalming and Ash,1.6
Gosport,3.0
Gravesham,4.2
Guildford,1.7999999999999998
Hamble Valley,1.5
Hastings and Rye,5.1
Havant,3.5999999999999996
Henley and Thame,1.6
Herne Bay and Sandwich,3.4000000000000004
Horsham,1.7999999999999998
Hove and Portslade,3.4000000000000004
Isle of Wight East,4.0
Isle of Wight West,2.9000000000000004
Lewes,2.6
Maidenhead,1.9
Maidstone and Malling,2.8000000000000003
Mid Buckinghamshire,1.4000000000000001
Mid Sussex,1.5
Milton Keynes Central,3.4000000000000004
Milton Keynes North,3.1
New Forest East,1.7999999999999998
New Forest West,1.9
Newbury,2.1999999999999997
North East Hampshire,1.3
North West Hampshire,2.0
Oxford East,2.7
Oxford West and Abingdon,1.7000000000000002
Portsmouth North,3.5000000000000004
Portsmouth South,4.8
Reading Central,3.5000000000000004
Reading West and Mid Berkshire,2.4
Reigate,1.6
Rochester and Strood,3.4000000000000004
Romsey and Southampton North,1.7000000000000002
Runnymede and Weybridge,2.1999999999999997
Sevenoaks,2.0
Sittingbourne and Sheppey,3.8
Slough,4.6
Southampton Itchen,3.8
Southampton Test,4.2
Spelthorne,3.0
Surrey Heath,1.7999999999999998
Sussex Weald,2.0
Tonbridge,2.0
Tunbridge Wells,2.3
Weald of Kent,2.1999999999999997
Winchester,2.0
Windsor,2.3
Witney,1.6
Woking,2.1999999999999997
Wokingham,1.5
Worthing West,2.7
Wycombe,3.6999999999999997
Bath,1.7000000000000002
Bournemouth East,3.9
Bournemouth West,3.5999999999999996
Bridgwater,2.7
Bristol Central,2.1999999999999997
Bristol East,4.1000000000000005
Bristol North East,3.2
Bristol North West,2.6
Bristol South,3.4000000000000004
Camborne and Redruth,2.9000000000000004
Central Devon,1.7000000000000002
Cheltenham,2.4
Chippenham,1.7000000000000002
Christchurch,2.1
East Wiltshire,1.7000000000000002
Exeter,2.0
Exmouth and Exeter East,1.6
Filton and Bradley Stoke,1.5
Forest of Dean,2.3
Frome and East Somerset,2.1
Glastonbury and Somerton,2.3
Gloucester,3.3000000000000003
Honiton and Sidmouth,1.7000000000000002
Melksham and Devizes,2.1999999999999997
Mid Dorset and North Poole,2.0
Newton Abbot,1.9
North Cornwall,2.6
North Cotswolds,1.6
North Devon,2.4
North Dorset,1.7999999999999998
North East Somerset and Hanham,1.5
North Somerset,1.5
Plymouth Moor View,2.8000000000000003
Plymouth Sutton and Devonport,4.0
Poole,2.8000000000000003
Salisbury,2.1
South Cotswolds,1.6
South Devon,2.1
South Dorset,3.1
South East Cornwall,2.3
South West Devon,1.4000000000000001
South West Wiltshire,2.1999999999999997
St Austell and Newquay,3.1
St Ives,2.5
Stroud,1.6
Swindon North,2.4
Swindon South,3.3000000000000003
Taunton and Wellington,2.1999999999999997
Tewkesbury,2.0
Thornbury and Yate,1.7000000000000002
Tiverton and Minehead,2.0
Torbay,3.2
Torridge and Tavistock,2.0
Truro and Falmouth,2.1999999999999997
Wells and Mendip Hills,2.0
West Dorset,2.1
Weston-super-Mare,3.1
Yeovil,2.3
Aberafan Maesteg,3.5999999999999996
Alyn and Deeside,2.9000000000000004
Bangor Aberconwy,3.0
Blaenau Gwent and Rhymney,4.3
"Brecon, Radnor and Cwm Tawe",2.7
Bridgend,2.5
Caerfyrddin,2.7
Caerphilly,3.1
Cardiff East,4.3
Cardiff North,2.0
Cardiff South and Penarth,3.3000000000000003
Cardiff West,3.6999999999999997
Ceredigion Preseli,2.4
Clwyd East,2.6
Clwyd North,4.3999999999999995
Dwyfor Meirionnydd,2.5
Gower,2.1999999999999997
Llanelli,2.9000000000000004
Merthyr Tydfil and Aberdare,3.4000000000000004
Mid and South Pembrokeshire,3.2
Monmouthshire,2.1999999999999997
Montgomeryshire and Glyndwr,2.5
Neath and Swansea East,2.8000000000000003
Newport East,5.0
Newport West and Islwyn,3.0
Pontypridd,2.8000000000000003
Rhondda and Ogmore,3.5000000000000004
Swansea West,4.3999999999999995
Torfaen,3.5999999999999996
Vale of Glamorgan,3.3000000000000003
Wrexham,2.9000000000000004
Ynys Mon,3.6999999999999997
Aldridge-Brownhills,2.8000000000000003
Birmingham Edgbaston,7.8
Birmingham Erdington,8.799999999999999
Birmingham Hall Green and Moseley,8.6
Birmingham Hodge Hill and Solihull North,8.0
Birmingham Ladywood,10.2
Birmingham Northfield,7.199999999999999
Birmingham Perry Barr,11.899999999999999
Birmingham Selly Oak,5.2
Birmingham Yardley,8.200000000000001
Bromsgrove,2.4
Burton and Uttoxeter,3.5000000000000004
Cannock Chase,3.3000000000000003
Coventry East,7.199999999999999
Coventry North West,4.7
Coventry South,4.5
Droitwich and Evesham,2.6
Dudley,5.7
Halesowen,4.2
Hereford and South Herefordshire,2.5
Kenilworth and Southam,1.7000000000000002
Kingswinford and South Staffordshire,2.6
Lichfield,2.3
Meriden and Solihull East,3.6999999999999997
Newcastle-under-Lyme,3.0
North Herefordshire,2.3
North Shropshire,2.4
North Warwickshire and Bedworth,3.0
Nuneaton,3.6999999999999997
Redditch,3.5000000000000004
Rugby,2.8000000000000003
Shrewsbury,2.5
Smethwick,6.3
Solihull West and Shirley,2.3
South Shropshire,2.1999999999999997
Stafford,2.7
Staffordshire Moorlands,2.0
Stoke-on-Trent Central,5.800000000000001
Stoke-on-Trent North,5.0
Stoke-on-Trent South,3.3000000000000003
"Stone, Great Wyrley and Penkridge",2.1999999999999997
Stourbridge,4.6
Stratford-on-Avon,1.9
Sutton Coldfield,2.4
Tamworth,3.1
Telford,3.8
The Wrekin,2.3
Tipton and Wednesbury,6.1
Walsall and Bloxwich,7.1
Warwick and Leamington,2.4
West Bromwich,5.6000000000000005
West Worcestershire,2.5
Wolverhampton North East,6.5
Wolverhampton South East,7.5
Wolverhampton West,7.1
Worcester,3.4000000000000004
Wyre Forest,3.0
Barnsley North,3.4000000000000004
Barnsley South,4.1000000000000005
Beverley and Holderness,2.1
Bradford East,7.8
Bradford South,6.4
Bradford West,8.9
Bridlington and The Wolds,3.0
Brigg and Immingham,2.0
Calder Valley,2.9000000000000004
Colne Valley,2.5
Dewsbury and Batley,5.4
Doncaster Central,5.8999999999999995
Doncaster East and the Isle of Axholme,3.0
Doncaster North,4.3
Goole and Pocklington,2.0
Great Grimsby and Cleethorpes,5.4
Halifax,5.3
Harrogate and Knaresborough,1.7000000000000002
Huddersfield,5.7
Keighley and Ilkley,3.9
Kingston upon Hull East,5.4
Kingston upon Hull North and Cottingham,5.0
Kingston upon Hull West and Haltemprice,4.3999999999999995
Leeds Central and Headingley,3.2
Leeds East,5.8999999999999995
Leeds North East,4.1000000000000005
Leeds North West,1.9
Leeds South,7.199999999999999
Leeds South West and Morley,3.0
Leeds West and Pudsey,4.8
Normanton and Hemsworth,3.0
Ossett and Denby Dale,2.5
Penistone and Stocksbridge,2.1
"Pontefract, Castleford and Knottingley",3.3000000000000003
Rawmarsh and Conisbrough,3.6999999999999997
Richmond and Northallerton,1.7000000000000002
Rother Valley,2.8000000000000003
Rotherham,5.6000000000000005
Scarborough and Whitby,3.2
Scunthorpe,4.1000000000000005
Selby,2.1
Sheffield Brightside and Hillsborough,6.800000000000001
Sheffield Central,2.9000000000000004
Sheffield Hallam,1.4000000000000001
Sheffield Heeley,5.3
Sheffield South East,4.8
Shipley,3.1
Skipton and Ripon,1.6
Spen Valley,3.5000000000000004
Thirsk and Malton,1.7000000000000002
Wakefield and Rothwell,4.1000000000000005
Wetherby and Easingwold,1.0999999999999999
York Central,2.0
York Outer,1.0999999999999999
Basildon and Billericay,3.6999999999999997
Bedford,4.9
Braintree,2.4
Brentwood and Ongar,2.3
Broadland and Fakenham,1.9
Broxbourne,3.1
Bury St Edmunds and Stowmarket,2.1
Cambridge,1.7999999999999998
Castle Point,2.4
Central Suffolk and North Ipswich,1.9
Chelmsford,2.5
Clacton,4.2
Colchester,3.2
Dunstable and Leighton Buzzard,2.5
Ely and East Cambridgeshire,1.9
Epping Forest,2.6
Great Yarmouth,4.7
Harlow,3.6999999999999997
Harpenden and Berkhamsted,1.5
Harwich and North Essex,2.6
Hemel Hempstead,3.3000000000000003
Hertford and Stortford,1.7999999999999998
Hertsmere,2.8000000000000003
Hitchin,1.7999999999999998
Huntingdon,2.0
Ipswich,4.8
Lowestoft,3.8
Luton North,4.3999999999999995
Luton South and South Bedfordshire,5.8999999999999995
Maldon,2.1
Mid Bedfordshire,1.6
Mid Norfolk,1.7999999999999998
North Bedfordshire,2.1
North East Cambridgeshire,3.6999999999999997
North East Hertfordshire,2.0
North Norfolk,2.5
North West Cambridgeshire,3.1
North West Essex,1.7999999999999998
North West Norfolk,3.0
Norwich North,2.9000000000000004
Norwich South,3.1
Peterborough,6.2
Rayleigh and Wickford,1.7999999999999998
South Basildon and East Thurrock,3.4000000000000004
South Cambridgeshire,1.6
South Norfolk,1.7999999999999998
South Suffolk,2.1999999999999997
South West Hertfordshire,2.1999999999999997
South West Norfolk,2.4
Southend East and Rochford,5.1
Southend West and Leigh,3.2
St Albans,2.1
St Neots and Mid Cambridgeshire,1.9
Stevenage,3.0
Suffolk Coastal,1.7999999999999998
Thurrock,4.3999999999999995
Watford,3.5000000000000004
Waveney Valley,2.1
Welwyn Hatfield,2.4
West Suffolk,2.1999999999999997
Witham,2.3
Amber Valley,2.9000000000000004
Ashfield,3.8
Bassetlaw,3.0
Bolsover,2.9000000000000004
Boston and Skegness,4.0
Broxtowe,2.5
Chesterfield,3.4000000000000004
Corby and East Northamptonshire,3.4000000000000004
Daventry,2.1999999999999997
Derby North,3.8
Derby South,6.4
Derbyshire Dales,1.7000000000000002
Erewash,3.3000000000000003
Gainsborough,2.9000000000000004
Gedling,3.1
Grantham and Bourne,2.9000000000000004
"Harborough, Oadby and Wigston",2.1
High Peak,2.6
Hinckley and Bosworth,2.4
Kettering,3.3000000000000003
Leicester East,4.5
Leicester South,4.9
Leicester West,5.4
Lincoln,3.6999999999999997
Loughborough,2.3
Louth and Horncastle,2.1999999999999997
Mansfield,3.9
Melton and Syston,2.5
Mid Derbyshire,1.7000000000000002
Mid Leicestershire,2.0
Newark,2.5
North East Derbyshire,2.5
North West Leicestershire,2.0
Northampton North,4.7
Northampton South,2.8000000000000003
Nottingham East,6.1
Nottingham North and Kimberley,5.8999999999999995
Nottingham South,3.9
Rushcliffe,1.7999999999999998
Rutland and Stamford,1.7999999999999998
Sherwood Forest,2.7
Sleaford and North Hykeham,1.7999999999999998
South Derbyshire,2.1
South Holland and The Deepings,2.7
South Leicestershire,1.7000000000000002
South Northamptonshire,1.5
Wellingborough and Rushden,3.5000000000000004
Barking,6.3
Battersea,3.0
Beckenham and Penge,3.1
Bermondsey and Old Southwark,4.1000000000000005
Bethnal Green and Stepney,5.7
Bexleyheath and Crayford,3.1
Brent East,7.5
Brent West,4.3
Brentford and Isleworth,4.9
Bromley and Biggin Hill,2.6
Carshalton and Wallington,3.2
Chelsea and Fulham,3.3000000000000003
Chingford and Woodford Green,4.2
Chipping Barnet,3.4000000000000004
Cities of London and Westminster,2.9000000000000004
Clapham and Brixton Hill,4.6
Croydon East,5.2
Croydon South,3.4000000000000004
Croydon West,6.800000000000001
Dagenham and Rainham,5.4
Dulwich and West Norwood,5.4
Ealing Central and Acton,5.0
Ealing North,5.5
Ealing Southall,5.1
East Ham,6.4
Edmonton and Winchmore Hill,6.7
Eltham and Chislehurst,3.9
Enfield North,5.7
Erith and Thamesmead,5.6000000000000005
Feltham and Heston,5.2
Finchley and Golders Green,4.3999999999999995
Greenwich and Woolwich,4.3
Hackney North and Stoke Newington,6.1
Hackney South and Shoreditch,5.800000000000001
Hammersmith and Chiswick,4.5
Hampstead and Highgate,3.5999999999999996
Harrow East,3.5999999999999996
Harrow West,3.9
Hayes and Harlington,4.8
Hendon,4.6
Holborn and St Pancras,4.6
Hornchurch and Upminster,3.5000000000000004
Hornsey and Friern Barnet,4.3999999999999995
Ilford North,4.3
Ilford South,6.0
Islington North,5.3
Islington South and Finsbury,4.9
Kensington and Bayswater,3.3000000000000003
Kingston and Surbiton,2.8000000000000003
Lewisham East,6.2
Lewisham North,5.4
Lewisham West and East Dulwich,5.0
Leyton and Wanstead,5.5
Mitcham and Morden,5.0
Old Bexley and Sidcup,2.1
Orpington,2.9000000000000004
Peckham,5.800000000000001
Poplar and Limehouse,4.2
Putney,3.4000000000000004
Queen's Park and Maida Vale,6.3
Richmond Park,2.3
Romford,3.9
"Ruislip, Northwood and Pinner",2.3
Southgate and Wood Green,5.7
Stratford and Bow,5.3
Streatham and Croydon North,5.7
Sutton and Cheam,2.5
Tooting,3.2
Tottenham,7.9
Twickenham,2.4
Uxbridge and South Ruislip,3.3000000000000003
Vauxhall and Camberwell Green,5.2
Walthamstow,6.2
West Ham and Beckton,6.2
Wimbledon,2.4
Bishop Auckland,3.5000000000000004
Blaydon and Consett,3.1
Blyth and Ashington,4.6
City of Durham,2.0
Cramlington and Killingworth,2.8000000000000003
Darlington,4.3999999999999995
Easington,4.3
Gateshead Central and Whickham,4.8
Hartlepool,5.0
Hexham,2.1
Houghton and Sunderland South,4.0
Jarrow and Gateshead East,4.8
Middlesbrough South and East Cleveland,3.3000000000000003
Middlesbrough and Thornaby East,6.3
Newcastle upon Tyne Central and West,5.4
Newcastle upon Tyne East and Wallsend,4.6
Newcastle upon Tyne North,2.1
Newton Aycliffe and Spennymoor,3.3000000000000003
North Durham,3.1
North Northumberland,2.4
Redcar,4.3999999999999995
South Shields,5.800000000000001
Stockton North,5.1
Stockton West,1.7999999999999998
Sunderland Central,4.6
Tynemouth,3.3000000000000003
Washington and Gateshead South,4.0
Altrincham and Sale West,2.0
Ashton-under-Lyne,5.3
Barrow and Furness,2.6
Birkenhead,4.8
Blackburn,5.5
Blackley and Middleton South,6.4
Blackpool North and Fleetwood,3.6999999999999997
Blackpool South,7.000000000000001
Bolton North East,6.0
Bolton South and Walkden,6.5
Bolton West,3.5000000000000004
Bootle,5.6000000000000005
Burnley,5.2
Bury North,4.3
Bury South,4.1000000000000005
Carlisle,2.7
Cheadle,1.9
Chester North and Neston,2.5
Chester South and Eddisbury,1.5
Chorley,2.6
Congleton,1.7999999999999998
Crewe and Nantwich,3.1
Ellesmere Port and Bromborough,2.9000000000000004
Fylde,2.5
Gorton and Denton,7.1
Hazel Grove,2.8000000000000003
Heywood and Middleton North,5.3
Hyndburn,5.3
Knowsley,4.8
Lancaster and Wyre,2.1
Leigh and Atherton,4.2
Liverpool Garston,3.9
Liverpool Riverside,5.7
Liverpool Walton,5.800000000000001
Liverpool Wavertree,5.800000000000001
Liverpool West Derby,5.7
Macclesfield,2.1
Makerfield,3.0
Manchester Central,4.6
Manchester Rusholme,6.3
Manchester Withington,3.5000000000000004
Mid Cheshire,2.5
Morecambe and Lunesdale,3.1
Oldham East and Saddleworth,6.2
"Oldham West, Chadderton and Royton",6.6000000000000005
Pendle and Clitheroe,4.1000000000000005
Penrith and Solway,1.9
Preston,4.9
Ribble Valley,1.7000000000000002
Rochdale,6.4
Rossendale and Darwen,3.5000000000000004
Runcorn and Helsby,3.5999999999999996
Salford,4.8
Sefton Central,2.0
South Ribble,2.1
Southport,2.9000000000000004
St Helens North,3.5000000000000004
St Helens South and Whiston,4.2
Stalybridge and Hyde,4.1000000000000005
Stockport,4.3
Stretford and Urmston,4.2
Tatton,1.7000000000000002
Wallasey,4.1000000000000005
Warrington North,2.9000000000000004
Warrington South,2.1999999999999997
West Lancashire,2.9000000000000004
Westmorland and Lonsdale,1.3
Whitehaven and Workington,2.7
Widnes and Halewood,3.6999999999999997
Wigan,4.1000000000000005
Wirral West,1.7000000000000002
Worsley and Eccles,4.2
Wythenshawe and Sale East,4.9
Belfast East,3.0
Belfast North,4.7
Belfast South and Mid Down,2.3
Belfast West,4.7
East Antrim,2.6
East Londonderry,3.2
Fermanagh and South Tyrone,2.5
Foyle,5.5
Lagan Valley,2.0
Mid Ulster,1.9
Newry and Armagh,3.2
North Antrim,3.0
North Down,2.3
South Antrim,2.1
South Down,2.5
Strangford,3.0
Upper Bann,2.8000000000000003
West Tyrone,2.8000000000000003
Aberdeen North,3.6999999999999997
Aberdeen South,2.9000000000000004
Aberdeenshire North and Moray East,2.8000000000000003
Airdrie and Shotts,3.5000000000000004
Alloa and Grangemouth,3.2
Angus and Perthshire Glens,2.8000000000000003
Arbroath and Broughty Ferry,3.1
"Argyll, Bute and South Lochaber",2.5
"Ayr, Carrick and Cumnock",4.1000000000000005
Bathgate and Linlithgow,2.9000000000000004
"Berwickshire, Roxburgh and Selkirk",3.2
"Caithness, Sutherland and Easter Ross",2.3
Central Ayrshire,3.4000000000000004
Coatbridge and Bellshill,3.5999999999999996
Cowdenbeath and Kirkcaldy,4.5
Cumbernauld and Kirkintilloch,3.0
Dumfries and Galloway,3.3000000000000003
"Dumfriesshire, Clydesdale and Tweeddale",2.4
Dundee Central,4.6
Dunfermline and Dollar,2.8000000000000003
East Kilbride and Strathaven,2.1
East Renfrewshire,1.7999999999999998
Edinburgh East and Musselburgh,2.8000000000000003
Edinburgh North and Leith,3.2
Edinburgh South,1.7000000000000002
Edinburgh South West,2.5
Edinburgh West,1.7999999999999998
Falkirk,3.1
Glasgow East,5.4
Glasgow North,4.5
Glasgow North East,5.800000000000001
Glasgow South,4.3
Glasgow South West,5.1
Glasgow West,4.3
Glenrothes and Mid Fife,4.5
Gordon and Buchan,1.7000000000000002
Hamilton and Clyde Valley,3.9
Inverclyde and Renfrewshire West,3.5000000000000004
"Inverness, Skye and West Ross-shire",2.3
Kilmarnock and Loudoun,4.2
Livingston,2.6
Lothian East,2.1
Mid Dunbartonshire,1.7000000000000002
Midlothian,2.1999999999999997
"Moray West, Nairn and Strathspey",2.1999999999999997
"Motherwell, Wishaw and Carluke",3.5000000000000004
Na h-Eileanan an Iar,2.0
North Ayrshire and Arran,4.6
North East Fife,2.1
Orkney and Shetland,1.7000000000000002
Paisley and Renfrewshire North,3.3000000000000003
Paisley and Renfrewshire South,3.5000000000000004
Perth and Kinross-shire,2.8000000000000003
Rutherglen,3.4000000000000004
Stirling and Strathallan,2.3
West Aberdeenshire and Kincardine,1.4000000000000001
West Dunbartonshire,4.3999999999999995
Aldershot,2.4
Arundel and South Downs,2.0
Ashford,3.0
Aylesbury,3.2
Banbury,2.1999999999999997
Basingstoke,3.0
Beaconsfield,2.0
Bexhill and Battle,3.0
Bicester and Woodstock,1.7000000000000002
Bognor Regis and Littlehampton,3.4000000000000004
Bracknell,2.1
Brighton Kemptown and Peacehaven,4.3999999999999995
Brighton Pavilion,3.5000000000000004
Buckingham and Bletchley,3.1
Canterbury,3.1
Chatham and Aylesford,3.6999999999999997
Chesham and Amersham,2.0
Chichester,2.9000000000000004
Crawley,3.8
Dartford,2.9000000000000004
Didcot and Wantage,2.0
Dorking and Horley,1.7999999999999998
Dover and Deal,3.9
Earley and Woodley,2.1
East Grinstead and Uckfield,1.9
East Hampshire,1.9
East Surrey,2.1
East Thanet,6.2
East Worthing and Shoreham,2.4
Eastbourne,4.3999999999999995
Eastleigh,1.9
Epsom and Ewell,1.7999999999999998
Esher and Walton,2.1
Fareham and Waterlooville,2.3
Farnham and Bordon,1.7000000000000002
Faversham and Mid Kent,2.5
Folkestone and Hythe,4.1000000000000005
Gillingham and Rainham,3.5999999999999996
Godalming and Ash,1.6
Gosport,2.9000000000000004
Gravesham,4.2
Guildford,1.7999999999999998
Hamble Valley,1.5
Hastings and Rye,5.0
Havant,3.5999999999999996
Henley and Thame,1.6
Herne Bay and Sandwich,3.3000000000000003
Horsham,1.7999999999999998
Hove and Portslade,3.4000000000000004
Isle of Wight East,3.9
Isle of Wight West,2.8000000000000003
Lewes,2.6
Maidenhead,2.0
Maidstone and Malling,2.8000000000000003
Mid Buckinghamshire,1.4000000000000001
Mid Sussex,1.6
Milton Keynes Central,3.5000000000000004
Milton Keynes North,3.2
New Forest East,1.9
New Forest West,1.9
Newbury,2.1999999999999997
North East Hampshire,1.4000000000000001
North West Hampshire,2.0
Oxford East,2.7
Oxford West and Abingdon,1.7000000000000002
Portsmouth North,3.5999999999999996
Portsmouth South,5.0
Reading Central,3.5000000000000004
Reading West and Mid Berkshire,2.5
Reigate,1.7000000000000002
Rochester and Strood,3.5000000000000004
Romsey and Southampton North,1.7999999999999998
Runnymede and Weybridge,2.1999999999999997
Sevenoaks,2.0
Sittingbourne and Sheppey,3.8
Slough,4.6
Southampton Itchen,3.9
Southampton Test,4.3
Spelthorne,3.1
Surrey Heath,1.9
Sussex Weald,2.0
Tonbridge,2.0
Tunbridge Wells,2.4
Weald of Kent,2.1999999999999997
Winchester,1.9
Windsor,2.4
Witney,1.6
Woking,2.1999999999999997
Wokingham,1.6
Worthing West,2.7
Wycombe,3.6999999999999997
Bath,1.7999999999999998
Bournemouth East,3.9
Bournemouth West,3.5000000000000004
Bridgwater,2.7
Bristol Central,2.3
Bristol East,4.1000000000000005
Bristol North East,3.2
Bristol North West,2.6
Bristol South,3.5000000000000004
Camborne and Redruth,3.0
Central Devon,1.7999999999999998
Cheltenham,2.4
Chippenham,1.7000000000000002
Christchurch,2.0
East Wiltshire,1.7000000000000002
Exeter,2.0
Exmouth and Exeter East,1.6
Filton and Bradley Stoke,1.5
Forest of Dean,2.1999999999999997
Frome and East Somerset,2.0
Glastonbury and Somerton,2.1999999999999997
Gloucester,3.3000000000000003
Honiton and Sidmouth,1.7000000000000002
Melksham and Devizes,2.1999999999999997
Mid Dorset and North Poole,1.9
Newton Abbot,2.0
North Cornwall,2.7
North Cotswolds,1.6
North Devon,2.4
North Dorset,1.7000000000000002
North East Somerset and Hanham,1.5
North Somerset,1.5
Plymouth Moor View,2.9000000000000004
Plymouth Sutton and Devonport,4.1000000000000005
Poole,2.8000000000000003
Salisbury,2.1999999999999997
South Cotswolds,1.6
South Devon,2.1
South Dorset,3.0
South East Cornwall,2.3
South West Devon,1.5
South West Wiltshire,2.1999999999999997
St Austell and Newquay,3.1
St Ives,2.6
Stroud,1.6
Swindon North,2.5
Swindon South,3.3000000000000003
Taunton and Wellington,2.1999999999999997
Tewkesbury,1.9
Thornbury and Yate,1.7000000000000002
Tiverton and Minehead,2.0
Torbay,3.3000000000000003
Torridge and Tavistock,2.0
Truro and Falmouth,2.1999999999999997
Wells and Mendip Hills,2.1
West Dorset,2.1
Weston-super-Mare,3.1
Yeovil,2.1999999999999997
Aberafan Maesteg,3.5999999999999996
Alyn and Deeside,2.9000000000000004
Bangor Aberconwy,2.9000000000000004
Blaenau Gwent and Rhymney,4.5
"Brecon, Radnor and Cwm Tawe",2.6
Bridgend,2.5
Caerfyrddin,2.6
Caerphilly,3.1
Cardiff East,4.3
Cardiff North,1.9
Cardiff South and Penarth,3.3000000000000003
Cardiff West,3.8
Ceredigion Preseli,2.4
Clwyd East,2.6
Clwyd North,4.3999999999999995
Dwyfor Meirionnydd,2.4
Gower,2.1
Llanelli,2.9000000000000004
Merthyr Tydfil and Aberdare,3.3000000000000003
Mid and South Pembrokeshire,3.1
Monmouthshire,2.1999999999999997
Montgomeryshire and Glyndwr,2.5
Neath and Swansea East,2.8000000000000003
Newport East,5.0
Newport West and Islwyn,3.0
Pontypridd,2.7
Rhondda and Ogmore,3.5999999999999996
Swansea West,4.3
Torfaen,3.5999999999999996
Vale of Glamorgan,3.2
Wrexham,2.9000000000000004
Ynys Mon,3.6999999999999997
Aldridge-Brownhills,2.9000000000000004
Birmingham Edgbaston,7.8
Birmingham Erdington,8.7
Birmingham Hall Green and Moseley,8.6
Birmingham Hodge Hill and Solihull North,7.8
Birmingham Ladywood,10.299999999999999
Birmingham Northfield,7.000000000000001
Birmingham Perry Barr,12.1
Birmingham Selly Oak,5.2
Birmingham Yardley,8.1
Bromsgrove,2.5
Burton and Uttoxeter,3.5000000000000004
Cannock Chase,3.3000000000000003
Coventry East,7.3
Coventry North West,4.7
Coventry South,4.5
Droitwich and Evesham,2.7
Dudley,5.7
Halesowen,4.1000000000000005
Hereford and South Herefordshire,2.6
Kenilworth and Southam,1.7000000000000002
Kingswinford and South Staffordshire,2.6
Lichfield,2.3
Meriden and Solihull East,3.6999999999999997
Newcastle-under-Lyme,3.0
North Herefordshire,2.1999999999999997
North Shropshire,2.5
North Warwickshire and Bedworth,2.9000000000000004
Nuneaton,3.6999999999999997
Redditch,3.4000000000000004
Rugby,2.8000000000000003
Shrewsbury,2.4
Smethwick,6.3
Solihull West and Shirley,2.3
South Shropshire,2.3
Stafford,2.7
Staffordshire Moorlands,2.0
Stoke-on-Trent Central,5.800000000000001
Stoke-on-Trent North,5.0
Stoke-on-Trent South,3.2
"Stone, Great Wyrley and Penkridge",2.3
Stourbridge,4.6
Stratford-on-Avon,1.9
Sutton Coldfield,2.3
Tamworth,3.0
Telford,3.9
The Wrekin,2.3
Tipton and Wednesbury,6.1
Walsall and Bloxwich,7.199999999999999
Warwick and Leamington,2.4
West Bromwich,5.5
West Worcestershire,2.5
Wolverhampton North East,6.6000000000000005
Wolverhampton South East,7.3999999999999995
Wolverhampton West,7.1
Worcester,3.5000000000000004
Wyre Forest,3.0
Barnsley North,3.5000000000000004
Barnsley South,4.2
Beverley and Holderness,2.0
Bradford East,7.8
Bradford South,6.5
Bradford West,8.799999999999999
Bridlington and The Wolds,3.0
Brigg and Immingham,2.0
Calder Valley,2.9000000000000004
Colne Valley,2.6
Dewsbury and Batley,5.5
Doncaster Central,5.8999999999999995
Doncaster East and the Isle of Axholme,3.0
Doncaster North,4.3
Goole and Pocklington,2.0
Great Grimsby and Cleethorpes,5.6000000000000005
Halifax,5.2
Harrogate and Knaresborough,1.7000000000000002
Huddersfield,5.7
Keighley and Ilkley,3.9
Kingston upon Hull East,5.4
Kingston upon Hull North and Cottingham,5.0
Kingston upon Hull West and Haltemprice,4.3
Leeds Central and Headingley,3.1
Leeds East,5.8999999999999995
Leeds North East,4.0
Leeds North West,1.9
Leeds South,7.3
Leeds South West and Morley,2.9000000000000004
Leeds West and Pudsey,4.8
Normanton and Hemsworth,2.9000000000000004
Ossett and Denby Dale,2.6
Penistone and Stocksbridge,2.1
"Pontefract, Castleford and Knottingley",3.3000000000000003
Rawmarsh and Conisbrough,3.9
Richmond and Northallerton,1.7000000000000002
Rother Valley,2.8000000000000003
Rotherham,5.7
Scarborough and Whitby,3.1
Scunthorpe,4.1000000000000005
Selby,2.0
Sheffield Brightside and Hillsborough,6.800000000000001
Sheffield Central,3.0
Sheffield Hallam,1.5
Sheffield Heeley,5.4
Sheffield South East,4.7
Shipley,3.1
Skipton and Ripon,1.6
Spen Valley,3.5000000000000004
Thirsk and Malton,1.7000000000000002
Wakefield and Rothwell,4.1000000000000005
Wetherby and Easingwold,1.2
York Central,2.0
York Outer,1.0999999999999999
Basildon and Billericay,3.6999999999999997
Bedford,5.2
Braintree,2.4
Brentwood and Ongar,2.3
Broadland and Fakenham,1.9
Broxbourne,3.1
Bury St Edmunds and Stowmarket,2.1
Cambridge,1.9
Castle Point,2.3
Central Suffolk and North Ipswich,1.9
Chelmsford,2.5
Clacton,4.3
Colchester,3.2
Dunstable and Leighton Buzzard,2.4
Ely and East Cambridgeshire,1.7999999999999998
Epping Forest,2.7
Great Yarmouth,4.7
Harlow,3.8
Harpenden and Berkhamsted,1.5
Harwich and North Essex,2.6
Hemel Hempstead,3.3000000000000003
Hertford and Stortford,1.7999999999999998
Hertsmere,2.7
Hitchin,1.7999999999999998
Huntingdon,1.9
Ipswich,4.8
Lowestoft,3.8
Luton North,4.5
Luton South and South Bedfordshire,5.8999999999999995
Maldon,2.1
Mid Bedfordshire,1.6
Mid Norfolk,1.7999999999999998
North Bedfordshire,2.1999999999999997
North East Cambridgeshire,3.8
North East Hertfordshire,2.0
North Norfolk,2.5
North West Cambridgeshire,3.2
North West Essex,1.7999999999999998
North West Norfolk,3.0
Norwich North,2.9000000000000004
Norwich South,3.2
Peterborough,6.4
Rayleigh and Wickford,1.7999999999999998
South Basildon and East Thurrock,3.3000000000000003
South Cambridgeshire,1.6
South Norfolk,1.7000000000000002
South Suffolk,2.1999999999999997
South West Hertfordshire,2.1999999999999997
South West Norfolk,2.4
Southend East and Rochford,5.0
Southend West and Leigh,3.2
St Albans,2.1999999999999997
St Neots and Mid Cambridgeshire,1.7999999999999998
Stevenage,3.0
Suffolk Coastal,1.9
Thurrock,4.3999999999999995
Watford,3.6999999999999997
Waveney Valley,2.1
Welwyn Hatfield,2.5
West Suffolk,2.1
Witham,2.3
Amber Valley,2.9000000000000004
Ashfield,3.8
Bassetlaw,3.1
Bolsover,2.9000000000000004
Boston and Skegness,4.1000000000000005
Broxtowe,2.6
Chesterfield,3.5000000000000004
Corby and East Northamptonshire,3.4000000000000004
Daventry,2.1
Derby North,3.8
Derby South,6.3
Derbyshire Dales,1.7000000000000002
Erewash,3.4000000000000004
Gainsborough,2.9000000000000004
Gedling,3.2
Grantham and Bourne,3.0
"Harborough, Oadby and Wigston",2.1
High Peak,2.6
Hinckley and Bosworth,2.4
Kettering,3.2
Leicester East,4.5
Leicester South,4.9
Leicester West,5.4
Lincoln,3.6999999999999997
Loughborough,2.4
Louth and Horncastle,2.3
Mansfield,4.0
Melton and Syston,2.6
Mid Derbyshire,1.7000000000000002
Mid Leicestershire,2.0
Newark,2.6
North East Derbyshire,2.6
North West Leicestershire,2.1
Northampton North,4.7
Northampton South,2.9000000000000004
Nottingham East,6.1
Nottingham North and Kimberley,6.0
Nottingham South,3.9
Rushcliffe,1.7999999999999998
Rutland and Stamford,1.7999999999999998
Sherwood Forest,2.8000000000000003
Sleaford and North Hykeham,1.9
South Derbyshire,2.1999999999999997
South Holland and The Deepings,2.6
South Leicestershire,1.7000000000000002
South Northamptonshire,1.5
Wellingborough and Rushden,3.5000000000000004
Barking,6.4
Battersea,3.0
Beckenham and Penge,3.1
Bermondsey and Old Southwark,4.2
Bethnal Green and Stepney,5.7
Bexleyheath and Crayford,3.1
Brent East,7.6
Brent West,4.3
Brentford and Isleworth,4.9
Bromley and Biggin Hill,2.6
Carshalton and Wallington,3.3000000000000003
Chelsea and Fulham,3.4000000000000004
Chingford and Woodford Green,4.2
Chipping Barnet,3.4000000000000004
Cities of London and Westminster,3.0
Clapham and Brixton Hill,4.6
Croydon East,5.2
Croydon South,3.4000000000000004
Croydon West,6.9
Dagenham and Rainham,5.5
Dulwich and West Norwood,5.4
Ealing Central and Acton,5.1
Ealing North,5.5
Ealing Southall,5.2
East Ham,6.5
Edmonton and Winchmore Hill,6.9
Eltham and Chislehurst,3.9
Enfield North,5.800000000000001
Erith and Thamesmead,5.800000000000001
Feltham and Heston,5.2
Finchley and Golders Green,4.5
Greenwich and Woolwich,4.3999999999999995
Hackney North and Stoke Newington,6.4
Hackney South and Shoreditch,5.8999999999999995
Hammersmith and Chiswick,4.5
Hampstead and Highgate,3.5000000000000004
Harrow East,3.5999999999999996
Harrow West,4.0
Hayes and Harlington,4.9
Hendon,4.7
Holborn and St Pancras,4.7
Hornchurch and Upminster,3.5000000000000004
Hornsey and Friern Barnet,4.5
Ilford North,4.5
Ilford South,6.1
Islington North,5.3
Islington South and Finsbury,5.0
Kensington and Bayswater,3.3000000000000003
Kingston and Surbiton,2.8000000000000003
Lewisham East,6.4
Lewisham North,5.6000000000000005
Lewisham West and East Dulwich,4.9
Leyton and Wanstead,5.6000000000000005
Mitcham and Morden,5.1
Old Bexley and Sidcup,2.1
Orpington,2.9000000000000004
Peckham,5.800000000000001
Poplar and Limehouse,4.5
Putney,3.4000000000000004
Queen's Park and Maida Vale,6.3
Richmond Park,2.3
Romford,3.9
"Ruislip, Northwood and Pinner",2.4
Southgate and Wood Green,5.800000000000001
Stratford and Bow,5.5
Streatham and Croydon North,5.8999999999999995
Sutton and Cheam,2.6
Tooting,3.2
Tottenham,8.0
Twickenham,2.4
Uxbridge and South Ruislip,3.3000000000000003
Vauxhall and Camberwell Green,5.3
Walthamstow,6.3
West Ham and Beckton,6.2
Wimbledon,2.4
Bishop Auckland,3.4000000000000004
Blaydon and Consett,3.2
Blyth and Ashington,4.5
City of Durham,2.0
Cramlington and Killingworth,2.9000000000000004
Darlington,4.5
Easington,4.3999999999999995
Gateshead Central and Whickham,4.8
Hartlepool,5.1
Hexham,2.1999999999999997
Houghton and Sunderland South,4.0
Jarrow and Gateshead East,4.8
Middlesbrough South and East Cleveland,3.2
Middlesbrough and Thornaby East,6.3
Newcastle upon Tyne Central and West,5.4
Newcastle upon Tyne East and Wallsend,4.7
Newcastle upon Tyne North,2.1
Newton Aycliffe and Spennymoor,3.3000000000000003
North Durham,3.0
North Northumberland,2.4
Redcar,4.3999999999999995
South Shields,5.8999999999999995
Stockton North,5.1
Stockton West,1.7999999999999998
Sunderland Central,4.6
Tynemouth,3.3000000000000003
Washington and Gateshead South,4.1000000000000005
Altrincham and Sale West,2.0
Ashton-under-Lyne,5.3
Barrow and Furness,2.7
Birkenhead,4.8
Blackburn,5.7
Blackley and Middleton South,6.4
Blackpool North and Fleetwood,3.5999999999999996
Blackpool South,7.000000000000001
Bolton North East,5.8999999999999995
Bolton South and Walkden,6.5
Bolton West,3.5000000000000004
Bootle,5.7
Burnley,5.4
Bury North,4.3
Bury South,4.1000000000000005
Carlisle,2.6
Cheadle,1.7999999999999998
Chester North and Neston,2.5
Chester South and Eddisbury,1.6
Chorley,2.6
Congleton,1.7999999999999998
Crewe and Nantwich,3.1
Ellesmere Port and Bromborough,3.0
Fylde,2.4
Gorton and Denton,7.199999999999999
Hazel Grove,2.8000000000000003
Heywood and Middleton North,5.2
Hyndburn,5.2
Knowsley,4.8
Lancaster and Wyre,2.1999999999999997
Leigh and Atherton,4.1000000000000005
Liverpool Garston,3.9
Liverpool Riverside,5.7
Liverpool Walton,5.7
Liverpool Wavertree,5.7
Liverpool West Derby,5.800000000000001
Macclesfield,2.1999999999999997
Makerfield,3.0
Manchester Central,4.6
Manchester Rusholme,6.2
Manchester Withington,3.5000000000000004
Mid Cheshire,2.5
Morecambe and Lunesdale,3.1
Oldham East and Saddleworth,6.2
"Oldham West, Chadderton and Royton",6.7
Pendle and Clitheroe,4.0
Penrith and Solway,2.0
Preston,5.0
Ribble Valley,1.7000000000000002
Rochdale,6.4
Rossendale and Darwen,3.5999999999999996
Runcorn and Helsby,3.6999999999999997
Salford,4.8
Sefton Central,2.0
South Ribble,2.1999999999999997
Southport,2.9000000000000004
St Helens North,3.5999999999999996
St Helens South and Whiston,4.3
Stalybridge and Hyde,4.2
Stockport,4.3
Stretford and Urmston,4.1000000000000005
Tatton,1.7000000000000002
Wallasey,4.1000000000000005
Warrington North,2.9000000000000004
Warrington South,2.1
West Lancashire,3.0
Westmorland and Lonsdale,1.3
Whitehaven and Workington,2.8000000000000003
Widnes and Halewood,3.8
Wigan,3.9
Wirral West,1.7000000000000002
Worsley and Eccles,4.1000000000000005
Wythenshawe and Sale East,4.9
Belfast East,3.1
Belfast North,4.7
Belfast South and Mid Down,2.3
Belfast West,4.8
East Antrim,2.7
East Londonderry,3.4000000000000004
Fermanagh and South Tyrone,2.5
Foyle,5.7
Lagan Valley,2.1
Mid Ulster,2.0
Newry and Armagh,3.3000000000000003
North Antrim,3.0
North Down,2.4
South Antrim,2.1999999999999997
South Down,2.6
Strangford,3.0
Upper Bann,2.9000000000000004
West Tyrone,2.9000000000000004
Aberdeen North,3.6999999999999997
Aberdeen South,2.9000000000000004
Aberdeenshire North and Moray East,2.8000000000000003
Airdrie and Shotts,3.5000000000000004
Alloa and Grangemouth,3.4000000000000004
Angus and Perthshire Glens,2.8000000000000003
Arbroath and Broughty Ferry,3.3000000000000003
"Argyll, Bute and South Lochaber",2.5
"Ayr, Carrick and Cumnock",4.3
Bathgate and Linlithgow,2.9000000000000004
"Berwickshire, Roxburgh and Selkirk",3.1
"Caithness, Sutherland and Easter Ross",2.4
Central Ayrshire,3.5999999999999996
Coatbridge and Bellshill,3.5999999999999996
Cowdenbeath and Kirkcaldy,4.5
Cumbernauld and Kirkintilloch,3.1
Dumfries and Galloway,3.2
"Dumfriesshire, Clydesdale and Tweeddale",2.5
Dundee Central,4.8
Dunfermline and Dollar,2.8000000000000003
East Kilbride and Strathaven,2.1999999999999997
East Renfrewshire,1.7999999999999998
Edinburgh East and Musselburgh,2.7
Edinburgh North and Leith,3.3000000000000003
Edinburgh South,1.7000000000000002
Edinburgh South West,2.5
Edinburgh West,1.7000000000000002
Falkirk,3.1
Glasgow East,5.4
Glasgow North,4.5
Glasgow North East,5.8999999999999995
Glasgow South,4.3999999999999995
Glasgow South West,4.9
Glasgow West,4.3999999999999995
Glenrothes and Mid Fife,4.6
Gordon and Buchan,1.7000000000000002
Hamilton and Clyde Valley,3.9
Inverclyde and Renfrewshire West,3.5999999999999996
"Inverness, Skye and West Ross-shire",2.3
Kilmarnock and Loudoun,4.2
Livingston,2.6
Lothian East,2.1
Mid Dunbartonshire,1.7000000000000002
Midlothian,2.3
"Moray West, Nairn and Strathspey",2.1999999999999997
"Motherwell, Wishaw and Carluke",3.5000000000000004
Na h-Eileanan an Iar,1.9
North Ayrshire and Arran,4.6
North East Fife,2.1999999999999997
Orkney and Shetland,1.6
Paisley and Renfrewshire North,3.3000000000000003
Paisley and Renfrewshire South,3.5999999999999996
Perth and Kinross-shire,2.8000000000000003
Rutherglen,3.4000000000000004
Stirling and Strathallan,2.4
West Aberdeenshire and Kincardine,1.4000000000000001
West Dunbartonshire,4.6
Aldershot,2.4
Arundel and South Downs,2.0
Ashford,3.1
Aylesbury,3.2
Banbury,2.3
Basingstoke,3.0
Beaconsfield,2.0
Bexhill and Battle,3.0
Bicester and Woodstock,1.7000000000000002
Bognor Regis and Littlehampton,3.4000000000000004
Bracknell,2.1
Brighton Kemptown and Peacehaven,4.3
Brighton Pavilion,3.5999999999999996
Buckingham and Bletchley,3.0
Canterbury,3.0
Chatham and Aylesford,3.6999999999999997
Chesham and Amersham,2.0
Chichester,2.9000000000000004
Crawley,3.8
Dartford,2.9000000000000004
Didcot and Wantage,2.0
Dorking and Horley,1.7999999999999998
Dover and Deal,3.9
Earley and Woodley,2.1999999999999997
East Grinstead and Uckfield,1.9
East Hampshire,1.7999999999999998
East Surrey,2.1
East Thanet,6.1
East Worthing and Shoreham,2.4
Eastbourne,4.3999999999999995
Eastleigh,1.7999999999999998
Epsom and Ewell,1.7999999999999998
Esher and Walton,2.1
Fareham and Waterlooville,2.4
Farnham and Bordon,1.7999999999999998
Faversham and Mid Kent,2.5
Folkestone and Hythe,4.1000000000000005
Gillingham and Rainham,3.5999999999999996
Godalming and Ash,1.7000000000000002
Gosport,3.0
Gravesham,4.2
Guildford,1.7999999999999998
Hamble Valley,1.5
Hastings and Rye,5.0
Havant,3.5999999999999996
Henley and Thame,1.6
Herne Bay and Sandwich,3.2
Horsham,1.7999999999999998
Hove and Portslade,3.5999999999999996
Isle of Wight East,3.6999999999999997
Isle of Wight West,2.7
Lewes,2.7
Maidenhead,1.9
Maidstone and Malling,2.8000000000000003
Mid Buckinghamshire,1.4000000000000001
Mid Sussex,1.6
Milton Keynes Central,3.5999999999999996
Milton Keynes North,3.1
New Forest East,1.7999999999999998
New Forest West,1.9
Newbury,2.1
North East Hampshire,1.3
North West Hampshire,2.0
Oxford East,2.7
Oxford West and Abingdon,1.6
Portsmouth North,3.5999999999999996
Portsmouth South,5.0
Reading Central,3.5000000000000004
Reading West and Mid Berkshire,2.5
Reigate,1.7000000000000002
Rochester and Strood,3.5000000000000004
Romsey and Southampton North,1.7999999999999998
Runnymede and Weybridge,2.1999999999999997
Sevenoaks,2.0
Sittingbourne and Sheppey,3.8
Slough,4.7
Southampton Itchen,3.8
Southampton Test,4.3
Spelthorne,3.1
Surrey Heath,1.9
Sussex Weald,1.9
Tonbridge,2.1
Tunbridge Wells,2.4
Weald of Kent,2.1999999999999997
Winchester,1.9
Windsor,2.4
Witney,1.6
Woking,2.3
Wokingham,1.6
Worthing West,2.7
Wycombe,3.8
Bath,1.7999999999999998
Bournemouth East,3.9
Bournemouth West,3.5999999999999996
Bridgwater,2.6
Bristol Central,2.3
Bristol East,4.2
Bristol North East,3.2
Bristol North West,2.7
Bristol South,3.5000000000000004
Camborne and Redruth,2.9000000000000004
Central Devon,1.7999999999999998
Cheltenham,2.5
Chippenham,1.7000000000000002
Christchurch,2.1
East Wiltshire,1.7000000000000002
Exeter,2.0
Exmouth and Exeter East,1.6
Filton and Bradley Stoke,1.5
Forest of Dean,2.3
Frome and East Somerset,2.0
Glastonbury and Somerton,2.3
Gloucester,3.4000000000000004
Honiton and Sidmouth,1.7000000000000002
Melksham and Devizes,2.3
Mid Dorset and North Poole,1.9
Newton Abbot,2.1
North Cornwall,2.7
North Cotswolds,1.7000000000000002
North Devon,2.5
North Dorset,1.7999999999999998
North East Somerset and Hanham,1.5
North Somerset,1.6
Plymouth Moor View,3.0
Plymouth Sutton and Devonport,4.2
Poole,2.8000000000000003
Salisbury,2.3
South Cotswolds,1.5
South Devon,2.0
South Dorset,2.9000000000000004
South East Cornwall,2.4
South West Devon,1.4000000000000001
South West Wiltshire,2.1
St Austell and Newquay,3.0
St Ives,2.6
Stroud,1.6
Swindon North,2.5
Swindon South,3.2
Taunton and Wellington,2.1999999999999997
Tewkesbury,2.1
Thornbury and Yate,1.6
Tiverton and Minehead,2.0
Torbay,3.3000000000000003
Torridge and Tavistock,2.1
Truro and Falmouth,2.1999999999999997
Wells and Mendip Hills,2.1
West Dorset,2.0
Weston-super-Mare,3.1
Yeovil,2.3
Aberafan Maesteg,3.5999999999999996
Alyn and Deeside,2.9000000000000004
Bangor Aberconwy,2.9000000000000004
Blaenau Gwent and Rhymney,4.2
"Brecon, Radnor and Cwm Tawe",2.5
Bridgend,2.4
Caerfyrddin,2.5
Caerphilly,3.1
Cardiff East,4.3
Cardiff North,1.9
Cardiff South and Penarth,3.3000000000000003
Cardiff West,3.6999999999999997
Ceredigion Preseli,2.3
Clwyd East,2.6
Clwyd North,4.3999999999999995
Dwyfor Meirionnydd,2.4
Gower,2.1999999999999997
Llanelli,2.8000000000000003
Merthyr Tydfil and Aberdare,3.4000000000000004
Mid and South Pembrokeshire,3.0
Monmouthshire,2.1999999999999997
Montgomeryshire and Glyndwr,2.5
Neath and Swansea East,2.8000000000000003
Newport East,5.1
Newport West and Islwyn,3.1
Pontypridd,2.7
Rhondda and Ogmore,3.5000000000000004
Swansea West,4.2
Torfaen,3.5999999999999996
Vale of Glamorgan,3.2
Wrexham,2.9000000000000004
Ynys Mon,3.6999999999999997
Aldridge-Brownhills,2.8000000000000003
Birmingham Edgbaston,7.8
Birmingham Erdington,8.799999999999999
Birmingham Hall Green and Moseley,8.7
Birmingham Hodge Hill and Solihull North,7.9
Birmingham Ladywood,10.299999999999999
Birmingham Northfield,7.000000000000001
Birmingham Perry Barr,12.2
Birmingham Selly Oak,5.3
Birmingham Yardley,8.3
Bromsgrove,2.5
Burton and Uttoxeter,3.5000000000000004
Cannock Chase,3.4000000000000004
Coventry East,7.199999999999999
Coventry North West,4.8
Coventry South,4.3999999999999995
Droitwich and Evesham,2.7
Dudley,5.7
Halesowen,4.1000000000000005
Hereford and South Herefordshire,2.6
Kenilworth and Southam,1.6
Kingswinford and South Staffordshire,2.5
Lichfield,2.3
Meriden and Solihull East,3.6999999999999997
Newcastle-under-Lyme,3.0
North Herefordshire,2.1999999999999997
North Shropshire,2.5
North Warwickshire and Bedworth,2.9000000000000004
Nuneaton,3.8
Redditch,3.5000000000000004
Rugby,2.8000000000000003
Shrewsbury,2.4
Smethwick,6.4
Solihull West and Shirley,2.3
South Shropshire,2.3
Stafford,2.7
Staffordshire Moorlands,2.0
Stoke-on-Trent Central,5.800000000000001
Stoke-on-Trent North,5.0
Stoke-on-Trent South,3.3000000000000003
"Stone, Great Wyrley and Penkridge",2.1999999999999997
Stourbridge,4.6
Stratford-on-Avon,1.7999999999999998
Sutton Coldfield,2.3
Tamworth,3.1
Telford,3.9
The Wrekin,2.1999999999999997
Tipton and Wednesbury,6.1
Walsall and Bloxwich,7.1
Warwick and Leamington,2.3
West Bromwich,5.6000000000000005
West Worcestershire,2.5
Wolverhampton North East,6.5
Wolverhampton South East,7.5
Wolverhampton West,7.000000000000001
Worcester,3.5000000000000004
Wyre Forest,3.0
Barnsley North,3.4000000000000004
Barnsley South,4.1000000000000005
Beverley and Holderness,2.1
Bradford East,7.9
Bradford South,6.5
Bradford West,8.9
Bridlington and The Wolds,2.9000000000000004
Brigg and Immingham,2.0
Calder Valley,2.8000000000000003
Colne Valley,2.6
Dewsbury and Batley,5.6000000000000005
Doncaster Central,5.800000000000001
Doncaster East and the Isle of Axholme,2.9000000000000004
Doncaster North,4.3
Goole and Pocklington,2.0
Great Grimsby and Cleethorpes,5.4
Halifax,5.3
Harrogate and Knaresborough,1.7999999999999998
Huddersfield,5.6000000000000005
Keighley and Ilkley,4.0
Kingston upon Hull East,5.3
Kingston upon Hull North and Cottingham,4.9
Kingston upon Hull West and Haltemprice,4.3999999999999995
Leeds Central and Headingley,3.1
Leeds East,5.800000000000001
Leeds North East,4.1000000000000005
Leeds North West,2.0
Leeds South,7.3999999999999995
Leeds South West and Morley,3.0
Leeds West and Pudsey,4.8
Normanton and Hemsworth,2.9000000000000004
Ossett and Denby Dale,2.5
Penistone and Stocksbridge,2.1
"Pontefract, Castleford and Knottingley",3.4000000000000004
Rawmarsh and Conisbrough,3.8
Richmond and Northallerton,1.7999999999999998
Rother Valley,2.8000000000000003
Rotherham,5.6000000000000005
Scarborough and Whitby,3.0
Scunthorpe,4.1000000000000005
Selby,2.1
Sheffield Brightside and Hillsborough,6.800000000000001
Sheffield Central,3.0
Sheffield Hallam,1.5
Sheffield Heeley,5.4
Sheffield South East,4.8
Shipley,3.0
Skipton and Ripon,1.6
Spen Valley,3.5000000000000004
Thirsk and Malton,1.7000000000000002
Wakefield and Rothwell,4.0
Wetherby and Easingwold,1.2
York Central,2.1
York Outer,1.0999999999999999
Basildon and Billericay,3.6999999999999997
Bedford,5.2
Braintree,2.4
Brentwood and Ongar,2.3
Broadland and Fakenham,1.9
Broxbourne,3.1
Bury St Edmunds and Stowmarket,2.1
Cambridge,1.7999999999999998
Castle Point,2.3
Central Suffolk and North Ipswich,1.9
Chelmsford,2.5
Clacton,4.1000000000000005
Colchester,3.1
Dunstable and Leighton Buzzard,2.4
Ely and East Cambridgeshire,1.7000000000000002
Epping Forest,2.5
Great Yarmouth,4.3999999999999995
Harlow,3.9
Harpenden and Berkhamsted,1.6
Harwich and North Essex,2.5
Hemel Hempstead,3.3000000000000003
Hertford and Stortford,1.7999999999999998
Hertsmere,2.8000000000000003
Hitchin,1.7999999999999998
Huntingdon,1.9
Ipswich,4.8
Lowestoft,3.6999999999999997
Luton North,4.5
Luton South and South Bedfordshire,5.8999999999999995
Maldon,2.1
Mid Bedfordshire,1.6
Mid Norfolk,1.7999999999999998
North Bedfordshire,2.1
North East Cambridgeshire,3.6999999999999997
North East Hertfordshire,2.1
North Norfolk,2.4
North West Cambridgeshire,3.2
North West Essex,1.7999999999999998
North West Norfolk,2.8000000000000003
Norwich North,2.9000000000000004
Norwich South,3.2
Peterborough,6.1
Rayleigh and Wickford,1.7999999999999998
South Basildon and East Thurrock,3.2
South Cambridgeshire,1.5
South Norfolk,1.7999999999999998
South Suffolk,2.1
South West Hertfordshire,2.3
South West Norfolk,2.3
Southend East and Rochford,4.9
Southend West and Leigh,3.1
St Albans,2.3
St Neots and Mid Cambridgeshire,1.7999999999999998
Stevenage,2.9000000000000004
Suffolk Coastal,1.9
Thurrock,4.3
Watford,3.5999999999999996
Waveney Valley,2.1
Welwyn Hatfield,2.4
West Suffolk,2.1
Witham,2.3
Amber Valley,2.8000000000000003
Ashfield,3.8
Bassetlaw,3.1
Bolsover,2.9000000000000004
Boston and Skegness,4.0
Broxtowe,2.5
Chesterfield,3.4000000000000004
Corby and East Northamptonshire,3.3000000000000003
Daventry,2.1
Derby North,3.8
Derby South,6.2
Derbyshire Dales,1.7000000000000002
Erewash,3.3000000000000003
Gainsborough,2.8000000000000003
Gedling,3.1
Grantham and Bourne,3.0
"Harborough, Oadby and Wigston",2.1
High Peak,2.5
Hinckley and Bosworth,2.4
Kettering,3.2
Leicester East,4.5
Leicester South,4.8
Leicester West,5.4
Lincoln,3.5999999999999996
Loughborough,2.4
Louth and Horncastle,2.3
Mansfield,4.0
Melton and Syston,2.5
Mid Derbyshire,1.7000000000000002
Mid Leicestershire,2.0
Newark,2.6
North East Derbyshire,2.6
North West Leicestershire,2.0
Northampton North,4.7
Northampton South,2.8000000000000003
Nottingham East,6.0
Nottingham North and Kimberley,5.8999999999999995
Nottingham South,3.8
Rushcliffe,1.7999999999999998
Rutland and Stamford,1.7999999999999998
Sherwood Forest,2.8000000000000003
Sleaford and North Hykeham,1.7999999999999998
South Derbyshire,2.1
South Holland and The Deepings,2.6
South Leicestershire,1.6
South Northamptonshire,1.6
Wellingborough and Rushden,3.5000000000000004
Barking,6.4
Battersea,3.0
Beckenham and Penge,3.1
Bermondsey and Old Southwark,4.1000000000000005
Bethnal Green and Stepney,5.800000000000001
Bexleyheath and Crayford,3.1
Brent East,7.6
Brent West,4.2
Brentford and Isleworth,4.8
Bromley and Biggin Hill,2.6
Carshalton and Wallington,3.3000000000000003
Chelsea and Fulham,3.3000000000000003
Chingford and Woodford Green,4.2
Chipping Barnet,3.4000000000000004
Cities of London and Westminster,2.9000000000000004
Clapham and Brixton Hill,4.6
Croydon East,5.1
Croydon South,3.3000000000000003
Croydon West,6.800000000000001
Dagenham and Rainham,5.5
Dulwich and West Norwood,5.4
Ealing Central and Acton,5.0
Ealing North,5.5
Ealing Southall,5.1
East Ham,6.5
Edmonton and Winchmore Hill,6.7
Eltham and Chislehurst,3.9
Enfield North,5.800000000000001
Erith and Thamesmead,5.800000000000001
Feltham and Heston,5.1
Finchley and Golders Green,4.3999999999999995
Greenwich and Woolwich,4.3999999999999995
Hackney North and Stoke Newington,6.3
Hackney South and Shoreditch,5.8999999999999995
Hammersmith and Chiswick,4.5
Hampstead and Highgate,3.5000000000000004
Harrow East,3.5999999999999996
Harrow West,3.9
Hayes and Harlington,4.8
Hendon,4.7
Holborn and St Pancras,4.6
Hornchurch and Upminster,3.5000000000000004
Hornsey and Friern Barnet,4.5
Ilford North,4.5
Ilford South,6.1
Islington North,5.2
Islington South and Finsbury,4.9
Kensington and Bayswater,3.3000000000000003
Kingston and Surbiton,2.8000000000000003
Lewisham East,6.4
Lewisham North,5.6000000000000005
Lewisham West and East Dulwich,4.8
Leyton and Wanstead,5.5
Mitcham and Morden,5.1
Old Bexley and Sidcup,2.1
Orpington,2.9000000000000004
Peckham,5.7
Poplar and Limehouse,4.3999999999999995
Putney,3.4000000000000004
Queen's Park and Maida Vale,6.3
Richmond Park,2.1999999999999997
Romford,3.9
"Ruislip, Northwood and Pinner",2.4
Southgate and Wood Green,5.800000000000001
Stratford and Bow,5.4
Streatham and Croydon North,5.8999999999999995
Sutton and Cheam,2.5
Tooting,3.2
Tottenham,7.9
Twickenham,2.3
Uxbridge and South Ruislip,3.4000000000000004
Vauxhall and Camberwell Green,5.3
Walthamstow,6.3
West Ham and Beckton,6.2
Wimbledon,2.4
Bishop Auckland,3.4000000000000004
Blaydon and Consett,3.1
Blyth and Ashington,4.3999999999999995
City of Durham,2.0
Cramlington and Killingworth,2.8000000000000003
Darlington,4.5
Easington,4.3
Gateshead Central and Whickham,4.9
Hartlepool,5.0
Hexham,2.1
Houghton and Sunderland South,4.0
Jarrow and Gateshead East,4.8
Middlesbrough South and East Cleveland,3.3000000000000003
Middlesbrough and Thornaby East,6.2
Newcastle upon Tyne Central and West,5.3
Newcastle upon Tyne East and Wallsend,4.6
Newcastle upon Tyne North,2.1
Newton Aycliffe and Spennymoor,3.3000000000000003
North Durham,3.1
North Northumberland,2.4
Redcar,4.3
South Shields,5.7
Stockton North,5.1
Stockton West,1.7999999999999998
Sunderland Central,4.6
Tynemouth,3.2
Washington and Gateshead South,4.0
Altrincham and Sale West,2.0
Ashton-under-Lyne,5.3
Barrow and Furness,2.6
Birkenhead,4.8
Blackburn,5.6000000000000005
Blackley and Middleton South,6.5
Blackpool North and Fleetwood,3.5000000000000004
Blackpool South,6.800000000000001
Bolton North East,5.7
Bolton South and Walkden,6.4
Bolton West,3.4000000000000004
Bootle,5.6000000000000005
Burnley,5.3
Bury North,4.3
Bury South,4.0
Carlisle,2.6
Cheadle,1.9
Chester North and Neston,2.5
Chester South and Eddisbury,1.5
Chorley,2.5
Congleton,1.7999999999999998
Crewe and Nantwich,3.1
Ellesmere Port and Bromborough,2.9000000000000004
Fylde,2.4
Gorton and Denton,7.000000000000001
Hazel Grove,2.8000000000000003
Heywood and Middleton North,5.1
Hyndburn,5.2
Knowsley,4.7
Lancaster and Wyre,2.1999999999999997
Leigh and Atherton,4.1000000000000005
Liverpool Garston,3.9
Liverpool Riverside,5.6000000000000005
Liverpool Walton,5.6000000000000005
Liverpool Wavertree,5.7
Liverpool West Derby,5.7
Macclesfield,2.1999999999999997
Makerfield,2.9000000000000004
Manchester Central,4.6
Manchester Rusholme,6.2
Manchester Withington,3.4000000000000004
Mid Cheshire,2.5
Morecambe and Lunesdale,3.0
Oldham East and Saddleworth,6.2
"Oldham West, Chadderton and Royton",6.7
Pendle and Clitheroe,4.0
Penrith and Solway,2.0
Preston,5.0
Ribble Valley,1.7000000000000002
Rochdale,6.3
Rossendale and Darwen,3.5000000000000004
Runcorn and Helsby,3.6999999999999997
Salford,4.7
Sefton Central,2.0
South Ribble,2.1
Southport,2.9000000000000004
St Helens North,3.5999999999999996
St Helens South and Whiston,4.2
Stalybridge and Hyde,4.2
Stockport,4.3
Stretford and Urmston,4.1000000000000005
Tatton,1.7000000000000002
Wallasey,4.2
Warrington North,2.8000000000000003
Warrington South,2.1999999999999997
West Lancashire,2.9000000000000004
Westmorland and Lonsdale,1.4000000000000001
Whitehaven and Workington,2.7
Widnes and Halewood,3.8
Wigan,3.9
Wirral West,1.7000000000000002
Worsley and Eccles,4.1000000000000005
Wythenshawe and Sale East,4.8
Belfast East,3.1
Belfast North,4.8
Belfast South and Mid Down,2.3
Belfast West,4.8
East Antrim,2.7
East Londonderry,3.4000000000000004
Fermanagh and South Tyrone,2.6
Foyle,5.800000000000001
Lagan Valley,2.1
Mid Ulster,2.1
Newry and Armagh,3.3000000000000003
North Antrim,3.0
North Down,2.4
South Antrim,2.1999999999999997
South Down,2.6
Strangford,3.0
Upper Bann,3.0
West Tyrone,2.9000000000000004
Aberdeen North,3.6999999999999997
Aberdeen South,2.8000000000000003
Aberdeenshire North and Moray East,2.7
Airdrie and Shotts,3.5000000000000004
Alloa and Grangemouth,3.4000000000000004
Angus and Perthshire Glens,2.7
Arbroath and Broughty Ferry,3.2
"Argyll, Bute and South Lochaber",2.5
"Ayr, Carrick and Cumnock",4.1000000000000005
Bathgate and Linlithgow,2.9000000000000004
"Berwickshire, Roxburgh and Selkirk",3.1
"Caithness, Sutherland and Easter Ross",2.3
Central Ayrshire,3.5000000000000004
Coatbridge and Bellshill,3.5999999999999996
Cowdenbeath and Kirkcaldy,4.3999999999999995
Cumbernauld and Kirkintilloch,3.0
Dumfries and Galloway,3.1
"Dumfriesshire, Clydesdale and Tweeddale",2.4
Dundee Central,4.6
Dunfermline and Dollar,2.7
East Kilbride and Strathaven,2.1999999999999997
East Renfrewshire,1.7999999999999998
Edinburgh East and Musselburgh,2.7
Edinburgh North and Leith,3.2
Edinburgh South,1.7000000000000002
Edinburgh South West,2.5
Edinburgh West,1.7000000000000002
Falkirk,3.1
Glasgow East,5.2
Glasgow North,4.3999999999999995
Glasgow North East,5.800000000000001
Glasgow South,4.3999999999999995
Glasgow South West,4.8
Glasgow West,4.3
Glenrothes and Mid Fife,4.3999999999999995
Gordon and Buchan,1.5
Hamilton and Clyde Valley,3.9
Inverclyde and Renfrewshire West,3.5000000000000004
"Inverness, Skye and West Ross-shire",2.3
Kilmarnock and Loudoun,4.1000000000000005
Livingston,2.6
Lothian East,2.1
Mid Dunbartonshire,1.7000000000000002
Midlothian,2.1999999999999997
"Moray West, Nairn and Strathspey",2.1
"Motherwell, Wishaw and Carluke",3.4000000000000004
Na h-Eileanan an Iar,1.7999999999999998
North Ayrshire and Arran,4.6
North East Fife,2.1
Orkney and Shetland,1.6
Paisley and Renfrewshire North,3.3000000000000003
Paisley and Renfrewshire South,3.5000000000000004
Perth and Kinross-shire,2.8000000000000003
Rutherglen,3.3000000000000003
Stirling and Strathallan,2.4
West Aberdeenshire and Kincardine,1.4000000000000001
West Dunbartonshire,4.3999999999999995
Aldershot,2.4
Arundel and South Downs,2.0
Ashford,3.0
Aylesbury,3.2
Banbury,2.3
Basingstoke,3.0
Beaconsfield,2.0
Bexhill and Battle,3.0
Bicester and Woodstock,1.7000000000000002
Bognor Regis and Littlehampton,3.3000000000000003
Bracknell,2.0
Brighton Kemptown and Peacehaven,4.3
Brighton Pavilion,3.5999999999999996
Buckingham and Bletchley,3.0
Canterbury,3.0
Chatham and Aylesford,3.6999999999999997
Chesham and Amersham,2.0
Chichester,2.9000000000000004
Crawley,3.6999999999999997
Dartford,2.8000000000000003
Didcot and Wantage,2.0
Dorking and Horley,1.7999999999999998
Dover and Deal,3.9
Earley and Woodley,2.1999999999999997
East Grinstead and Uckfield,1.9
East Hampshire,1.7999999999999998
East Surrey,2.1
East Thanet,6.0
East Worthing and Shoreham,2.4
Eastbourne,4.1000000000000005
Eastleigh,1.9
Epsom and Ewell,1.7999999999999998
Esher and Walton,2.1
Fareham and Waterlooville,2.4
Farnham and Bordon,1.7999999999999998
Faversham and Mid Kent,2.5
Folkestone and Hythe,4.1000000000000005
Gillingham and Rainham,3.6999999999999997
Godalming and Ash,1.7000000000000002
Gosport,2.9000000000000004
Gravesham,4.1000000000000005
Guildford,1.7999999999999998
Hamble Valley,1.6
Hastings and Rye,5.0
Havant,3.5999999999999996
Henley and Thame,1.6
Herne Bay and Sandwich,3.2
Horsham,1.7999999999999998
Hove and Portslade,3.5000000000000004
Isle of Wight East,3.6999999999999997
Isle of Wight West,2.7
Lewes,2.7
Maidenhead,2.0
Maidstone and Malling,2.8000000000000003
Mid Buckinghamshire,1.4000000000000001
Mid Sussex,1.6
Milton Keynes Central,3.5999999999999996
Milton Keynes North,3.1
New Forest East,1.7999999999999998
New Forest West,1.9
Newbury,2.1
North East Hampshire,1.3
North West Hampshire,2.0
Oxford East,2.7
Oxford West and Abingdon,1.6
Portsmouth North,3.5999999999999996
Portsmouth South,4.8
Reading Central,3.5999999999999996
Reading West and Mid Berkshire,2.5
Reigate,1.7000000000000002
Rochester and Strood,3.5000000000000004
Romsey and Southampton North,1.7999999999999998
Runnymede and Weybridge,2.1
Sevenoaks,2.0
Sittingbourne and Sheppey,3.6999999999999997
Slough,4.7
Southampton Itchen,3.9
Southampton Test,4.3
Spelthorne,3.0
Surrey Heath,1.9
Sussex Weald,1.9
Tonbridge,2.1
Tunbridge Wells,2.4
Weald of Kent,2.1
Winchester,1.9
Windsor,2.4
Witney,1.7000000000000002
Woking,2.3
Wokingham,1.6
Worthing West,2.6
Wycombe,3.8
Bath,1.7999999999999998
Bournemouth East,3.8
Bournemouth West,3.4000000000000004
Bridgwater,2.6
Bristol Central,2.3
Bristol East,4.1000000000000005
Bristol North East,3.3000000000000003
Bristol North West,2.7
Bristol South,3.5000000000000004
Camborne and Redruth,2.9000000000000004
Central Devon,1.7999999999999998
Cheltenham,2.5
Chippenham,1.7999999999999998
Christchurch,2.0
East Wiltshire,1.7000000000000002
Exeter,1.9
Exmouth and Exeter East,1.5
Filton and Bradley Stoke,1.5
Forest of Dean,2.3
Frome and East Somerset,2.0
Glastonbury and Somerton,2.1999999999999997
Gloucester,3.4000000000000004
Honiton and Sidmouth,1.7000000000000002
Melksham and Devizes,2.3
Mid Dorset and North Poole,1.9
Newton Abbot,2.1
North Cornwall,2.5
North Cotswolds,1.7000000000000002
North Devon,2.4
North Dorset,1.7999999999999998
North East Somerset and Hanham,1.5
North Somerset,1.5
Plymouth Moor View,2.9000000000000004
Plymouth Sutton and Devonport,4.1000000000000005
Poole,2.7
Salisbury,2.3
South Cotswolds,1.6
South Devon,2.0
South Dorset,2.8000000000000003
South East Cornwall,2.4
South West Devon,1.5
South West Wiltshire,2.1999999999999997
St Austell and Newquay,3.0
St Ives,2.5
Stroud,1.7000000000000002
Swindon North,2.7
Swindon South,3.2
Taunton and Wellington,2.1999999999999997
Tewkesbury,2.0
Thornbury and Yate,1.7000000000000002
Tiverton and Minehead,2.0
Torbay,3.2
Torridge and Tavistock,2.1
Truro and Falmouth,2.1999999999999997
Wells and Mendip Hills,2.1
West Dorset,2.1
Weston-super-Mare,3.0
Yeovil,2.3
Aberafan Maesteg,3.4000000000000004
Alyn and Deeside,2.8000000000000003
Bangor Aberconwy,2.9000000000000004
Blaenau Gwent and Rhymney,4.2
"Brecon, Radnor and Cwm Tawe",2.5
Bridgend,2.4
Caerfyrddin,2.5
Caerphilly,3.2
Cardiff East,4.3
Cardiff North,1.9
Cardiff South and Penarth,3.3000000000000003
Cardiff West,3.6999999999999997
Ceredigion Preseli,2.3
Clwyd East,2.5
Clwyd North,4.2
Dwyfor Meirionnydd,2.3
Gower,2.1
Llanelli,2.8000000000000003
Merthyr Tydfil and Aberdare,3.3000000000000003
Mid and South Pembrokeshire,3.0
Monmouthshire,2.1
Montgomeryshire and Glyndwr,2.5
Neath and Swansea East,2.7
Newport East,5.0
Newport West and Islwyn,3.0
Pontypridd,2.7
Rhondda and Ogmore,3.5000000000000004
Swansea West,4.2
Torfaen,3.5999999999999996
Vale of Glamorgan,3.2
Wrexham,2.8000000000000003
Ynys Mon,3.5999999999999996
Aldridge-Brownhills,2.8000000000000003
Birmingham Edgbaston,7.8
Birmingham Erdington,8.799999999999999
Birmingham Hall Green and Moseley,8.6
Birmingham Hodge Hill and Solihull North,7.9
Birmingham Ladywood,10.100000000000001
Birmingham Northfield,7.000000000000001
Birmingham Perry Barr,12.2
Birmingham Selly Oak,5.3
Birmingham Yardley,8.3
Bromsgrove,2.4
Burton and Uttoxeter,3.4000000000000004
Cannock Chase,3.3000000000000003
Coventry East,7.000000000000001
Coventry North West,4.7
Coventry South,4.3999999999999995
Droitwich and Evesham,2.6
Dudley,5.7
Halesowen,4.1000000000000005
Hereford and South Herefordshire,2.6
Kenilworth and Southam,1.6
Kingswinford and South Staffordshire,2.4
Lichfield,2.1999999999999997
Meriden and Solihull East,3.5000000000000004
Newcastle-under-Lyme,3.0
North Herefordshire,2.1
North Shropshire,2.4
North Warwickshire and Bedworth,2.8000000000000003
Nuneaton,3.6999999999999997
Redditch,3.4000000000000004
Rugby,2.7
Shrewsbury,2.3
Smethwick,6.3
Solihull West and Shirley,2.3
South Shropshire,2.1999999999999997
Stafford,2.7
Staffordshire Moorlands,2.0
Stoke-on-Trent Central,5.800000000000001
Stoke-on-Trent North,5.0
Stoke-on-Trent South,3.2
"Stone, Great Wyrley and Penkridge",2.1999999999999997
Stourbridge,4.5
Stratford-on-Avon,1.7999999999999998
Sutton Coldfield,2.3
Tamworth,3.0
Telford,3.8
The Wrekin,2.3
Tipton and Wednesbury,6.0
Walsall and Bloxwich,6.9
Warwick and Leamington,2.1999999999999997
West Bromwich,5.5
West Worcestershire,2.4
Wolverhampton North East,6.3
Wolverhampton South East,7.199999999999999
Wolverhampton West,6.800000000000001
Worcester,3.4000000000000004
Wyre Forest,3.0
Barnsley North,3.3000000000000003
Barnsley South,4.1000000000000005
Beverley and Holderness,2.0
Bradford East,7.9
Bradford South,6.5
Bradford West,8.9
Bridlington and The Wolds,2.8000000000000003
Brigg and Immingham,2.0
Calder Valley,2.8000000000000003
Colne Valley,2.5
Dewsbury and Batley,5.5
Doncaster Central,5.7
Doncaster East and the Isle of Axholme,2.9000000000000004
Doncaster North,4.3999999999999995
Goole and Pocklington,2.1
Great Grimsby and Cleethorpes,5.4
Halifax,5.3
Harrogate and Knaresborough,1.7000000000000002
Huddersfield,5.5
Keighley and Ilkley,3.9
Kingston upon Hull East,5.4
Kingston upon Hull North and Cottingham,4.8
Kingston upon Hull West and Haltemprice,4.3
Leeds Central and Headingley,3.2
Leeds East,5.800000000000001
Leeds North East,4.0
Leeds North West,1.9
Leeds South,7.3
Leeds South West and Morley,3.0
Leeds West and Pudsey,4.7
Normanton and Hemsworth,2.9000000000000004
Ossett and Denby Dale,2.5
Penistone and Stocksbridge,2.1
"Pontefract, Castleford and Knottingley",3.4000000000000004
Rawmarsh and Conisbrough,3.6999999999999997
Richmond and Northallerton,1.7000000000000002
Rother Valley,2.8000000000000003
Rotherham,5.4
Scarborough and Whitby,2.8000000000000003
Scunthorpe,4.1000000000000005
Selby,2.1
Sheffield Brightside and Hillsborough,6.7
Sheffield Central,3.0
Sheffield Hallam,1.5
Sheffield Heeley,5.3
Sheffield South East,4.8
Shipley,3.0
Skipton and Ripon,1.6
Spen Valley,3.4000000000000004
Thirsk and Malton,1.7000000000000002
Wakefield and Rothwell,3.9
Wetherby and Easingwold,1.2
York Central,2.0
York Outer,1.0999999999999999
Basildon and Billericay,3.6999999999999997
Bedford,5.2
Braintree,2.5
Brentwood and Ongar,2.3
Broadland and Fakenham,1.7999999999999998
Broxbourne,3.1
Bury St Edmunds and Stowmarket,2.1
Cambridge,1.7999999999999998
Castle Point,2.3
Central Suffolk and North Ipswich,1.9
Chelmsford,2.6
Clacton,4.1000000000000005
Colchester,3.1
Dunstable and Leighton Buzzard,2.5
Ely and East Cambridgeshire,1.7999999999999998
Epping Forest,2.6
Great Yarmouth,4.3999999999999995
Harlow,3.9
Harpenden and Berkhamsted,1.6
Harwich and North Essex,2.6
Hemel Hempstead,3.4000000000000004
Hertford and Stortford,1.7999999999999998
Hertsmere,2.8000000000000003
Hitchin,1.7999999999999998
Huntingdon,1.9
Ipswich,4.8
Lowestoft,3.6999999999999997
Luton North,4.5
Luton South and South Bedfordshire,6.0
Maldon,2.1
Mid Bedfordshire,1.7000000000000002
Mid Norfolk,1.7999999999999998
North Bedfordshire,2.1
North East Cambridgeshire,3.5999999999999996
North East Hertfordshire,2.0
North Norfolk,2.4
North West Cambridgeshire,3.1
North West Essex,1.7999999999999998
North West Norfolk,2.8000000000000003
Norwich North,3.0
Norwich South,3.2
Peterborough,6.1
Rayleigh and Wickford,1.7000000000000002
South Basildon and East Thurrock,3.3000000000000003
South Cambridgeshire,1.5
South Norfolk,1.7999999999999998
South Suffolk,2.1
South West Hertfordshire,2.3
South West Norfolk,2.4
Southend East and Rochford,4.9
Southend West and Leigh,3.1
St Albans,2.3
St Neots and Mid Cambridgeshire,1.7999999999999998
Stevenage,2.8000000000000003
Suffolk Coastal,1.7999999999999998
Thurrock,4.3
Watford,3.5999999999999996
Waveney Valley,2.1
Welwyn Hatfield,2.4
West Suffolk,2.1
Witham,2.3
Amber Valley,2.8000000000000003
Ashfield,3.6999999999999997
Bassetlaw,3.2
Bolsover,2.9000000000000004
Boston and Skegness,3.9
Broxtowe,2.4
Chesterfield,3.5000000000000004
Corby and East Northamptonshire,3.2
Daventry,2.1
Derby North,3.8
Derby South,6.1
Derbyshire Dales,1.7000000000000002
Erewash,3.2
Gainsborough,2.9000000000000004
Gedling,3.0
Grantham and Bourne,3.0
"Harborough, Oadby and Wigston",2.1
High Peak,2.5
Hinckley and Bosworth,2.3
Kettering,3.3000000000000003
Leicester East,4.3999999999999995
Leicester South,4.8
Leicester West,5.4
Lincoln,3.5999999999999996
Loughborough,2.3
Louth and Horncastle,2.1999999999999997
Mansfield,3.9
Melton and Syston,2.5
Mid Derbyshire,1.7000000000000002
Mid Leicestershire,2.0
Newark,2.7
North East Derbyshire,2.5
North West Leicestershire,2.0
Northampton North,4.8
Northampton South,2.8000000000000003
Nottingham East,6.1
Nottingham North and Kimberley,5.8999999999999995
Nottingham South,3.8
Rushcliffe,1.7999999999999998
Rutland and Stamford,1.7000000000000002
Sherwood Forest,2.8000000000000003
Sleaford and North Hykeham,1.7999999999999998
South Derbyshire,2.1999999999999997
South Holland and The Deepings,2.7
South Leicestershire,1.7000000000000002
South Northamptonshire,1.5
Wellingborough and Rushden,3.4000000000000004
Barking,6.5
Battersea,3.0
Beckenham and Penge,3.2
Bermondsey and Old Southwark,4.1000000000000005
Bethnal Green and Stepney,5.8999999999999995
Bexleyheath and Crayford,3.0
Brent East,7.6
Brent West,4.3999999999999995
Brentford and Isleworth,4.9
Bromley and Biggin Hill,2.7
Carshalton and Wallington,3.3000000000000003
Chelsea and Fulham,3.3000000000000003
Chingford and Woodford Green,4.3
Chipping Barnet,3.4000000000000004
Cities of London and Westminster,2.9000000000000004
Clapham and Brixton Hill,4.7
Croydon East,5.2
Croydon South,3.4000000000000004
Croydon West,7.000000000000001
Dagenham and Rainham,5.5
Dulwich and West Norwood,5.4
Ealing Central and Acton,4.9
Ealing North,5.7
Ealing Southall,5.3
East Ham,6.6000000000000005
Edmonton and Winchmore Hill,6.800000000000001
Eltham and Chislehurst,4.0
Enfield North,5.800000000000001
Erith and Thamesmead,5.800000000000001
Feltham and Heston,5.3
Finchley and Golders Green,4.3999999999999995
Greenwich and Woolwich,4.5
Hackney North and Stoke Newington,6.3
Hackney South and Shoreditch,6.0
Hammersmith and Chiswick,4.5
Hampstead and Highgate,3.5999999999999996
Harrow East,3.5999999999999996
Harrow West,4.0
Hayes and Harlington,5.0
Hendon,4.7
Holborn and St Pancras,4.7
Hornchurch and Upminster,3.5000000000000004
Hornsey and Friern Barnet,4.5
Ilford North,4.6
Ilford South,6.0
Islington North,5.4
Islington South and Finsbury,5.1
Kensington and Bayswater,3.3000000000000003
Kingston and Surbiton,2.9000000000000004
Lewisham East,6.4
Lewisham North,5.6000000000000005
Lewisham West and East Dulwich,5.0
Leyton and Wanstead,5.5
Mitcham and Morden,5.2
Old Bexley and Sidcup,2.1999999999999997
Orpington,3.0
Peckham,5.800000000000001
Poplar and Limehouse,4.5
Putney,3.5000000000000004
Queen's Park and Maida Vale,6.3
Richmond Park,2.3
Romford,4.0
"Ruislip, Northwood and Pinner",2.4
Southgate and Wood Green,5.800000000000001
Stratford and Bow,5.5
Streatham and Croydon North,6.0
Sutton and Cheam,2.5
Tooting,3.3000000000000003
Tottenham,7.9
Twickenham,2.3
Uxbridge and South Ruislip,3.4000000000000004
Vauxhall and Camberwell Green,5.4
Walthamstow,6.4
West Ham and Beckton,6.3
Wimbledon,2.5
Bishop Auckland,3.3000000000000003
Blaydon and Consett,3.0
Blyth and Ashington,4.3999999999999995
City of Durham,2.0
Cramlington and Killingworth,2.8000000000000003
Darlington,4.3999999999999995
Easington,4.2
Gateshead Central and Whickham,4.6
Hartlepool,4.9
Hexham,2.1999999999999997
Houghton and Sunderland South,3.9
Jarrow and Gateshead East,4.6
Middlesbrough South and East Cleveland,3.2
Middlesbrough and Thornaby East,6.0
Newcastle upon Tyne Central and West,5.2
Newcastle upon Tyne East and Wallsend,4.5
Newcastle upon Tyne North,2.1
Newton Aycliffe and Spennymoor,3.2
North Durham,2.9000000000000004
North Northumberland,2.3
Redcar,4.2
South Shields,5.6000000000000005
Stockton North,5.1
Stockton West,1.7999999999999998
Sunderland Central,4.5
Tynemouth,3.3000000000000003
Washington and Gateshead South,3.9
Altrincham and Sale West,2.0
Ashton-under-Lyne,5.2
Barrow and Furness,2.7
Birkenhead,4.7
Blackburn,5.5
Blackley and Middleton South,6.5
Blackpool North and Fleetwood,3.5000000000000004
Blackpool South,6.5
Bolton North East,5.7
Bolton South and Walkden,6.3
Bolton West,3.2
Bootle,5.6000000000000005
Burnley,5.3
Bury North,4.2
Bury South,3.8
Carlisle,2.5
Cheadle,1.9
Chester North and Neston,2.5
Chester South and Eddisbury,1.5
Chorley,2.5
Congleton,1.7999999999999998
Crewe and Nantwich,3.0
Ellesmere Port and Bromborough,3.0
Fylde,2.3
Gorton and Denton,7.000000000000001
Hazel Grove,2.7
Heywood and Middleton North,5.0
Hyndburn,5.1
Knowsley,4.7
Lancaster and Wyre,2.1
Leigh and Atherton,4.0
Liverpool Garston,3.8
Liverpool Riverside,5.6000000000000005
Liverpool Walton,5.5
Liverpool Wavertree,5.6000000000000005
Liverpool West Derby,5.6000000000000005
Macclesfield,2.3
Makerfield,2.9000000000000004
Manchester Central,4.5
Manchester Rusholme,6.2
Manchester Withington,3.4000000000000004
Mid Cheshire,2.5
Morecambe and Lunesdale,3.0
Oldham East and Saddleworth,6.2
"Oldham West, Chadderton and Royton",6.6000000000000005
Pendle and Clitheroe,3.9
Penrith and Solway,1.7999999999999998
Preston,5.1
Ribble Valley,1.7000000000000002
Rochdale,6.1
Rossendale and Darwen,3.4000000000000004
Runcorn and Helsby,3.8
Salford,4.7
Sefton Central,1.9
South Ribble,2.1
Southport,2.8000000000000003
St Helens North,3.5000000000000004
St Helens South and Whiston,4.1000000000000005
Stalybridge and Hyde,4.1000000000000005
Stockport,4.3
Stretford and Urmston,4.0
Tatton,1.7999999999999998
Wallasey,4.1000000000000005
Warrington North,2.8000000000000003
Warrington South,2.1999999999999997
West Lancashire,2.8000000000000003
Westmorland and Lonsdale,1.3
Whitehaven and Workington,2.7
Widnes and Halewood,3.8
Wigan,3.9
Wirral West,1.7999999999999998
Worsley and Eccles,4.1000000000000005
Wythenshawe and Sale East,4.7
Belfast East,3.2
Belfast North,4.9
Belfast South and Mid Down,2.4
Belfast West,5.0
East Antrim,2.7
East Londonderry,3.4000000000000004
Fermanagh and South Tyrone,2.7
Foyle,5.8999999999999995
Lagan Valley,2.1
Mid Ulster,2.1
Newry and Armagh,3.4000000000000004
North Antrim,3.1
North Down,2.4
South Antrim,2.3
South Down,2.6
Strangford,3.1
Upper Bann,3.1
West Tyrone,2.9000000000000004
Aberdeen North,3.5000000000000004
Aberdeen South,2.7
Aberdeenshire North and Moray East,2.6
Airdrie and Shotts,3.3000000000000003
Alloa and Grangemouth,3.1
Angus and Perthshire Glens,2.5
Arbroath and Broughty Ferry,2.9000000000000004
"Argyll, Bute and South Lochaber",2.4
"Ayr, Carrick and Cumnock",4.0
Bathgate and Linlithgow,2.7
"Berwickshire, Roxburgh and Selkirk",3.0
"Caithness, Sutherland and Easter Ross",2.1
Central Ayrshire,3.3000000000000003
Coatbridge and Bellshill,3.5999999999999996
Cowdenbeath and Kirkcaldy,4.2
Cumbernauld and Kirkintilloch,2.8000000000000003
Dumfries and Galloway,3.0
"Dumfriesshire, Clydesdale and Tweeddale",2.4
Dundee Central,4.3999999999999995
Dunfermline and Dollar,2.6
East Kilbride and Strathaven,2.0
East Renfrewshire,1.7999999999999998
Edinburgh East and Musselburgh,2.6
Edinburgh North and Leith,3.1
Edinburgh South,1.6
Edinburgh South West,2.5
Edinburgh West,1.7000000000000002
Falkirk,2.9000000000000004
Glasgow East,5.1
Glasgow North,4.2
Glasgow North East,5.6000000000000005
Glasgow South,4.3
Glasgow South West,4.7
Glasgow West,4.1000000000000005
Glenrothes and Mid Fife,4.2
Gordon and Buchan,1.5
Hamilton and Clyde Valley,3.6999999999999997
Inverclyde and Renfrewshire West,3.2
"Inverness, Skye and West Ross-shire",2.1
Kilmarnock and Loudoun,3.9
Livingston,2.5
Lothian East,2.1
Mid Dunbartonshire,1.7000000000000002
Midlothian,2.1999999999999997
"Moray West, Nairn and Strathspey",2.0
"Motherwell, Wishaw and Carluke",3.2
Na h-Eileanan an Iar,1.7999999999999998
North Ayrshire and Arran,4.3999999999999995
North East Fife,2.0
Orkney and Shetland,1.6
Paisley and Renfrewshire North,3.2
Paisley and Renfrewshire South,3.3000000000000003
Perth and Kinross-shire,2.7
Rutherglen,3.2
Stirling and Strathallan,2.3
West Aberdeenshire and Kincardine,1.3
West Dunbartonshire,4.2
Aldershot,2.4
Arundel and South Downs,2.0
Ashford,3.1
Aylesbury,3.2
Banbury,2.1999999999999997
Basingstoke,3.0
Beaconsfield,2.1
Bexhill and Battle,3.0
Bicester and Woodstock,1.7000000000000002
Bognor Regis and Littlehampton,3.3000000000000003
Bracknell,2.0
Brighton Kemptown and Peacehaven,4.3999999999999995
Brighton Pavilion,3.5000000000000004
Buckingham and Bletchley,3.0
Canterbury,3.1
Chatham and Aylesford,3.5999999999999996
Chesham and Amersham,2.0
Chichester,2.9000000000000004
Crawley,3.6999999999999997
Dartford,2.9000000000000004
Didcot and Wantage,2.1
Dorking and Horley,1.7999999999999998
Dover and Deal,3.9
Earley and Woodley,2.1999999999999997
East Grinstead and Uckfield,1.9
East Hampshire,1.7999999999999998
East Surrey,2.0
East Thanet,5.800000000000001
East Worthing and Shoreham,2.5
Eastbourne,4.2
Eastleigh,1.7999999999999998
Epsom and Ewell,1.9
Esher and Walton,2.1
Fareham and Waterlooville,2.4
Farnham and Bordon,1.7999999999999998
Faversham and Mid Kent,2.6
Folkestone and Hythe,4.2
Gillingham and Rainham,3.5999999999999996
Godalming and Ash,1.7000000000000002
Gosport,2.9000000000000004
Gravesham,4.2
Guildford,1.7999999999999998
Hamble Valley,1.6
Hastings and Rye,4.9
Havant,3.5999999999999996
Henley and Thame,1.6
Herne Bay and Sandwich,3.2
Horsham,1.7999999999999998
Hove and Portslade,3.5999999999999996
Isle of Wight East,3.9
Isle of Wight West,2.8000000000000003
Lewes,2.7
Maidenhead,2.0
Maidstone and Malling,2.9000000000000004
Mid Buckinghamshire,1.4000000000000001
Mid Sussex,1.6
Milton Keynes Central,3.5999999999999996
Milton Keynes North,3.2
New Forest East,1.9
New Forest West,2.0
Newbury,2.1
North East Hampshire,1.3
North West Hampshire,2.0
Oxford East,2.6
Oxford West and Abingdon,1.6
Portsmouth North,3.5999999999999996
Portsmouth South,4.9
Reading Central,3.5999999999999996
Reading West and Mid Berkshire,2.5
Reigate,1.7999999999999998
Rochester and Strood,3.5000000000000004
Romsey and Southampton North,1.7999999999999998
Runnymede and Weybridge,2.1999999999999997
Sevenoaks,2.0
Sittingbourne and Sheppey,3.6999999999999997
Slough,4.7
Southampton Itchen,3.9
Southampton Test,4.3
Spelthorne,3.1
Surrey Heath,1.9
Sussex Weald,1.9
Tonbridge,2.1
Tunbridge Wells,2.3
Weald of Kent,2.1999999999999997
Winchester,1.9
Windsor,2.4
Witney,1.7000000000000002
Woking,2.4
Wokingham,1.6
Worthing West,2.6
Wycombe,3.8
Bath,1.7000000000000002
Bournemouth East,3.5999999999999996
Bournemouth West,3.3000000000000003
Bridgwater,2.6
Bristol Central,2.3
Bristol East,4.1000000000000005
Bristol North East,3.3000000000000003
Bristol North West,2.7
Bristol South,3.5999999999999996
Camborne and Redruth,2.9000000000000004
Central Devon,1.7999999999999998
Cheltenham,2.5
Chippenham,1.7000000000000002
Christchurch,2.0
East Wiltshire,1.6
Exeter,1.9
Exmouth and Exeter East,1.5
Filton and Bradley Stoke,1.5
Forest of Dean,2.3
Frome and East Somerset,2.1
Glastonbury and Somerton,2.1999999999999997
Gloucester,3.4000000000000004
Honiton and Sidmouth,1.7000000000000002
Melksham and Devizes,2.1999999999999997
Mid Dorset and North Poole,1.9
Newton Abbot,2.1
North Cornwall,2.6
North Cotswolds,1.7000000000000002
North Devon,2.3
North Dorset,1.7000000000000002
North East Somerset and Hanham,1.5
North Somerset,1.6
Plymouth Moor View,2.9000000000000004
Plymouth Sutton and Devonport,4.1000000000000005
Poole,2.6
Salisbury,2.1999999999999997
South Cotswolds,1.5
South Devon,2.0
South Dorset,2.8000000000000003
South East Cornwall,2.4
South West Devon,1.5
South West Wiltshire,2.3
St Austell and Newquay,3.0
St Ives,2.5
Stroud,1.7000000000000002
Swindon North,2.7
Swindon South,3.3000000000000003
Taunton and Wellington,2.3
Tewkesbury,2.1
Thornbury and Yate,1.6
Tiverton and Minehead,2.0
Torbay,3.3000000000000003
Torridge and Tavistock,2.1
Truro and Falmouth,2.1
Wells and Mendip Hills,2.1999999999999997
West Dorset,2.0
Weston-super-Mare,3.1
Yeovil,2.4
Aberafan Maesteg,3.3000000000000003
Alyn and Deeside,2.8000000000000003
Bangor Aberconwy,2.8000000000000003
Blaenau Gwent and Rhymney,4.3
"Brecon, Radnor and Cwm Tawe",2.5
Bridgend,2.3
Caerfyrddin,2.5
Caerphilly,3.2
Cardiff East,4.3
Cardiff North,1.9
Cardiff South and Penarth,3.3000000000000003
Cardiff West,3.5000000000000004
Ceredigion Preseli,2.3
Clwyd East,2.5
Clwyd North,4.2
Dwyfor Meirionnydd,2.3
Gower,2.1
Llanelli,2.9000000000000004
Merthyr Tydfil and Aberdare,3.3000000000000003
Mid and South Pembrokeshire,2.9000000000000004
Monmouthshire,2.1999999999999997
Montgomeryshire and Glyndwr,2.5
Neath and Swansea East,2.7
Newport East,5.0
Newport West and Islwyn,2.9000000000000004
Pontypridd,2.7
Rhondda and Ogmore,3.5000000000000004
Swansea West,4.2
Torfaen,3.5000000000000004
Vale of Glamorgan,3.1
Wrexham,2.8000000000000003
Ynys Mon,3.5999999999999996
Aldridge-Brownhills,2.8000000000000003
Birmingham Edgbaston,7.8
Birmingham Erdington,8.9
Birmingham Hall Green and Moseley,8.5
Birmingham Hodge Hill and Solihull North,7.9
Birmingham Ladywood,10.2
Birmingham Northfield,7.000000000000001
Birmingham Perry Barr,12.2
Birmingham Selly Oak,5.3
Birmingham Yardley,8.3
Bromsgrove,2.4
Burton and Uttoxeter,3.4000000000000004
Cannock Chase,3.2
Coventry East,6.9
Coventry North West,4.6
Coventry South,4.3999999999999995
Droitwich and Evesham,2.5
Dudley,5.6000000000000005
Halesowen,4.1000000000000005
Hereford and South Herefordshire,2.4
Kenilworth and Southam,1.6
Kingswinford and South Staffordshire,2.4
Lichfield,2.1999999999999997
Meriden and Solihull East,3.5999999999999996
Newcastle-under-Lyme,3.0
North Herefordshire,2.1
North Shropshire,2.5
North Warwickshire and Bedworth,2.7
Nuneaton,3.6999999999999997
Redditch,3.3000000000000003
Rugby,2.6
Shrewsbury,2.3
Smethwick,6.3
Solihull West and Shirley,2.3
South Shropshire,2.1
Stafford,2.7
Staffordshire Moorlands,1.9
Stoke-on-Trent Central,5.7
Stoke-on-Trent North,4.9
Stoke-on-Trent South,3.2
"Stone, Great Wyrley and Penkridge",2.1
Stourbridge,4.6
Stratford-on-Avon,1.7999999999999998
Sutton Coldfield,2.3
Tamworth,3.0
Telford,3.8
The Wrekin,2.3
Tipton and Wednesbury,5.8999999999999995
Walsall and Bloxwich,6.9
Warwick and Leamington,2.1999999999999997
West Bromwich,5.6000000000000005
West Worcestershire,2.3
Wolverhampton North East,6.4
Wolverhampton South East,7.199999999999999
Wolverhampton West,6.800000000000001
Worcester,3.4000000000000004
Wyre Forest,3.0
Barnsley North,3.3000000000000003
Barnsley South,4.1000000000000005
Beverley and Holderness,2.0
Bradford East,7.8
Bradford South,6.4
Bradford West,8.799999999999999
Bridlington and The Wolds,2.8000000000000003
Brigg and Immingham,2.1
Calder Valley,2.8000000000000003
Colne Valley,2.5
Dewsbury and Batley,5.4
Doncaster Central,5.7
Doncaster East and the Isle of Axholme,2.9000000000000004
Doncaster North,4.3
Goole and Pocklington,2.0
Great Grimsby and Cleethorpes,5.3
Halifax,5.1
Harrogate and Knaresborough,1.7000000000000002
Huddersfield,5.5
Keighley and Ilkley,3.9
Kingston upon Hull East,5.3
Kingston upon Hull North and Cottingham,4.7
Kingston upon Hull West and Haltemprice,4.2
Leeds Central and Headingley,3.1
Leeds East,5.7
Leeds North East,4.0
Leeds North West,1.9
Leeds South,7.3
Leeds South West and Morley,2.9000000000000004
Leeds West and Pudsey,4.7
Normanton and Hemsworth,2.9000000000000004
Ossett and Denby Dale,2.5
Penistone and Stocksbridge,2.1
"Pontefract, Castleford and Knottingley",3.2
Rawmarsh and Conisbrough,3.6999999999999997
Richmond and Northallerton,1.7000000000000002
Rother Valley,2.7
Rotherham,5.5
Scarborough and Whitby,2.7
Scunthorpe,4.0
Selby,2.1
Sheffield Brightside and Hillsborough,6.7
Sheffield Central,3.0
Sheffield Hallam,1.4000000000000001
Sheffield Heeley,5.1
Sheffield South East,4.7
Shipley,3.0
Skipton and Ripon,1.5
Spen Valley,3.3000000000000003
Thirsk and Malton,1.7000000000000002
Wakefield and Rothwell,3.8
Wetherby and Easingwold,1.0999999999999999
York Central,2.0
York Outer,1.0
Basildon and Billericay,3.6999999999999997
Bedford,5.2
Braintree,2.4
Brentwood and Ongar,2.4
Broadland and Fakenham,1.7999999999999998
Broxbourne,3.1
Bury St Edmunds and Stowmarket,2.1
Cambridge,1.9
Castle Point,2.3
Central Suffolk and North Ipswich,1.9
Chelmsford,2.5
Clacton,4.1000000000000005
Colchester,3.2
Dunstable and Leighton Buzzard,2.5
Ely and East Cambridgeshire,1.7999999999999998
Epping Forest,2.7
Great Yarmouth,4.3999999999999995
Harlow,4.0
Harpenden and Berkhamsted,1.6
Harwich and North Essex,2.5
Hemel Hempstead,3.4000000000000004
Hertford and Stortford,1.9
Hertsmere,2.9000000000000004
Hitchin,1.7999999999999998
Huntingdon,2.0
Ipswich,4.7
Lowestoft,3.8
Luton North,4.5
Luton South and South Bedfordshire,6.0
Maldon,2.1
Mid Bedfordshire,1.7000000000000002
Mid Norfolk,1.9
North Bedfordshire,2.1999999999999997
North East Cambridgeshire,3.5999999999999996
North East Hertfordshire,2.0
North Norfolk,2.4
North West Cambridgeshire,3.2
North West Essex,1.7999999999999998
North West Norfolk,2.8000000000000003
Norwich North,2.9000000000000004
Norwich South,3.2
Peterborough,6.0
Rayleigh and Wickford,1.7000000000000002
South Basildon and East Thurrock,3.2
South Cambridgeshire,1.5
South Norfolk,1.7999999999999998
South Suffolk,2.1
South West Hertfordshire,2.3
South West Norfolk,2.4
Southend East and Rochford,4.9
Southend West and Leigh,3.1
St Albans,2.3
St Neots and Mid Cambridgeshire,1.7999999999999998
Stevenage,2.9000000000000004
Suffolk Coastal,1.7999999999999998
Thurrock,4.3
Watford,3.5999999999999996
Waveney Valley,2.0
Welwyn Hatfield,2.5
West Suffolk,2.1
Witham,2.3
Amber Valley,2.8000000000000003
Ashfield,3.6999999999999997
Bassetlaw,3.5999999999999996
Bolsover,3.0
Boston and Skegness,4.0
Broxtowe,2.5
Chesterfield,3.5999999999999996
Corby and East Northamptonshire,3.2
Daventry,2.1999999999999997
Derby North,3.6999999999999997
Derby South,6.1
Derbyshire Dales,1.7000000000000002
Erewash,3.2
Gainsborough,2.8000000000000003
Gedling,3.0
Grantham and Bourne,2.9000000000000004
"Harborough, Oadby and Wigston",2.1
High Peak,2.5
Hinckley and Bosworth,2.3
Kettering,3.3000000000000003
Leicester East,4.3
Leicester South,4.8
Leicester West,5.4
Lincoln,3.5999999999999996
Loughborough,2.3
Louth and Horncastle,2.3
Mansfield,3.9
Melton and Syston,2.4
Mid Derbyshire,1.7000000000000002
Mid Leicestershire,2.0
Newark,2.7
North East Derbyshire,2.7
North West Leicestershire,2.0
Northampton North,4.7
Northampton South,2.8000000000000003
Nottingham East,6.0
Nottingham North and Kimberley,5.8999999999999995
Nottingham South,3.8
Rushcliffe,1.7000000000000002
Rutland and Stamford,1.7000000000000002
Sherwood Forest,2.7
Sleaford and North Hykeham,1.7999999999999998
South Derbyshire,2.1999999999999997
South Holland and The Deepings,2.7
South Leicestershire,1.7000000000000002
South Northamptonshire,1.5
Wellingborough and Rushden,3.5000000000000004
Barking,6.5
Battersea,3.0
Beckenham and Penge,3.2
Bermondsey and Old Southwark,4.1000000000000005
Bethnal Green and Stepney,5.800000000000001
Bexleyheath and Crayford,3.1
Brent East,7.7
Brent West,4.3999999999999995
Brentford and Isleworth,4.9
Bromley and Biggin Hill,2.7
Carshalton and Wallington,3.3000000000000003
Chelsea and Fulham,3.2
Chingford and Woodford Green,4.3
Chipping Barnet,3.4000000000000004
Cities of London and Westminster,3.0
Clapham and Brixton Hill,4.7
Croydon East,5.2
Croydon South,3.4000000000000004
Croydon West,6.9
Dagenham and Rainham,5.6000000000000005
Dulwich and West Norwood,5.4
Ealing Central and Acton,5.0
Ealing North,5.7
Ealing Southall,5.3
East Ham,6.6000000000000005
Edmonton and Winchmore Hill,6.800000000000001
Eltham and Chislehurst,4.0
Enfield North,6.0
Erith and Thamesmead,5.7
Feltham and Heston,5.3
Finchley and Golders Green,4.3
Greenwich and Woolwich,4.3999999999999995
Hackney North and Stoke Newington,6.4
Hackney South and Shoreditch,6.1
Hammersmith and Chiswick,4.5
Hampstead and Highgate,3.5999999999999996
Harrow East,3.5999999999999996
Harrow West,4.0
Hayes and Harlington,4.9
Hendon,4.6
Holborn and St Pancras,4.7
Hornchurch and Upminster,3.5999999999999996
Hornsey and Friern Barnet,4.6
Ilford North,4.5
Ilford South,6.1
Islington North,5.4
Islington South and Finsbury,5.1
Kensington and Bayswater,3.3000000000000003
Kingston and Surbiton,2.9000000000000004
Lewisham East,6.5
Lewisham North,5.6000000000000005
Lewisham West and East Dulwich,5.0
Leyton and Wanstead,5.6000000000000005
Mitcham and Morden,5.2
Old Bexley and Sidcup,2.1999999999999997
Orpington,3.0
Peckham,6.0
Poplar and Limehouse,4.3999999999999995
Putney,3.5000000000000004
Queen's Park and Maida Vale,6.4
Richmond Park,2.3
Romford,4.0
"Ruislip, Northwood and Pinner",2.4
Southgate and Wood Green,5.800000000000001
Stratford and Bow,5.5
Streatham and Croydon North,6.0
Sutton and Cheam,2.5
Tooting,3.3000000000000003
Tottenham,7.8
Twickenham,2.3
Uxbridge and South Ruislip,3.5000000000000004
Vauxhall and Camberwell Green,5.3
Walthamstow,6.4
West Ham and Beckton,6.5
Wimbledon,2.5
Bishop Auckland,3.3000000000000003
Blaydon and Consett,3.0
Blyth and Ashington,4.3999999999999995
City of Durham,2.0
Cramlington and Killingworth,2.8000000000000003
Darlington,4.3999999999999995
Easington,4.2
Gateshead Central and Whickham,4.6
Hartlepool,4.8
Hexham,2.1
Houghton and Sunderland South,3.8
Jarrow and Gateshead East,4.6
Middlesbrough South and East Cleveland,3.3000000000000003
Middlesbrough and Thornaby East,5.8999999999999995
Newcastle upon Tyne Central and West,5.1
Newcastle upon Tyne East and Wallsend,4.6
Newcastle upon Tyne North,2.0
Newton Aycliffe and Spennymoor,3.3000000000000003
North Durham,3.0
North Northumberland,2.3
Redcar,4.3
South Shields,5.5
Stockton North,4.9
Stockton West,1.7999999999999998
Sunderland Central,4.3999999999999995
Tynemouth,3.3000000000000003
Washington and Gateshead South,3.5999999999999996
Altrincham and Sale West,2.0
Ashton-under-Lyne,5.1
Barrow and Furness,2.6
Birkenhead,4.7
Blackburn,5.5
Blackley and Middleton South,6.4
Blackpool North and Fleetwood,3.5999999999999996
Blackpool South,6.4
Bolton North East,5.7
Bolton South and Walkden,6.2
Bolton West,3.2
Bootle,5.5
Burnley,5.3
Bury North,4.1000000000000005
Bury South,3.9
Carlisle,2.6
Cheadle,1.9
Chester North and Neston,2.6
Chester South and Eddisbury,1.5
Chorley,2.5
Congleton,1.7999999999999998
Crewe and Nantwich,3.1
Ellesmere Port and Bromborough,3.0
Fylde,2.3
Gorton and Denton,7.000000000000001
Hazel Grove,2.8000000000000003
Heywood and Middleton North,4.9
Hyndburn,5.1
Knowsley,4.7
Lancaster and Wyre,2.1
Leigh and Atherton,4.0
Liverpool Garston,3.8
Liverpool Riverside,5.7
Liverpool Walton,5.5
Liverpool Wavertree,5.6000000000000005
Liverpool West Derby,5.6000000000000005
Macclesfield,2.1999999999999997
Makerfield,2.8000000000000003
Manchester Central,4.5
Manchester Rusholme,6.2
Manchester Withington,3.4000000000000004
Mid Cheshire,2.5
Morecambe and Lunesdale,2.9000000000000004
Oldham East and Saddleworth,6.2
"Oldham West, Chadderton and Royton",6.5
Pendle and Clitheroe,3.9
Penrith and Solway,1.7999999999999998
Preston,5.0
Ribble Valley,1.7000000000000002
Rochdale,6.0
Rossendale and Darwen,3.4000000000000004
Runcorn and Helsby,3.6999999999999997
Salford,4.7
Sefton Central,1.9
South Ribble,2.1
Southport,2.9000000000000004
St Helens North,3.5000000000000004
St Helens South and Whiston,4.1000000000000005
Stalybridge and Hyde,4.1000000000000005
Stockport,4.3
Stretford and Urmston,4.2
Tatton,1.7999999999999998
Wallasey,4.0
Warrington North,2.7
Warrington South,2.3
West Lancashire,2.8000000000000003
Westmorland and Lonsdale,1.4000000000000001
Whitehaven and Workington,2.8000000000000003
Widnes and Halewood,3.9
Wigan,3.9
Wirral West,1.7000000000000002
Worsley and Eccles,4.1000000000000005
Wythenshawe and Sale East,4.7
Belfast East,3.1
Belfast North,4.9
Belfast South and Mid Down,2.3
Belfast West,4.8
East Antrim,2.7
East Londonderry,3.4000000000000004
Fermanagh and South Tyrone,2.7
Foyle,6.0
Lagan Valley,2.1
Mid Ulster,2.0
Newry and Armagh,3.3000000000000003
North Antrim,3.0
North Down,2.4
South Antrim,2.1999999999999997
South Down,2.6
Strangford,3.0
Upper Bann,3.0
West Tyrone,2.8000000000000003
Aberdeen North,3.5000000000000004
Aberdeen South,2.6
Aberdeenshire North and Moray East,2.6
Airdrie and Shotts,3.3000000000000003
Alloa and Grangemouth,3.1
Angus and Perthshire Glens,2.5
Arbroath and Broughty Ferry,2.9000000000000004
"Argyll, Bute and South Lochaber",2.4
"Ayr, Carrick and Cumnock",4.0
Bathgate and Linlithgow,2.6
"Berwickshire, Roxburgh and Selkirk",3.0
"Caithness, Sutherland and Easter Ross",2.1
Central Ayrshire,3.3000000000000003
Coatbridge and Bellshill,3.5000000000000004
Cowdenbeath and Kirkcaldy,4.1000000000000005
Cumbernauld and Kirkintilloch,2.8000000000000003
Dumfries and Galloway,2.9000000000000004
"Dumfriesshire, Clydesdale and Tweeddale",2.4
Dundee Central,4.3
Dunfermline and Dollar,2.5
East Kilbride and Strathaven,2.0
East Renfrewshire,1.7999999999999998
Edinburgh East and Musselburgh,2.6
Edinburgh North and Leith,3.1
Edinburgh South,1.6
Edinburgh South West,2.4
Edinburgh West,1.7000000000000002
Falkirk,2.9000000000000004
Glasgow East,5.0
Glasgow North,4.3
Glasgow North East,5.4
Glasgow South,4.3
Glasgow South West,4.6
Glasgow West,4.0
Glenrothes and Mid Fife,4.2
Gordon and Buchan,1.4000000000000001
Hamilton and Clyde Valley,3.5999999999999996
Inverclyde and Renfrewshire West,3.1
"Inverness, Skye and West Ross-shire",2.1
Kilmarnock and Loudoun,4.0
Livingston,2.4
Lothian East,2.1
Mid Dunbartonshire,1.6
Midlothian,2.1
"Moray West, Nairn and Strathspey",2.0
"Motherwell, Wishaw and Carluke",3.2
Na h-Eileanan an Iar,1.7000000000000002
North Ayrshire and Arran,4.3999999999999995
North East Fife,1.9
Orkney and Shetland,1.5
Paisley and Renfrewshire North,3.1
Paisley and Renfrewshire South,3.2
Perth and Kinross-shire,2.6
Rutherglen,3.1
Stirling and Strathallan,2.3
West Aberdeenshire and Kincardine,1.3
West Dunbartonshire,4.2
Aldershot,2.4
Arundel and South Downs,2.0
Ashford,3.0
Aylesbury,3.2
Banbury,2.1999999999999997
Basingstoke,2.9000000000000004
Beaconsfield,2.1
Bexhill and Battle,3.0
Bicester and Woodstock,1.7000000000000002
Bognor Regis and Littlehampton,3.4000000000000004
Bracknell,2.0
Brighton Kemptown and Peacehaven,4.3
Brighton Pavilion,3.5999999999999996
Buckingham and Bletchley,3.0
Canterbury,3.0
Chatham and Aylesford,3.5999999999999996
Chesham and Amersham,2.0
Chichester,3.0
Crawley,3.6999999999999997
Dartford,2.9000000000000004
Didcot and Wantage,2.1
Dorking and Horley,1.7999999999999998
Dover and Deal,3.9
Earley and Woodley,2.3
East Grinstead and Uckfield,1.9
East Hampshire,1.9
East Surrey,2.1
East Thanet,5.8999999999999995
East Worthing and Shoreham,2.5
Eastbourne,4.2
Eastleigh,1.7999999999999998
Epsom and Ewell,1.9
Esher and Walton,2.1
Fareham and Waterlooville,2.3
Farnham and Bordon,1.7999999999999998
Faversham and Mid Kent,2.7
Folkestone and Hythe,4.2
Gillingham and Rainham,3.5999999999999996
Godalming and Ash,1.7000000000000002
Gosport,3.0
Gravesham,4.2
Guildford,1.7999999999999998
Hamble Valley,1.6
Hastings and Rye,5.0
Havant,3.5999999999999996
Henley and Thame,1.5
Herne Bay and Sandwich,3.2
Horsham,1.9
Hove and Portslade,3.5999999999999996
Isle of Wight East,4.0
Isle of Wight West,2.8000000000000003
Lewes,2.8000000000000003
Maidenhead,2.0
Maidstone and Malling,3.0
Mid Buckinghamshire,1.4000000000000001
Mid Sussex,1.6
Milton Keynes Central,3.5999999999999996
Milton Keynes North,3.2
New Forest East,1.9
New Forest West,2.1
Newbury,2.1
North East Hampshire,1.3
North West Hampshire,2.0
Oxford East,2.6
Oxford West and Abingdon,1.7000000000000002
Portsmouth North,3.5999999999999996
Portsmouth South,4.8
Reading Central,3.5999999999999996
Reading West and Mid Berkshire,2.5
Reigate,1.7999999999999998
Rochester and Strood,3.5000000000000004
Romsey and Southampton North,1.7999999999999998
Runnymede and Weybridge,2.1999999999999997
Sevenoaks,2.1
Sittingbourne and Sheppey,3.8
Slough,4.8
Southampton Itchen,3.8
Southampton Test,4.2
Spelthorne,3.1
Surrey Heath,1.9
Sussex Weald,1.9
Tonbridge,2.1
Tunbridge Wells,2.3
Weald of Kent,2.1999999999999997
Winchester,1.9
Windsor,2.4
Witney,1.7000000000000002
Woking,2.4
Wokingham,1.6
Worthing West,2.6
Wycombe,3.8
Bath,1.7000000000000002
Bournemouth East,3.8
Bournemouth West,3.3000000000000003
Bridgwater,2.6
Bristol Central,2.3
Bristol East,4.2
Bristol North East,3.3000000000000003
Bristol North West,2.7
Bristol South,3.6999999999999997
Camborne and Redruth,2.9000000000000004
Central Devon,1.7000000000000002
Cheltenham,2.5
Chippenham,1.7999999999999998
Christchurch,2.0
East Wiltshire,1.7000000000000002
Exeter,2.0
Exmouth and Exeter East,1.6
Filton and Bradley Stoke,1.5
Forest of Dean,2.4
Frome and East Somerset,2.1
Glastonbury and Somerton,2.3
Gloucester,3.5000000000000004
Honiton and Sidmouth,1.7000000000000002
Melksham and Devizes,2.1999999999999997
Mid Dorset and North Poole,1.9
Newton Abbot,2.0
North Cornwall,2.7
North Cotswolds,1.7000000000000002
North Devon,2.4
North Dorset,1.7999999999999998
North East Somerset and Hanham,1.6
North Somerset,1.6
Plymouth Moor View,2.9000000000000004
Plymouth Sutton and Devonport,4.1000000000000005
Poole,2.6
Salisbury,2.1999999999999997
South Cotswolds,1.6
South Devon,2.0
South Dorset,2.8000000000000003
South East Cornwall,2.4
South West Devon,1.4000000000000001
South West Wiltshire,2.1999999999999997
St Austell and Newquay,3.0
St Ives,2.6
Stroud,1.7000000000000002
Swindon North,2.6
Swindon South,3.3000000000000003
Taunton and Wellington,2.3
Tewkesbury,2.1
Thornbury and Yate,1.7000000000000002
Tiverton and Minehead,2.1
Torbay,3.3000000000000003
Torridge and Tavistock,2.0
Truro and Falmouth,2.1999999999999997
Wells and Mendip Hills,2.1999999999999997
West Dorset,2.1
Weston-super-Mare,3.2
Yeovil,2.5
Aberafan Maesteg,3.4000000000000004
Alyn and Deeside,2.7
Bangor Aberconwy,2.9000000000000004
Blaenau Gwent and Rhymney,4.3
"Brecon, Radnor and Cwm Tawe",2.4
Bridgend,2.3
Caerfyrddin,2.6
Caerphilly,3.1
Cardiff East,4.2
Cardiff North,2.0
Cardiff South and Penarth,3.3000000000000003
Cardiff West,3.5999999999999996
Ceredigion Preseli,2.3
Clwyd East,2.5
Clwyd North,4.3
Dwyfor Meirionnydd,2.3
Gower,2.0
Llanelli,2.9000000000000004
Merthyr Tydfil and Aberdare,3.3000000000000003
Mid and South Pembrokeshire,3.0
Monmouthshire,2.1999999999999997
Montgomeryshire and Glyndwr,2.5
Neath and Swansea East,2.7
Newport East,5.2
Newport West and Islwyn,2.9000000000000004
Pontypridd,2.7
Rhondda and Ogmore,3.6999999999999997
Swansea West,4.1000000000000005
Torfaen,3.5999999999999996
Vale of Glamorgan,3.1
Wrexham,2.8000000000000003
Ynys Mon,3.4000000000000004
Aldridge-Brownhills,2.8000000000000003
Birmingham Edgbaston,7.8
Birmingham Erdington,8.9
Birmingham Hall Green and Moseley,8.5
Birmingham Hodge Hill and Solihull North,7.9
Birmingham Ladywood,10.2
Birmingham Northfield,7.000000000000001
Birmingham Perry Barr,12.1
Birmingham Selly Oak,5.3
Birmingham Yardley,8.200000000000001
Bromsgrove,2.3
Burton and Uttoxeter,3.4000000000000004
Cannock Chase,3.2
Coventry East,6.800000000000001
Coventry North West,4.7
Coventry South,4.3999999999999995
Droitwich and Evesham,2.7
Dudley,5.6000000000000005
Halesowen,4.1000000000000005
Hereford and South Herefordshire,2.4
Kenilworth and Southam,1.6
Kingswinford and South Staffordshire,2.5
Lichfield,2.1999999999999997
Meriden and Solihull East,3.5000000000000004
Newcastle-under-Lyme,3.0
North Herefordshire,2.1
North Shropshire,2.4
North Warwickshire and Bedworth,2.7
Nuneaton,3.6999999999999997
Redditch,3.3000000000000003
Rugby,2.6
Shrewsbury,2.3
Smethwick,6.3
Solihull West and Shirley,2.4
South Shropshire,2.0
Stafford,2.7
Staffordshire Moorlands,2.0
Stoke-on-Trent Central,5.7
Stoke-on-Trent North,4.9
Stoke-on-Trent South,3.1
"Stone, Great Wyrley and Penkridge",2.1999999999999997
Stourbridge,4.7
Stratford-on-Avon,1.7999999999999998
Sutton Coldfield,2.3
Tamworth,3.0
Telford,3.9
The Wrekin,2.3
Tipton and Wednesbury,6.0
Walsall and Bloxwich,6.800000000000001
Warwick and Leamington,2.1999999999999997
West Bromwich,5.6000000000000005
West Worcestershire,2.4
Wolverhampton North East,6.4
Wolverhampton South East,7.199999999999999
Wolverhampton West,6.7
Worcester,3.3000000000000003
Wyre Forest,2.9000000000000004
Barnsley North,3.3000000000000003
Barnsley South,4.1000000000000005
Beverley and Holderness,2.0
Bradford East,7.9
Bradford South,6.4
Bradford West,8.7
Bridlington and The Wolds,3.0
Brigg and Immingham,2.1
Calder Valley,2.8000000000000003
Colne Valley,2.5
Dewsbury and Batley,5.3
Doncaster Central,5.5
Doncaster East and the Isle of Axholme,2.9000000000000004
Doncaster North,4.3
Goole and Pocklington,2.0
Great Grimsby and Cleethorpes,5.4
Halifax,5.1
Harrogate and Knaresborough,1.7000000000000002
Huddersfield,5.5
Keighley and Ilkley,3.9
Kingston upon Hull East,5.3
Kingston upon Hull North and Cottingham,4.8
Kingston upon Hull West and Haltemprice,4.3
Leeds Central and Headingley,3.0
Leeds East,5.7
Leeds North East,3.9
Leeds North West,2.0
Leeds South,7.199999999999999
Leeds South West and Morley,2.8000000000000003
Leeds West and Pudsey,4.7
Normanton and Hemsworth,2.9000000000000004
Ossett and Denby Dale,2.4
Penistone and Stocksbridge,2.1
"Pontefract, Castleford and Knottingley",3.3000000000000003
Rawmarsh and Conisbrough,3.6999999999999997
Richmond and Northallerton,1.7000000000000002
Rother Valley,2.8000000000000003
Rotherham,5.5
Scarborough and Whitby,2.8000000000000003
Scunthorpe,4.0
Selby,2.1
Sheffield Brightside and Hillsborough,6.800000000000001
Sheffield Central,3.0
Sheffield Hallam,1.4000000000000001
Sheffield Heeley,5.2
Sheffield South East,4.7
Shipley,3.0
Skipton and Ripon,1.6
Spen Valley,3.3000000000000003
Thirsk and Malton,1.7000000000000002
Wakefield and Rothwell,3.8
Wetherby and Easingwold,1.2
York Central,2.0
York Outer,1.0999999999999999
Basildon and Billericay,3.8
Bedford,5.2
Braintree,2.5
Brentwood and Ongar,2.5
Broadland and Fakenham,1.9
Broxbourne,3.1
Bury St Edmunds and Stowmarket,2.1999999999999997
Cambridge,1.9
Castle Point,2.3
Central Suffolk and North Ipswich,1.9
Chelmsford,2.6
Clacton,4.3999999999999995
Colchester,3.2
Dunstable and Leighton Buzzard,2.5
Ely and East Cambridgeshire,1.9
Epping Forest,2.7
Great Yarmouth,4.7
Harlow,4.0
Harpenden and Berkhamsted,1.6
Harwich and North Essex,2.6
Hemel Hempstead,3.3000000000000003
Hertford and Stortford,1.9
Hertsmere,2.9000000000000004
Hitchin,1.9
Huntingdon,2.0
Ipswich,4.6
Lowestoft,3.9
Luton North,4.5
Luton South and South Bedfordshire,5.8999999999999995
Maldon,2.1
Mid Bedfordshire,1.6
Mid Norfolk,1.9
North Bedfordshire,2.1
North East Cambridgeshire,3.5999999999999996
North East Hertfordshire,2.0
North Norfolk,2.5
North West Cambridgeshire,3.2
North West Essex,1.9
North West Norfolk,2.9000000000000004
Norwich North,3.0
Norwich South,3.2
Peterborough,6.0
Rayleigh and Wickford,1.7000000000000002
South Basildon and East Thurrock,3.3000000000000003
South Cambridgeshire,1.6
South Norfolk,1.9
South Suffolk,2.1999999999999997
South West Hertfordshire,2.3
South West Norfolk,2.4
Southend East and Rochford,5.1
Southend West and Leigh,3.2
St Albans,2.3
St Neots and Mid Cambridgeshire,1.7999999999999998
Stevenage,2.9000000000000004
Suffolk Coastal,1.9
Thurrock,4.3999999999999995
Watford,3.5999999999999996
Waveney Valley,2.1
Welwyn Hatfield,2.5
West Suffolk,2.1
Witham,2.3
Amber Valley,2.8000000000000003
Ashfield,3.6999999999999997
Bassetlaw,3.5000000000000004
Bolsover,3.0
Boston and Skegness,4.1000000000000005
Broxtowe,2.5
Chesterfield,3.5999999999999996
Corby and East Northamptonshire,3.2
Daventry,2.1999999999999997
Derby North,3.8
Derby South,6.1
Derbyshire Dales,1.7999999999999998
Erewash,3.3000000000000003
Gainsborough,2.8000000000000003
Gedling,2.9000000000000004
Grantham and Bourne,2.8000000000000003
"Harborough, Oadby and Wigston",2.1
High Peak,2.5
Hinckley and Bosworth,2.3
Kettering,3.2
Leicester East,4.1000000000000005
Leicester South,4.7
Leicester West,5.3
Lincoln,3.5999999999999996
Loughborough,2.3
Louth and Horncastle,2.5
Mansfield,3.9
Melton and Syston,2.5
Mid Derbyshire,1.7000000000000002
Mid Leicestershire,2.0
Newark,2.6
North East Derbyshire,2.7
North West Leicestershire,2.0
Northampton North,4.7
Northampton South,2.8000000000000003
Nottingham East,6.0
Nottingham North and Kimberley,5.8999999999999995
Nottingham South,3.6999999999999997
Rushcliffe,1.7999999999999998
Rutland and Stamford,1.7999999999999998
Sherwood Forest,2.7
Sleaford and North Hykeham,1.9
South Derbyshire,2.1999999999999997
South Holland and The Deepings,2.6
South Leicestershire,1.7000000000000002
South Northamptonshire,1.6
Wellingborough and Rushden,3.4000000000000004
Barking,6.5
Battersea,3.0
Beckenham and Penge,3.2
Bermondsey and Old Southwark,4.2
Bethnal Green and Stepney,5.800000000000001
Bexleyheath and Crayford,3.0
Brent East,7.7
Brent West,4.3999999999999995
Brentford and Isleworth,4.8
Bromley and Biggin Hill,2.8000000000000003
Carshalton and Wallington,3.3000000000000003
Chelsea and Fulham,3.2
Chingford and Woodford Green,4.3
Chipping Barnet,3.3000000000000003
Cities of London and Westminster,3.0
Clapham and Brixton Hill,4.6
Croydon East,5.1
Croydon South,3.4000000000000004
Croydon West,6.800000000000001
Dagenham and Rainham,5.5
Dulwich and West Norwood,5.4
Ealing Central and Acton,5.1
Ealing North,5.800000000000001
Ealing Southall,5.3
East Ham,6.6000000000000005
Edmonton and Winchmore Hill,6.9
Eltham and Chislehurst,4.0
Enfield North,6.0
Erith and Thamesmead,5.7
Feltham and Heston,5.3
Finchley and Golders Green,4.3999999999999995
Greenwich and Woolwich,4.3999999999999995
Hackney North and Stoke Newington,6.4
Hackney South and Shoreditch,6.1
Hammersmith and Chiswick,4.5
Hampstead and Highgate,3.5999999999999996
Harrow East,3.5999999999999996
Harrow West,4.0
Hayes and Harlington,5.0
Hendon,4.7
Holborn and St Pancras,4.7
Hornchurch and Upminster,3.5999999999999996
Hornsey and Friern Barnet,4.5
Ilford North,4.5
Ilford South,6.0
Islington North,5.3
Islington South and Finsbury,5.1
Kensington and Bayswater,3.4000000000000004
Kingston and Surbiton,2.8000000000000003
Lewisham East,6.6000000000000005
Lewisham North,5.7
Lewisham West and East Dulwich,4.9
Leyton and Wanstead,5.5
Mitcham and Morden,5.2
Old Bexley and Sidcup,2.1
Orpington,3.0
Peckham,5.8999999999999995
Poplar and Limehouse,4.3999999999999995
Putney,3.5000000000000004
Queen's Park and Maida Vale,6.3
Richmond Park,2.3
Romford,4.0
"Ruislip, Northwood and Pinner",2.4
Southgate and Wood Green,5.800000000000001
Stratford and Bow,5.5
Streatham and Croydon North,6.0
Sutton and Cheam,2.5
Tooting,3.4000000000000004
Tottenham,7.8
Twickenham,2.3
Uxbridge and South Ruislip,3.5000000000000004
Vauxhall and Camberwell Green,5.3
Walthamstow,6.4
West Ham and Beckton,6.4
Wimbledon,2.6
Bishop Auckland,3.4000000000000004
Blaydon and Consett,3.1
Blyth and Ashington,4.3999999999999995
City of Durham,2.0
Cramlington and Killingworth,2.8000000000000003
Darlington,4.3999999999999995
Easington,4.3
Gateshead Central and Whickham,4.6
Hartlepool,4.9
Hexham,2.1999999999999997
Houghton and Sunderland South,3.8
Jarrow and Gateshead East,4.6
Middlesbrough South and East Cleveland,3.4000000000000004
Middlesbrough and Thornaby East,5.8999999999999995
Newcastle upon Tyne Central and West,5.2
Newcastle upon Tyne East and Wallsend,4.5
Newcastle upon Tyne North,2.0
Newton Aycliffe and Spennymoor,3.3000000000000003
North Durham,3.1
North Northumberland,2.4
Redcar,4.3
South Shields,5.5
Stockton North,4.8
Stockton West,1.7999999999999998
Sunderland Central,4.3999999999999995
Tynemouth,3.3000000000000003
Washington and Gateshead South,3.6999999999999997
Altrincham and Sale West,2.0
Ashton-under-Lyne,5.2
Barrow and Furness,2.6
Birkenhead,4.8
Blackburn,5.5
Blackley and Middleton South,6.5
Blackpool North and Fleetwood,3.5999999999999996
Blackpool South,6.6000000000000005
Bolton North East,5.7
Bolton South and Walkden,6.3
Bolton West,3.3000000000000003
Bootle,5.5
Burnley,5.3
Bury North,4.2
Bury South,3.9
Carlisle,2.5
Cheadle,1.9
Chester North and Neston,2.5
Chester South and Eddisbury,1.6
Chorley,2.6
Congleton,1.7999999999999998
Crewe and Nantwich,3.1
Ellesmere Port and Bromborough,3.0
Fylde,2.4
Gorton and Denton,7.1
Hazel Grove,2.8000000000000003
Heywood and Middleton North,5.0
Hyndburn,5.1
Knowsley,4.7
Lancaster and Wyre,2.1999999999999997
Leigh and Atherton,4.1000000000000005
Liverpool Garston,3.8
Liverpool Riverside,5.7
Liverpool Walton,5.7
Liverpool Wavertree,5.7
Liverpool West Derby,5.6000000000000005
Macclesfield,2.3
Makerfield,2.9000000000000004
Manchester Central,4.5
Manchester Rusholme,6.2
Manchester Withington,3.4000000000000004
Mid Cheshire,2.6
Morecambe and Lunesdale,3.0
Oldham East and Saddleworth,6.1
"Oldham West, Chadderton and Royton",6.5
Pendle and Clitheroe,4.1000000000000005
Penrith and Solway,1.9
Preston,5.1
Ribble Valley,1.7000000000000002
Rochdale,6.0
Rossendale and Darwen,3.5000000000000004
Runcorn and Helsby,3.8
Salford,4.7
Sefton Central,1.9
South Ribble,2.1
Southport,3.0
St Helens North,3.5999999999999996
St Helens South and Whiston,4.1000000000000005
Stalybridge and Hyde,4.1000000000000005
Stockport,4.3999999999999995
Stretford and Urmston,4.1000000000000005
Tatton,1.9
Wallasey,4.1000000000000005
Warrington North,2.8000000000000003
Warrington South,2.3
West Lancashire,2.9000000000000004
Westmorland and Lonsdale,1.4000000000000001
Whitehaven and Workington,2.8000000000000003
Widnes and Halewood,3.9
Wigan,3.9
Wirral West,1.7999999999999998
Worsley and Eccles,4.0
Wythenshawe and Sale East,4.7
Belfast East,3.0
Belfast North,4.6
Belfast South and Mid Down,2.3
Belfast West,4.6
East Antrim,2.6
East Londonderry,3.4000000000000004
Fermanagh and South Tyrone,2.6
Foyle,5.800000000000001
Lagan Valley,2.0
Mid Ulster,1.9
Newry and Armagh,3.2
North Antrim,3.0
North Down,2.3
South Antrim,2.1
South Down,2.4
Strangford,2.9000000000000004
Upper Bann,2.9000000000000004
West Tyrone,2.8000000000000003
Aberdeen North,3.5999999999999996
Aberdeen South,2.7
Aberdeenshire North and Moray East,2.6
Airdrie and Shotts,3.4000000000000004
Alloa and Grangemouth,3.2
Angus and Perthshire Glens,2.5
Arbroath and Broughty Ferry,3.0
"Argyll, Bute and South Lochaber",2.5
"Ayr, Carrick and Cumnock",4.0
Bathgate and Linlithgow,2.8000000000000003
"Berwickshire, Roxburgh and Selkirk",3.0
"Caithness, Sutherland and Easter Ross",2.1
Central Ayrshire,3.4000000000000004
Coatbridge and Bellshill,3.5999999999999996
Cowdenbeath and Kirkcaldy,4.2
Cumbernauld and Kirkintilloch,2.8000000000000003
Dumfries and Galloway,3.1
"Dumfriesshire, Clydesdale and Tweeddale",2.4
Dundee Central,4.2
Dunfermline and Dollar,2.6
East Kilbride and Strathaven,2.1
East Renfrewshire,1.7999999999999998
Edinburgh East and Musselburgh,2.6
Edinburgh North and Leith,3.1
Edinburgh South,1.7000000000000002
Edinburgh South West,2.5
Edinburgh West,1.7000000000000002
Falkirk,2.9000000000000004
Glasgow East,5.2
Glasgow North,4.3999999999999995
Glasgow North East,5.5
Glasgow South,4.3
Glasgow South West,4.6
Glasgow West,4.0
Glenrothes and Mid Fife,4.2
Gordon and Buchan,1.4000000000000001
Hamilton and Clyde Valley,3.6999999999999997
Inverclyde and Renfrewshire West,3.3000000000000003
"Inverness, Skye and West Ross-shire",2.1999999999999997
Kilmarnock and Loudoun,4.0
Livingston,2.5
Lothian East,2.1
Mid Dunbartonshire,1.6
Midlothian,2.1999999999999997
"Moray West, Nairn and Strathspey",2.1
"Motherwell, Wishaw and Carluke",3.2
Na h-Eileanan an Iar,1.7000000000000002
North Ayrshire and Arran,4.5
North East Fife,2.0
Orkney and Shetland,1.5
Paisley and Renfrewshire North,3.2
Paisley and Renfrewshire South,3.3000000000000003
Perth and Kinross-shire,2.5
Rutherglen,3.1
Stirling and Strathallan,2.3
West Aberdeenshire and Kincardine,1.3
West Dunbartonshire,4.2
Aldershot,2.5
Arundel and South Downs,2.0
Ashford,3.1
Aylesbury,3.2
Banbury,2.1999999999999997
Basingstoke,2.9000000000000004
Beaconsfield,2.1
Bexhill and Battle,3.0
Bicester and Woodstock,1.7000000000000002
Bognor Regis and Littlehampton,3.5000000000000004
Bracknell,2.0
Brighton Kemptown and Peacehaven,4.3999999999999995
Brighton Pavilion,3.5999999999999996
Buckingham and Bletchley,2.9000000000000004
Canterbury,3.1
Chatham and Aylesford,3.6999999999999997
Chesham and Amersham,2.0
Chichester,3.0
Crawley,3.6999999999999997
Dartford,2.9000000000000004
Didcot and Wantage,2.1
Dorking and Horley,1.9
Dover and Deal,3.9
Earley and Woodley,2.3
East Grinstead and Uckfield,1.9
East Hampshire,1.9
East Surrey,2.1999999999999997
East Thanet,6.0
East Worthing and Shoreham,2.5
Eastbourne,4.3
Eastleigh,1.9
Epsom and Ewell,1.9
Esher and Walton,2.0
Fareham and Waterlooville,2.3
Farnham and Bordon,1.7999999999999998
Faversham and Mid Kent,2.7
Folkestone and Hythe,4.3
Gillingham and Rainham,3.5999999999999996
Godalming and Ash,1.6
Gosport,3.0
Gravesham,4.2
Guildford,1.7999999999999998
Hamble Valley,1.7000000000000002
Hastings and Rye,5.0
Havant,3.5999999999999996
Henley and Thame,1.6
Herne Bay and Sandwich,3.3000000000000003
Horsham,1.9
Hove and Portslade,3.5999999999999996
Isle of Wight East,4.2
Isle of Wight West,3.0
Lewes,2.8000000000000003
Maidenhead,2.0
Maidstone and Malling,2.9000000000000004
Mid Buckinghamshire,1.4000000000000001
Mid Sussex,1.6
Milton Keynes Central,3.5999999999999996
Milton Keynes North,3.1
New Forest East,2.0
New Forest West,2.1
Newbury,2.1
North East Hampshire,1.3
North West Hampshire,2.0
Oxford East,2.7
Oxford West and Abingdon,1.7000000000000002
Portsmouth North,3.5999999999999996
Portsmouth South,5.0
Reading Central,3.6999999999999997
Reading West and Mid Berkshire,2.5
Reigate,1.7000000000000002
Rochester and Strood,3.5999999999999996
Romsey and Southampton North,1.7999999999999998
Runnymede and Weybridge,2.1999999999999997
Sevenoaks,2.1
Sittingbourne and Sheppey,3.8
Slough,4.8
Southampton Itchen,3.9
Southampton Test,4.3
Spelthorne,3.1
Surrey Heath,1.9
Sussex Weald,1.9
Tonbridge,2.1
Tunbridge Wells,2.3
Weald of Kent,2.1999999999999997
Winchester,1.9
Windsor,2.4
Witney,1.7999999999999998
Woking,2.4
Wokingham,1.7000000000000002
Worthing West,2.7
Wycombe,3.8
Bath,1.7999999999999998
Bournemouth East,3.8
Bournemouth West,3.4000000000000004
Bridgwater,2.7
Bristol Central,2.3
Bristol East,4.3
Bristol North East,3.3000000000000003
Bristol North West,2.8000000000000003
Bristol South,3.6999999999999997
Camborne and Redruth,3.0
Central Devon,1.7999999999999998
Cheltenham,2.6
Chippenham,1.9
Christchurch,2.1
East Wiltshire,1.7999999999999998
Exeter,1.9
Exmouth and Exeter East,1.5
Filton and Bradley Stoke,1.5
Forest of Dean,2.4
Frome and East Somerset,2.1999999999999997
Glastonbury and Somerton,2.4
Gloucester,3.5999999999999996
Honiton and Sidmouth,1.7999999999999998
Melksham and Devizes,2.1999999999999997
Mid Dorset and North Poole,1.9
Newton Abbot,2.0
North Cornwall,2.8000000000000003
North Cotswolds,1.7999999999999998
North Devon,2.5
North Dorset,1.7999999999999998
North East Somerset and Hanham,1.6
North Somerset,1.6
Plymouth Moor View,2.9000000000000004
Plymouth Sutton and Devonport,4.1000000000000005
Poole,2.7
Salisbury,2.1999999999999997
South Cotswolds,1.7000000000000002
South Devon,2.1999999999999997
South Dorset,2.9000000000000004
South East Cornwall,2.5
South West Devon,1.5
South West Wiltshire,2.1999999999999997
St Austell and Newquay,3.2
St Ives,2.8000000000000003
Stroud,1.7999999999999998
Swindon North,2.7
Swindon South,3.4000000000000004
Taunton and Wellington,2.4
Tewkesbury,2.1
Thornbury and Yate,1.7999999999999998
Tiverton and Minehead,2.1
Torbay,3.3000000000000003
Torridge and Tavistock,2.1999999999999997
Truro and Falmouth,2.1999999999999997
Wells and Mendip Hills,2.1999999999999997
West Dorset,2.1
Weston-super-Mare,3.3000000000000003
Yeovil,2.5
Aberafan Maesteg,3.5000000000000004
Alyn and Deeside,2.8000000000000003
Bangor Aberconwy,2.9000000000000004
Blaenau Gwent and Rhymney,4.3
"Brecon, Radnor and Cwm Tawe",2.5
Bridgend,2.4
Caerfyrddin,2.6
Caerphilly,3.2
Cardiff East,4.3
Cardiff North,2.1
Cardiff South and Penarth,3.4000000000000004
Cardiff West,3.6999999999999997
Ceredigion Preseli,2.5
Clwyd East,2.6
Clwyd North,4.3
Dwyfor Meirionnydd,2.5
Gower,2.0
Llanelli,2.9000000000000004
Merthyr Tydfil and Aberdare,3.4000000000000004
Mid and South Pembrokeshire,3.1
Monmouthshire,2.3
Montgomeryshire and Glyndwr,2.6
Neath and Swansea East,2.7
Newport East,5.2
Newport West and Islwyn,3.0
Pontypridd,2.7
Rhondda and Ogmore,3.8
Swansea West,4.2
Torfaen,3.6999999999999997
Vale of Glamorgan,3.2
Wrexham,2.9000000000000004
Ynys Mon,3.5999999999999996
Aldridge-Brownhills,2.7
Birmingham Edgbaston,7.8
Birmingham Erdington,8.799999999999999
Birmingham Hall Green and Moseley,8.5
Birmingham Hodge Hill and Solihull North,8.0
Birmingham Ladywood,10.2
Birmingham Northfield,7.000000000000001
Birmingham Perry Barr,12.1
Birmingham Selly Oak,5.4
Birmingham Yardley,8.3
Bromsgrove,2.4
Burton and Uttoxeter,3.4000000000000004
Cannock Chase,3.2
Coventry East,6.7
Coventry North West,4.6
Coventry South,4.3
Droitwich and Evesham,2.8000000000000003
Dudley,5.6000000000000005
Halesowen,4.2
Hereford and South Herefordshire,2.4
Kenilworth and Southam,1.6
Kingswinford and South Staffordshire,2.5
Lichfield,2.1999999999999997
Meriden and Solihull East,3.5999999999999996
Newcastle-under-Lyme,3.0
North Herefordshire,2.1
North Shropshire,2.5
North Warwickshire and Bedworth,2.8000000000000003
Nuneaton,3.6999999999999997
Redditch,3.4000000000000004
Rugby,2.6
Shrewsbury,2.3
Smethwick,6.3
Solihull West and Shirley,2.4
South Shropshire,2.1
Stafford,2.7
Staffordshire Moorlands,2.0
Stoke-on-Trent Central,5.800000000000001
Stoke-on-Trent North,5.0
Stoke-on-Trent South,3.2
"Stone, Great Wyrley and Penkridge",2.1999999999999997
Stourbridge,4.7
Stratford-on-Avon,1.7999999999999998
Sutton Coldfield,2.3
Tamworth,3.0
Telford,3.9
The Wrekin,2.3
Tipton and Wednesbury,6.0
Walsall and Bloxwich,6.9
Warwick and Leamington,2.1999999999999997
West Bromwich,5.6000000000000005
West Worcestershire,2.4
Wolverhampton North East,6.3
Wolverhampton South East,7.1
Wolverhampton West,6.6000000000000005
Worcester,3.4000000000000004
Wyre Forest,3.0
Barnsley North,3.4000000000000004
Barnsley South,4.2
Beverley and Holderness,2.1999999999999997
Bradford East,8.0
Bradford South,6.5
Bradford West,8.799999999999999
Bridlington and The Wolds,3.2
Brigg and Immingham,2.1
Calder Valley,2.7
Colne Valley,2.6
Dewsbury and Batley,5.3
Doncaster Central,5.5
Doncaster East and the Isle of Axholme,2.9000000000000004
Doncaster North,4.3
Goole and Pocklington,2.0
Great Grimsby and Cleethorpes,5.5
Halifax,5.1
Harrogate and Knaresborough,1.7999999999999998
Huddersfield,5.5
Keighley and Ilkley,4.0
Kingston upon Hull East,5.4
Kingston upon Hull North and Cottingham,4.9
Kingston upon Hull West and Haltemprice,4.3999999999999995
Leeds Central and Headingley,3.1
Leeds East,5.8999999999999995
Leeds North East,4.0
Leeds North West,2.0
Leeds South,7.3
Leeds South West and Morley,2.9000000000000004
Leeds West and Pudsey,4.8
Normanton and Hemsworth,3.0
Ossett and Denby Dale,2.5
Penistone and Stocksbridge,2.1
"Pontefract, Castleford and Knottingley",3.3000000000000003
Rawmarsh and Conisbrough,3.8
Richmond and Northallerton,1.7999999999999998
Rother Valley,2.8000000000000003
Rotherham,5.6000000000000005
Scarborough and Whitby,2.9000000000000004
Scunthorpe,4.0
Selby,2.1999999999999997
Sheffield Brightside and Hillsborough,6.9
Sheffield Central,3.1
Sheffield Hallam,1.4000000000000001
Sheffield Heeley,5.3
Sheffield South East,4.8
Shipley,3.1
Skipton and Ripon,1.6
Spen Valley,3.2
Thirsk and Malton,1.7999999999999998
Wakefield and Rothwell,3.9
Wetherby and Easingwold,1.2
York Central,2.0
York Outer,1.2
Basildon and Billericay,3.6999999999999997
Bedford,5.2
Braintree,2.5
Brentwood and Ongar,2.5
Broadland and Fakenham,2.0
Broxbourne,3.1
Bury St Edmunds and Stowmarket,2.1999999999999997
Cambridge,1.9
Castle Point,2.3
Central Suffolk and North Ipswich,1.9
Chelmsford,2.6
Clacton,4.3
Colchester,3.2
Dunstable and Leighton Buzzard,2.6
Ely and East Cambridgeshire,1.9
Epping Forest,2.8000000000000003
Great Yarmouth,4.7
Harlow,4.1000000000000005
Harpenden and Berkhamsted,1.6
Harwich and North Essex,2.6
Hemel Hempstead,3.4000000000000004
Hertford and Stortford,1.9
Hertsmere,3.0
Hitchin,1.7999999999999998
Huntingdon,1.9
Ipswich,4.7
Lowestoft,3.8
Luton North,4.5
Luton South and South Bedfordshire,6.0
Maldon,2.1
Mid Bedfordshire,1.7000000000000002
Mid Norfolk,2.0
North Bedfordshire,2.1
North East Cambridgeshire,3.5999999999999996
North East Hertfordshire,2.1
North Norfolk,2.6
North West Cambridgeshire,3.2
North West Essex,1.9
North West Norfolk,3.0
Norwich North,3.0
Norwich South,3.3000000000000003
Peterborough,6.0
Rayleigh and Wickford,1.7999999999999998
South Basildon and East Thurrock,3.3000000000000003
South Cambridgeshire,1.6
South Norfolk,1.9
South Suffolk,2.3
South West Hertfordshire,2.4
South West Norfolk,2.4
Southend East and Rochford,5.2
Southend West and Leigh,3.1
St Albans,2.4
St Neots and Mid Cambridgeshire,1.9
Stevenage,2.9000000000000004
Suffolk Coastal,2.0
Thurrock,4.5
Watford,3.6999999999999997
Waveney Valley,2.1
Welwyn Hatfield,2.6
West Suffolk,2.1
Witham,2.1999999999999997
Amber Valley,2.9000000000000004
Ashfield,3.6999999999999997
Bassetlaw,3.5000000000000004
Bolsover,3.0
Boston and Skegness,4.3
Broxtowe,2.6
Chesterfield,3.5999999999999996
Corby and East Northamptonshire,3.1
Daventry,2.1999999999999997
Derby North,3.9
Derby South,6.2
Derbyshire Dales,1.7999999999999998
Erewash,3.4000000000000004
Gainsborough,2.9000000000000004
Gedling,3.0
Grantham and Bourne,2.9000000000000004
"Harborough, Oadby and Wigston",2.1
High Peak,2.5
Hinckley and Bosworth,2.3
Kettering,3.2
Leicester East,4.0
Leicester South,4.6
Leicester West,5.2
Lincoln,3.5999999999999996
Loughborough,2.3
Louth and Horncastle,2.6
Mansfield,3.9
Melton and Syston,2.4
Mid Derbyshire,1.7000000000000002
Mid Leicestershire,2.0
Newark,2.7
North East Derbyshire,2.7
North West Leicestershire,2.0
Northampton North,4.6
Northampton South,2.8000000000000003
Nottingham East,6.1
Nottingham North and Kimberley,6.0
Nottingham South,3.8
Rushcliffe,1.7999999999999998
Rutland and Stamford,1.7999999999999998
Sherwood Forest,2.7
Sleaford and North Hykeham,1.9
South Derbyshire,2.1999999999999997
South Holland and The Deepings,2.7
South Leicestershire,1.7000000000000002
South Northamptonshire,1.5
Wellingborough and Rushden,3.5999999999999996
Barking,6.6000000000000005
Battersea,3.0
Beckenham and Penge,3.3000000000000003
Bermondsey and Old Southwark,4.2
Bethnal Green and Stepney,5.8999999999999995
Bexleyheath and Crayford,3.0
Brent East,7.9
Brent West,4.6
Brentford and Isleworth,4.9
Bromley and Biggin Hill,2.9000000000000004
Carshalton and Wallington,3.3000000000000003
Chelsea and Fulham,3.2
Chingford and Woodford Green,4.3
Chipping Barnet,3.4000000000000004
Cities of London and Westminster,3.0
Clapham and Brixton Hill,4.6
Croydon East,5.1
Croydon South,3.4000000000000004
Croydon West,6.9
Dagenham and Rainham,5.5
Dulwich and West Norwood,5.4
Ealing Central and Acton,5.1
Ealing North,5.8999999999999995
Ealing Southall,5.3
East Ham,6.6000000000000005
Edmonton and Winchmore Hill,6.9
Eltham and Chislehurst,4.1000000000000005
Enfield North,6.0
Erith and Thamesmead,5.8999999999999995
Feltham and Heston,5.3
Finchley and Golders Green,4.3
Greenwich and Woolwich,4.3999999999999995
Hackney North and Stoke Newington,6.2
Hackney South and Shoreditch,6.2
Hammersmith and Chiswick,4.6
Hampstead and Highgate,3.5000000000000004
Harrow East,3.5999999999999996
Harrow West,4.0
Hayes and Harlington,5.0
Hendon,4.8
Holborn and St Pancras,4.6
Hornchurch and Upminster,3.5000000000000004
Hornsey and Friern Barnet,4.6
Ilford North,4.6
Ilford South,6.0
Islington North,5.2
Islington South and Finsbury,5.1
Kensington and Bayswater,3.4000000000000004
Kingston and Surbiton,2.9000000000000004
Lewisham East,6.7
Lewisham North,5.7
Lewisham West and East Dulwich,5.1
Leyton and Wanstead,5.5
Mitcham and Morden,5.3
Old Bexley and Sidcup,2.1999999999999997
Orpington,3.0
Peckham,6.0
Poplar and Limehouse,4.5
Putney,3.5999999999999996
Queen's Park and Maida Vale,6.3
Richmond Park,2.3
Romford,4.0
"Ruislip, Northwood and Pinner",2.4
Southgate and Wood Green,5.7
Stratford and Bow,5.5
Streatham and Croydon North,6.1
Sutton and Cheam,2.5
Tooting,3.3000000000000003
Tottenham,7.7
Twickenham,2.3
Uxbridge and South Ruislip,3.5000000000000004
Vauxhall and Camberwell Green,5.3
Walthamstow,6.5
West Ham and Beckton,6.5
Wimbledon,2.5
Bishop Auckland,3.4000000000000004
Blaydon and Consett,3.2
Blyth and Ashington,4.3
City of Durham,2.0
Cramlington and Killingworth,2.7
Darlington,4.3
Easington,4.3999999999999995
Gateshead Central and Whickham,4.6
Hartlepool,4.9
Hexham,2.1
Houghton and Sunderland South,3.8
Jarrow and Gateshead East,4.5
Middlesbrough South and East Cleveland,3.4000000000000004
Middlesbrough and Thornaby East,5.8999999999999995
Newcastle upon Tyne Central and West,5.0
Newcastle upon Tyne East and Wallsend,4.3999999999999995
Newcastle upon Tyne North,2.0
Newton Aycliffe and Spennymoor,3.2
North Durham,3.1
North Northumberland,2.5
Redcar,4.3
South Shields,5.5
Stockton North,4.8
Stockton West,1.9
Sunderland Central,4.5
Tynemouth,3.3000000000000003
Washington and Gateshead South,3.5999999999999996
Altrincham and Sale West,2.0
Ashton-under-Lyne,5.2
Barrow and Furness,2.6
Birkenhead,4.8
Blackburn,5.4
Blackley and Middleton South,6.5
Blackpool North and Fleetwood,3.6999999999999997
Blackpool South,6.6000000000000005
Bolton North East,5.7
Bolton South and Walkden,6.3
Bolton West,3.3000000000000003
Bootle,5.5
Burnley,5.5
Bury North,4.3
Bury South,3.8
Carlisle,2.5
Cheadle,1.9
Chester North and Neston,2.5
Chester South and Eddisbury,1.5
Chorley,2.6
Congleton,1.7999999999999998
Crewe and Nantwich,3.0
Ellesmere Port and Bromborough,2.9000000000000004
Fylde,2.6
Gorton and Denton,7.1
Hazel Grove,2.7
Heywood and Middleton North,5.0
Hyndburn,5.1
Knowsley,4.7
Lancaster and Wyre,2.3
Leigh and Atherton,4.0
Liverpool Garston,3.6999999999999997
Liverpool Riverside,5.7
Liverpool Walton,5.6000000000000005
Liverpool Wavertree,5.800000000000001
Liverpool West Derby,5.5
Macclesfield,2.3
Makerfield,3.0
Manchester Central,4.7
Manchester Rusholme,6.2
Manchester Withington,3.4000000000000004
Mid Cheshire,2.5
Morecambe and Lunesdale,2.9000000000000004
Oldham East and Saddleworth,6.0
"Oldham West, Chadderton and Royton",6.5
Pendle and Clitheroe,4.2
Penrith and Solway,1.9
Preston,5.0
Ribble Valley,1.7999999999999998
Rochdale,6.0
Rossendale and Darwen,3.5000000000000004
Runcorn and Helsby,3.9
Salford,4.6
Sefton Central,1.9
South Ribble,2.1999999999999997
Southport,3.1
St Helens North,3.5000000000000004
St Helens South and Whiston,4.1000000000000005
Stalybridge and Hyde,4.1000000000000005
Stockport,4.3
Stretford and Urmston,4.1000000000000005
Tatton,1.9
Wallasey,4.0
Warrington North,2.7
Warrington South,2.1999999999999997
West Lancashire,2.9000000000000004
Westmorland and Lonsdale,1.5
Whitehaven and Workington,2.7
Widnes and Halewood,3.8
Wigan,4.0
Wirral West,1.7999999999999998
Worsley and Eccles,4.0
Wythenshawe and Sale East,4.7
Belfast East,3.0
Belfast North,4.6
Belfast South and Mid Down,2.4
Belfast West,4.7
East Antrim,2.5
East Londonderry,3.3000000000000003
Fermanagh and South Tyrone,2.5
Foyle,5.7
Lagan Valley,2.0
Mid Ulster,1.9
Newry and Armagh,3.1
North Antrim,3.0
North Down,2.3
South Antrim,2.1
South Down,2.4
Strangford,2.9000000000000004
Upper Bann,2.9000000000000004
West Tyrone,2.7
Aberdeen North,3.5000000000000004
Aberdeen South,2.7
Aberdeenshire North and Moray East,2.6
Airdrie and Shotts,3.4000000000000004
Alloa and Grangemouth,3.1
Angus and Perthshire Glens,2.5
Arbroath and Broughty Ferry,3.0
"Argyll, Bute and South Lochaber",2.7
"Ayr, Carrick and Cumnock",4.1000000000000005
Bathgate and Linlithgow,2.8000000000000003
"Berwickshire, Roxburgh and Selkirk",3.0
"Caithness, Sutherland and Easter Ross",2.1
Central Ayrshire,3.3000000000000003
Coatbridge and Bellshill,3.5999999999999996
Cowdenbeath and Kirkcaldy,4.1000000000000005
Cumbernauld and Kirkintilloch,2.8000000000000003
Dumfries and Galloway,3.1
"Dumfriesshire, Clydesdale and Tweeddale",2.3
Dundee Central,4.2
Dunfermline and Dollar,2.5
East Kilbride and Strathaven,2.1
East Renfrewshire,1.7000000000000002
Edinburgh East and Musselburgh,2.6
Edinburgh North and Leith,3.1
Edinburgh South,1.7000000000000002
Edinburgh South West,2.4
Edinburgh West,1.7000000000000002
Falkirk,2.9000000000000004
Glasgow East,5.3
Glasgow North,4.3999999999999995
Glasgow North East,5.5
Glasgow South,4.3
Glasgow South West,4.7
Glasgow West,4.0
Glenrothes and Mid Fife,4.1000000000000005
Gordon and Buchan,1.4000000000000001
Hamilton and Clyde Valley,3.5999999999999996
Inverclyde and Renfrewshire West,3.3000000000000003
"Inverness, Skye and West Ross-shire",2.3
Kilmarnock and Loudoun,4.0
Livingston,2.6
Lothian East,2.1
Mid Dunbartonshire,1.6
Midlothian,2.1999999999999997
"Moray West, Nairn and Strathspey",2.1
"Motherwell, Wishaw and Carluke",3.2
Na h-Eileanan an Iar,1.7999999999999998
North Ayrshire and Arran,4.5
North East Fife,2.1
Orkney and Shetland,1.6
Paisley and Renfrewshire North,3.2
Paisley and Renfrewshire South,3.4000000000000004
Perth and Kinross-shire,2.4
Rutherglen,3.0
Stirling and Strathallan,2.3
West Aberdeenshire and Kincardine,1.4000000000000001
West Dunbartonshire,4.3
Aldershot,2.6
Arundel and South Downs,2.0
Ashford,3.1
Aylesbury,3.2
Banbury,2.1999999999999997
Basingstoke,2.8000000000000003
Beaconsfield,2.1
Bexhill and Battle,3.0
Bicester and Woodstock,1.7000000000000002
Bognor Regis and Littlehampton,3.5999999999999996
Bracknell,2.1
Brighton Kemptown and Peacehaven,4.5
Brighton Pavilion,3.5999999999999996
Buckingham and Bletchley,2.9000000000000004
Canterbury,3.2
Chatham and Aylesford,3.6999999999999997
Chesham and Amersham,2.0
Chichester,3.0
Crawley,3.8
Dartford,2.9000000000000004
Didcot and Wantage,2.1
Dorking and Horley,1.7999999999999998
Dover and Deal,4.1000000000000005
Earley and Woodley,2.3
East Grinstead and Uckfield,2.0
East Hampshire,2.0
East Surrey,2.1999999999999997
East Thanet,6.1
East Worthing and Shoreham,2.4
Eastbourne,4.3
Eastleigh,1.9
Epsom and Ewell,2.0
Esher and Walton,2.1
Fareham and Waterlooville,2.3
Farnham and Bordon,1.7999999999999998
Faversham and Mid Kent,2.8000000000000003
Folkestone and Hythe,4.3999999999999995
Gillingham and Rainham,3.5999999999999996
Godalming and Ash,1.6
Gosport,2.9000000000000004
Gravesham,4.2
Guildford,1.9
Hamble Valley,1.7000000000000002
Hastings and Rye,5.1
Havant,3.5999999999999996
Henley and Thame,1.6
Herne Bay and Sandwich,3.4000000000000004
Horsham,1.9
Hove and Portslade,3.5999999999999996
Isle of Wight East,4.5
Isle of Wight West,3.2
Lewes,2.9000000000000004
Maidenhead,2.0
Maidstone and Malling,2.9000000000000004
Mid Buckinghamshire,1.4000000000000001
Mid Sussex,1.6
Milton Keynes Central,3.5999999999999996
Milton Keynes North,3.2
New Forest East,2.0
New Forest West,2.1
Newbury,2.1999999999999997
North East Hampshire,1.3
North West Hampshire,2.1
Oxford East,2.7
Oxford West and Abingdon,1.7000000000000002
Portsmouth North,3.5999999999999996
Portsmouth South,5.0
Reading Central,3.8
Reading West and Mid Berkshire,2.5
Reigate,1.7000000000000002
Rochester and Strood,3.5000000000000004
Romsey and Southampton North,1.7999999999999998
Runnymede and Weybridge,2.1999999999999997
Sevenoaks,2.1
Sittingbourne and Sheppey,3.9
Slough,4.8
Southampton Itchen,3.9
Southampton Test,4.3
Spelthorne,3.1
Surrey Heath,2.0
Sussex Weald,2.0
Tonbridge,2.1999999999999997
Tunbridge Wells,2.3
Weald of Kent,2.1999999999999997
Winchester,1.9
Windsor,2.4
Witney,1.7000000000000002
Woking,2.4
Wokingham,1.7000000000000002
Worthing West,2.7
Wycombe,3.9
Bath,1.7999999999999998
Bournemouth East,4.0
Bournemouth West,3.5999999999999996
Bridgwater,2.8000000000000003
Bristol Central,2.3
Bristol East,4.3
Bristol North East,3.2
Bristol North West,2.7
Bristol South,3.6999999999999997
Camborne and Redruth,3.1
Central Devon,1.7999999999999998
Cheltenham,2.6
Chippenham,1.9
Christchurch,2.1999999999999997
East Wiltshire,1.7000000000000002
Exeter,2.0
Exmouth and Exeter East,1.6
Filton and Bradley Stoke,1.5
Forest of Dean,2.5
Frome and East Somerset,2.1999999999999997
Glastonbury and Somerton,2.4
Gloucester,3.5999999999999996
Honiton and Sidmouth,1.7999999999999998
Melksham and Devizes,2.1999999999999997
Mid Dorset and North Poole,2.0
Newton Abbot,2.1
North Cornwall,2.9000000000000004
North Cotswolds,1.7999999999999998
North Devon,2.6
North Dorset,1.9
North East Somerset and Hanham,1.5
North Somerset,1.6
Plymouth Moor View,3.0
Plymouth Sutton and Devonport,4.2
Poole,2.8000000000000003
Salisbury,2.1999999999999997
South Cotswolds,1.7000000000000002
South Devon,2.1999999999999997
South Dorset,3.0
South East Cornwall,2.6
South West Devon,1.5
South West Wiltshire,2.1999999999999997
St Austell and Newquay,3.3000000000000003
St Ives,3.0
Stroud,1.9
Swindon North,2.6
Swindon South,3.3000000000000003
Taunton and Wellington,2.4
Tewkesbury,2.1
Thornbury and Yate,1.7999999999999998
Tiverton and Minehead,2.1
Torbay,3.3000000000000003
Torridge and Tavistock,2.1999999999999997
Truro and Falmouth,2.3
Wells and Mendip Hills,2.1999999999999997
West Dorset,2.1999999999999997
Weston-super-Mare,3.3000000000000003
Yeovil,2.4
Aberafan Maesteg,3.4000000000000004
Alyn and Deeside,2.7
Bangor Aberconwy,3.0
Blaenau Gwent and Rhymney,4.2
"Brecon, Radnor and Cwm Tawe",2.5
Bridgend,2.3
Caerfyrddin,2.6
Caerphilly,3.1
Cardiff East,4.3999999999999995
Cardiff North,2.0
Cardiff South and Penarth,3.3000000000000003
Cardiff West,3.6999999999999997
Ceredigion Preseli,2.6
Clwyd East,2.7
Clwyd North,4.3999999999999995
Dwyfor Meirionnydd,2.5
Gower,2.1
Llanelli,2.9000000000000004
Merthyr Tydfil and Aberdare,3.4000000000000004
Mid and South Pembrokeshire,3.2
Monmouthshire,2.1999999999999997
Montgomeryshire and Glyndwr,2.5
Neath and Swansea East,2.7
Newport East,5.1
Newport West and Islwyn,2.9000000000000004
Pontypridd,2.7
Rhondda and Ogmore,3.8
Swansea West,4.1000000000000005
Torfaen,3.5999999999999996
Vale of Glamorgan,3.2
Wrexham,2.8000000000000003
Ynys Mon,3.5999999999999996
Aldridge-Brownhills,2.7
Birmingham Edgbaston,7.8
Birmingham Erdington,9.0
Birmingham Hall Green and Moseley,8.6
Birmingham Hodge Hill and Solihull North,8.1
Birmingham Ladywood,10.299999999999999
Birmingham Northfield,7.000000000000001
Birmingham Perry Barr,12.3
Birmingham Selly Oak,5.3
Birmingham Yardley,8.4
Bromsgrove,2.4
Burton and Uttoxeter,3.4000000000000004
Cannock Chase,3.2
Coventry East,6.6000000000000005
Coventry North West,4.6
Coventry South,4.3
Droitwich and Evesham,2.9000000000000004
Dudley,5.6000000000000005
Halesowen,4.1000000000000005
Hereford and South Herefordshire,2.5
Kenilworth and Southam,1.5
Kingswinford and South Staffordshire,2.5
Lichfield,2.1999999999999997
Meriden and Solihull East,3.5000000000000004
Newcastle-under-Lyme,3.0
North Herefordshire,2.1999999999999997
North Shropshire,2.3
North Warwickshire and Bedworth,2.8000000000000003
Nuneaton,3.5000000000000004
Redditch,3.4000000000000004
Rugby,2.5
Shrewsbury,2.1999999999999997
Smethwick,6.2
Solihull West and Shirley,2.4
South Shropshire,2.1
Stafford,2.8000000000000003
Staffordshire Moorlands,2.1999999999999997
Stoke-on-Trent Central,5.800000000000001
Stoke-on-Trent North,5.0
Stoke-on-Trent South,3.3000000000000003
"Stone, Great Wyrley and Penkridge",2.3
Stourbridge,4.6
Stratford-on-Avon,1.9
Sutton Coldfield,2.3
Tamworth,3.1
Telford,3.8
The Wrekin,2.3
Tipton and Wednesbury,5.800000000000001
Walsall and Bloxwich,6.9
Warwick and Leamington,2.1999999999999997
West Bromwich,5.6000000000000005
West Worcestershire,2.4
Wolverhampton North East,6.3
Wolverhampton South East,7.000000000000001
Wolverhampton West,6.6000000000000005
Worcester,3.3000000000000003
Wyre Forest,3.0
Barnsley North,3.3000000000000003
Barnsley South,4.1000000000000005
Beverley and Holderness,2.1999999999999997
Bradford East,8.200000000000001
Bradford South,6.7
Bradford West,8.799999999999999
Bridlington and The Wolds,3.3000000000000003
Brigg and Immingham,2.1999999999999997
Calder Valley,2.9000000000000004
Colne Valley,2.7
Dewsbury and Batley,5.5
Doncaster Central,5.6000000000000005
Doncaster East and the Isle of Axholme,2.9000000000000004
Doncaster North,4.3999999999999995
Goole and Pocklington,2.1
Great Grimsby and Cleethorpes,5.5
Halifax,5.3
Harrogate and Knaresborough,1.7000000000000002
Huddersfield,5.7
Keighley and Ilkley,4.0
Kingston upon Hull East,5.6000000000000005
Kingston upon Hull North and Cottingham,4.9
Kingston upon Hull West and Haltemprice,4.5
Leeds Central and Headingley,3.1
Leeds East,6.0
Leeds North East,4.0
Leeds North West,2.0
Leeds South,7.5
Leeds South West and Morley,2.9000000000000004
Leeds West and Pudsey,4.8
Normanton and Hemsworth,3.0
Ossett and Denby Dale,2.7
Penistone and Stocksbridge,2.1
"Pontefract, Castleford and Knottingley",3.4000000000000004
Rawmarsh and Conisbrough,3.8
Richmond and Northallerton,1.9
Rother Valley,2.8000000000000003
Rotherham,5.6000000000000005
Scarborough and Whitby,3.1
Scunthorpe,4.1000000000000005
Selby,2.1999999999999997
Sheffield Brightside and Hillsborough,6.800000000000001
Sheffield Central,3.2
Sheffield Hallam,1.4000000000000001
Sheffield Heeley,5.3
Sheffield South East,4.8
Shipley,3.2
Skipton and Ripon,1.7000000000000002
Spen Valley,3.4000000000000004
Thirsk and Malton,1.9
Wakefield and Rothwell,3.9
Wetherby and Easingwold,1.3
York Central,2.0
York Outer,1.0999999999999999
Basildon and Billericay,3.6999999999999997
Bedford,5.2
Braintree,2.5
Brentwood and Ongar,2.5
Broadland and Fakenham,2.0
Broxbourne,3.1
Bury St Edmunds and Stowmarket,2.1999999999999997
Cambridge,1.9
Castle Point,2.3
Central Suffolk and North Ipswich,1.9
Chelmsford,2.5
Clacton,4.3
Colchester,3.3000000000000003
Dunstable and Leighton Buzzard,2.5
Ely and East Cambridgeshire,1.9
Epping Forest,2.9000000000000004
Great Yarmouth,5.1
Harlow,4.1000000000000005
Harpenden and Berkhamsted,1.5
Harwich and North Essex,2.7
Hemel Hempstead,3.3000000000000003
Hertford and Stortford,2.0
Hertsmere,3.0
Hitchin,1.7999999999999998
Huntingdon,1.9
Ipswich,4.8
Lowestoft,3.8
Luton North,4.3999999999999995
Luton South and South Bedfordshire,5.800000000000001
Maldon,2.1999999999999997
Mid Bedfordshire,1.7000000000000002
Mid Norfolk,2.0
North Bedfordshire,2.1
North East Cambridgeshire,3.5999999999999996
North East Hertfordshire,2.1
North Norfolk,2.8000000000000003
North West Cambridgeshire,3.2
North West Essex,1.9
North West Norfolk,2.9000000000000004
Norwich North,3.0
Norwich South,3.3000000000000003
Peterborough,6.1
Rayleigh and Wickford,1.7999999999999998
South Basildon and East Thurrock,3.3000000000000003
South Cambridgeshire,1.6
South Norfolk,1.9
South Suffolk,2.3
South West Hertfordshire,2.4
South West Norfolk,2.4
Southend East and Rochford,5.1
Southend West and Leigh,3.1
St Albans,2.3
St Neots and Mid Cambridgeshire,1.9
Stevenage,2.9000000000000004
Suffolk Coastal,2.0
Thurrock,4.3999999999999995
Watford,3.5999999999999996
Waveney Valley,2.1999999999999997
Welwyn Hatfield,2.6
West Suffolk,2.1999999999999997
Witham,2.1999999999999997
Amber Valley,2.9000000000000004
Ashfield,3.8
Bassetlaw,3.4000000000000004
Bolsover,3.0
Boston and Skegness,4.7
Broxtowe,2.5
Chesterfield,3.6999999999999997
Corby and East Northamptonshire,3.2
Daventry,2.1999999999999997
Derby North,3.8
Derby South,6.1
Derbyshire Dales,1.9
Erewash,3.5000000000000004
Gainsborough,2.9000000000000004
Gedling,2.9000000000000004
Grantham and Bourne,2.9000000000000004
"Harborough, Oadby and Wigston",2.0
High Peak,2.5
Hinckley and Bosworth,2.3
Kettering,3.1
Leicester East,4.0
Leicester South,4.6
Leicester West,5.1
Lincoln,3.5999999999999996
Loughborough,2.3
Louth and Horncastle,2.7
Mansfield,3.9
Melton and Syston,2.4
Mid Derbyshire,1.7000000000000002
Mid Leicestershire,2.0
Newark,2.7
North East Derbyshire,2.7
North West Leicestershire,2.0
Northampton North,4.5
Northampton South,2.7
Nottingham East,6.0
Nottingham North and Kimberley,5.8999999999999995
Nottingham South,3.8
Rushcliffe,1.7999999999999998
Rutland and Stamford,1.9
Sherwood Forest,2.8000000000000003
Sleaford and North Hykeham,2.0
South Derbyshire,2.1999999999999997
South Holland and The Deepings,2.7
South Leicestershire,1.7000000000000002
South Northamptonshire,1.5
Wellingborough and Rushden,3.5999999999999996
Barking,6.3
Battersea,2.9000000000000004
Beckenham and Penge,3.3000000000000003
Bermondsey and Old Southwark,4.2
Bethnal Green and Stepney,5.800000000000001
Bexleyheath and Crayford,3.0
Brent East,7.8
Brent West,4.5
Brentford and Isleworth,4.9
Bromley and Biggin Hill,2.8000000000000003
Carshalton and Wallington,3.3000000000000003
Chelsea and Fulham,3.3000000000000003
Chingford and Woodford Green,4.3
Chipping Barnet,3.4000000000000004
Cities of London and Westminster,3.0
Clapham and Brixton Hill,4.6
Croydon East,5.1
Croydon South,3.3000000000000003
Croydon West,6.7
Dagenham and Rainham,5.4
Dulwich and West Norwood,5.4
Ealing Central and Acton,5.1
Ealing North,5.800000000000001
Ealing Southall,5.2
East Ham,6.5
Edmonton and Winchmore Hill,6.9
Eltham and Chislehurst,4.0
Enfield North,6.0
Erith and Thamesmead,5.7
Feltham and Heston,5.1
Finchley and Golders Green,4.3999999999999995
Greenwich and Woolwich,4.3999999999999995
Hackney North and Stoke Newington,6.3
Hackney South and Shoreditch,6.0
Hammersmith and Chiswick,4.6
Hampstead and Highgate,3.6999999999999997
Harrow East,3.5999999999999996
Harrow West,3.9
Hayes and Harlington,4.8
Hendon,4.7
Holborn and St Pancras,4.6
Hornchurch and Upminster,3.4000000000000004
Hornsey and Friern Barnet,4.6
Ilford North,4.5
Ilford South,5.800000000000001
Islington North,5.2
Islington South and Finsbury,5.1
Kensington and Bayswater,3.5000000000000004
Kingston and Surbiton,2.8000000000000003
Lewisham East,6.6000000000000005
Lewisham North,5.7
Lewisham West and East Dulwich,5.1
Leyton and Wanstead,5.4
Mitcham and Morden,5.2
Old Bexley and Sidcup,2.1
Orpington,3.0
Peckham,5.8999999999999995
Poplar and Limehouse,4.5
Putney,3.5000000000000004
Queen's Park and Maida Vale,6.4
Richmond Park,2.3
Romford,4.0
"Ruislip, Northwood and Pinner",2.4
Southgate and Wood Green,5.7
Stratford and Bow,5.4
Streatham and Croydon North,6.0
Sutton and Cheam,2.5
Tooting,3.3000000000000003
Tottenham,7.7
Twickenham,2.3
Uxbridge and South Ruislip,3.4000000000000004
Vauxhall and Camberwell Green,5.4
Walthamstow,6.5
West Ham and Beckton,6.3
Wimbledon,2.5
Bishop Auckland,3.4000000000000004
Blaydon and Consett,3.0
Blyth and Ashington,4.3
City of Durham,2.0
Cramlington and Killingworth,2.7
Darlington,4.3
Easington,4.3999999999999995
Gateshead Central and Whickham,4.5
Hartlepool,4.8
Hexham,2.1
Houghton and Sunderland South,3.8
Jarrow and Gateshead East,4.3999999999999995
Middlesbrough South and East Cleveland,3.4000000000000004
Middlesbrough and Thornaby East,5.800000000000001
Newcastle upon Tyne Central and West,4.9
Newcastle upon Tyne East and Wallsend,4.3
Newcastle upon Tyne North,2.0
Newton Aycliffe and Spennymoor,3.2
North Durham,3.1
North Northumberland,2.6
Redcar,4.3
South Shields,5.6000000000000005
Stockton North,4.8
Stockton West,1.7999999999999998
Sunderland Central,4.3
Tynemouth,3.3000000000000003
Washington and Gateshead South,3.5999999999999996
Altrincham and Sale West,2.0
Ashton-under-Lyne,5.2
Barrow and Furness,2.6
Birkenhead,4.6
Blackburn,5.5
Blackley and Middleton South,6.4
Blackpool North and Fleetwood,3.6999999999999997
Blackpool South,6.800000000000001
Bolton North East,5.800000000000001
Bolton South and Walkden,6.3
Bolton West,3.3000000000000003
Bootle,5.4
Burnley,5.5
Bury North,4.3
Bury South,3.8
Carlisle,2.5
Cheadle,1.9
Chester North and Neston,2.5
Chester South and Eddisbury,1.5
Chorley,2.6
Congleton,1.7999999999999998
Crewe and Nantwich,2.9000000000000004
Ellesmere Port and Bromborough,2.9000000000000004
Fylde,2.7
Gorton and Denton,6.9
Hazel Grove,2.8000000000000003
Heywood and Middleton North,4.9
Hyndburn,5.1
Knowsley,4.6
Lancaster and Wyre,2.1999999999999997
Leigh and Atherton,3.9
Liverpool Garston,3.8
Liverpool Riverside,5.5
Liverpool Walton,5.6000000000000005
Liverpool Wavertree,5.7
Liverpool West Derby,5.5
Macclesfield,2.1999999999999997
Makerfield,2.9000000000000004
Manchester Central,4.5
Manchester Rusholme,6.0
Manchester Withington,3.4000000000000004
Mid Cheshire,2.4
Morecambe and Lunesdale,2.9000000000000004
Oldham East and Saddleworth,5.8999999999999995
"Oldham West, Chadderton and Royton",6.4
Pendle and Clitheroe,4.3
Penrith and Solway,1.9
Preston,4.8
Ribble Valley,1.7000000000000002
Rochdale,6.0
Rossendale and Darwen,3.5000000000000004
Runcorn and Helsby,3.8
Salford,4.3999999999999995
Sefton Central,1.7999999999999998
South Ribble,2.1999999999999997
Southport,2.9000000000000004
St Helens North,3.4000000000000004
St Helens South and Whiston,4.0
Stalybridge and Hyde,4.1000000000000005
Stockport,4.3
Stretford and Urmston,4.0
Tatton,1.9
Wallasey,4.0
Warrington North,2.8000000000000003
Warrington South,2.1
West Lancashire,3.0
Westmorland and Lonsdale,1.5
Whitehaven and Workington,2.7
Widnes and Halewood,3.6999999999999997
Wigan,3.9
Wirral West,1.7999999999999998
Worsley and Eccles,4.0
Wythenshawe and Sale East,4.7
Belfast East,3.0
Belfast North,4.5
Belfast South and Mid Down,2.3
Belfast West,4.5
East Antrim,2.5
East Londonderry,3.3000000000000003
Fermanagh and South Tyrone,2.5
Foyle,5.5
Lagan Valley,1.9
Mid Ulster,1.7999999999999998
Newry and Armagh,3.0
North Antrim,2.9000000000000004
North Down,2.1999999999999997
South Antrim,2.0
South Down,2.3
Strangford,2.8000000000000003
Upper Bann,2.8000000000000003
West Tyrone,2.6
Aberdeen North,3.5999999999999996
Aberdeen South,2.7
Aberdeenshire North and Moray East,2.6
Airdrie and Shotts,3.3000000000000003
Alloa and Grangemouth,3.0
Angus and Perthshire Glens,2.5
Arbroath and Broughty Ferry,3.0
"Argyll, Bute and South Lochaber",2.7
"Ayr, Carrick and Cumnock",4.1000000000000005
Bathgate and Linlithgow,2.8000000000000003
"Berwickshire, Roxburgh and Selkirk",3.0
"Caithness, Sutherland and Easter Ross",2.1999999999999997
Central Ayrshire,3.4000000000000004
Coatbridge and Bellshill,3.5999999999999996
Cowdenbeath and Kirkcaldy,4.0
Cumbernauld and Kirkintilloch,2.9000000000000004
Dumfries and Galloway,3.1
"Dumfriesshire, Clydesdale and Tweeddale",2.3
Dundee Central,4.2
Dunfermline and Dollar,2.5
East Kilbride and Strathaven,2.1
East Renfrewshire,1.7000000000000002
Edinburgh East and Musselburgh,2.6
Edinburgh North and Leith,3.1
Edinburgh South,1.6
Edinburgh South West,2.5
Edinburgh West,1.7000000000000002
Falkirk,2.9000000000000004
Glasgow East,5.2
Glasgow North,4.5
Glasgow North East,5.4
Glasgow South,4.1000000000000005
Glasgow South West,4.6
Glasgow West,4.0
Glenrothes and Mid Fife,4.1000000000000005
Gordon and Buchan,1.5
Hamilton and Clyde Valley,3.5000000000000004
Inverclyde and Renfrewshire West,3.3000000000000003
"Inverness, Skye and West Ross-shire",2.5
Kilmarnock and Loudoun,3.8
Livingston,2.5
Lothian East,2.1
Mid Dunbartonshire,1.6
Midlothian,2.1
"Moray West, Nairn and Strathspey",2.1
"Motherwell, Wishaw and Carluke",3.2
Na h-Eileanan an Iar,1.9
North Ayrshire and Arran,4.3999999999999995
North East Fife,2.1
Orkney and Shetland,1.5
Paisley and Renfrewshire North,3.2
Paisley and Renfrewshire South,3.3000000000000003
Perth and Kinross-shire,2.5
Rutherglen,3.0
Stirling and Strathallan,2.3
West Aberdeenshire and Kincardine,1.4000000000000001
West Dunbartonshire,4.2
Aldershot,2.6
Arundel and South Downs,2.1
Ashford,3.0
Aylesbury,3.2
Banbury,2.1999999999999997
Basingstoke,2.8000000000000003
Beaconsfield,2.1
Bexhill and Battle,3.0
Bicester and Woodstock,1.7000000000000002
Bognor Regis and Littlehampton,3.6999999999999997
Bracknell,2.1
Brighton Kemptown and Peacehaven,4.3999999999999995
Brighton Pavilion,3.6999999999999997
Buckingham and Bletchley,3.0
Canterbury,3.3000000000000003
Chatham and Aylesford,3.6999999999999997
Chesham and Amersham,2.0
Chichester,3.0
Crawley,3.6999999999999997
Dartford,2.9000000000000004
Didcot and Wantage,2.1
Dorking and Horley,1.9
Dover and Deal,4.0
Earley and Woodley,2.1999999999999997
East Grinstead and Uckfield,2.0
East Hampshire,2.0
East Surrey,2.1999999999999997
East Thanet,6.0
East Worthing and Shoreham,2.4
Eastbourne,4.3999999999999995
Eastleigh,2.0
Epsom and Ewell,2.0
Esher and Walton,2.1
Fareham and Waterlooville,2.3
Farnham and Bordon,1.7999999999999998
Faversham and Mid Kent,2.8000000000000003
Folkestone and Hythe,4.3999999999999995
Gillingham and Rainham,3.5000000000000004
Godalming and Ash,1.6
Gosport,2.9000000000000004
Gravesham,4.2
Guildford,1.9
Hamble Valley,1.6
Hastings and Rye,5.2
Havant,3.5999999999999996
Henley and Thame,1.6
Herne Bay and Sandwich,3.5000000000000004
Horsham,1.9
Hove and Portslade,3.5999999999999996
Isle of Wight East,4.7
Isle of Wight West,3.4000000000000004
Lewes,2.8000000000000003
Maidenhead,2.0
Maidstone and Malling,2.9000000000000004
Mid Buckinghamshire,1.4000000000000001
Mid Sussex,1.6
Milton Keynes Central,3.5999999999999996
Milton Keynes North,3.2
New Forest East,2.0
New Forest West,2.1
Newbury,2.1
North East Hampshire,1.4000000000000001
North West Hampshire,2.0
Oxford East,2.7
Oxford West and Abingdon,1.7000000000000002
Portsmouth North,3.6999999999999997
Portsmouth South,5.2
Reading Central,3.6999999999999997
Reading West and Mid Berkshire,2.5
Reigate,1.7000000000000002
Rochester and Strood,3.4000000000000004
Romsey and Southampton North,1.9
Runnymede and Weybridge,2.1999999999999997
Sevenoaks,2.0
Sittingbourne and Sheppey,3.9
Slough,4.7
Southampton Itchen,3.9
Southampton Test,4.3
Spelthorne,3.0
Surrey Heath,2.0
Sussex Weald,2.0
Tonbridge,2.1
Tunbridge Wells,2.1999999999999997
Weald of Kent,2.1999999999999997
Winchester,1.9
Windsor,2.4
Witney,1.7999999999999998
Woking,2.3
Wokingham,1.7000000000000002
Worthing West,2.7
Wycombe,3.6999999999999997
Bath,1.7999999999999998
Bournemouth East,4.0
Bournemouth West,3.6999999999999997
Bridgwater,2.8000000000000003
Bristol Central,2.3
Bristol East,4.2
Bristol North East,3.2
Bristol North West,2.7
Bristol South,3.6999999999999997
Camborne and Redruth,3.2
Central Devon,1.7999999999999998
Cheltenham,2.6
Chippenham,2.0
Christchurch,2.3
East Wiltshire,1.9
Exeter,2.0
Exmouth and Exeter East,1.6
Filton and Bradley Stoke,1.5
Forest of Dean,2.6
Frome and East Somerset,2.1999999999999997
Glastonbury and Somerton,2.4
Gloucester,3.5000000000000004
Honiton and Sidmouth,1.9
Melksham and Devizes,2.1999999999999997
Mid Dorset and North Poole,2.1
Newton Abbot,2.1
North Cornwall,3.0
North Cotswolds,1.7999999999999998
North Devon,2.7
North Dorset,1.7999999999999998
North East Somerset and Hanham,1.6
North Somerset,1.7000000000000002
Plymouth Moor View,3.0
Plymouth Sutton and Devonport,4.1000000000000005
Poole,2.9000000000000004
Salisbury,2.3
South Cotswolds,1.7000000000000002
South Devon,2.1999999999999997
South Dorset,3.2
South East Cornwall,2.6
South West Devon,1.5
South West Wiltshire,2.1999999999999997
St Austell and Newquay,3.5000000000000004
St Ives,3.1
Stroud,1.7999999999999998
Swindon North,2.6
Swindon South,3.3000000000000003
Taunton and Wellington,2.3
Tewkesbury,2.1999999999999997
Thornbury and Yate,1.7999999999999998
Tiverton and Minehead,2.1999999999999997
Torbay,3.4000000000000004
Torridge and Tavistock,2.3
Truro and Falmouth,2.4
Wells and Mendip Hills,2.1999999999999997
West Dorset,2.1999999999999997
Weston-super-Mare,3.3000000000000003
Yeovil,2.5
Aberafan Maesteg,3.4000000000000004
Alyn and Deeside,2.7
Bangor Aberconwy,3.1
Blaenau Gwent and Rhymney,4.2
"Brecon, Radnor and Cwm Tawe",2.6
Bridgend,2.3
Caerfyrddin,2.6
Caerphilly,3.0
Cardiff East,4.3
Cardiff North,2.0
Cardiff South and Penarth,3.3000000000000003
Cardiff West,3.5000000000000004
Ceredigion Preseli,2.7
Clwyd East,2.7
Clwyd North,4.3999999999999995
Dwyfor Meirionnydd,2.6
Gower,2.1
Llanelli,2.9000000000000004
Merthyr Tydfil and Aberdare,3.3000000000000003
Mid and South Pembrokeshire,3.3000000000000003
Monmouthshire,2.1999999999999997
Montgomeryshire and Glyndwr,2.5
Neath and Swansea East,2.6
Newport East,5.0
Newport West and Islwyn,2.8000000000000003
Pontypridd,2.6
Rhondda and Ogmore,3.5999999999999996
Swansea West,4.2
Torfaen,3.5999999999999996
Vale of Glamorgan,3.3000000000000003
Wrexham,2.9000000000000004
Ynys Mon,3.6999999999999997
Aldridge-Brownhills,2.7
Birmingham Edgbaston,7.7
Birmingham Erdington,8.799999999999999
Birmingham Hall Green and Moseley,8.6
Birmingham Hodge Hill and Solihull North,8.0
Birmingham Ladywood,10.0
Birmingham Northfield,7.000000000000001
Birmingham Perry Barr,12.2
Birmingham Selly Oak,5.4
Birmingham Yardley,8.3
Bromsgrove,2.4
Burton and Uttoxeter,3.5999999999999996
Cannock Chase,3.2
Coventry East,6.4
Coventry North West,4.5
Coventry South,4.2
Droitwich and Evesham,2.8000000000000003
Dudley,5.5
Halesowen,4.0
Hereford and South Herefordshire,2.5
Kenilworth and Southam,1.5
Kingswinford and South Staffordshire,2.4
Lichfield,2.1
Meriden and Solihull East,3.5000000000000004
Newcastle-under-Lyme,3.0
North Herefordshire,2.1999999999999997
North Shropshire,2.4
North Warwickshire and Bedworth,2.7
Nuneaton,3.5000000000000004
Redditch,3.5000000000000004
Rugby,2.3
Shrewsbury,2.3
Smethwick,6.1
Solihull West and Shirley,2.5
South Shropshire,2.1
Stafford,2.7
Staffordshire Moorlands,2.1999999999999997
Stoke-on-Trent Central,5.8999999999999995
Stoke-on-Trent North,5.0
Stoke-on-Trent South,3.3000000000000003
"Stone, Great Wyrley and Penkridge",2.1999999999999997
Stourbridge,4.6
Stratford-on-Avon,1.9
Sutton Coldfield,2.4
Tamworth,3.0
Telford,3.8
The Wrekin,2.3
Tipton and Wednesbury,5.800000000000001
Walsall and Bloxwich,6.7
Warwick and Leamington,2.1999999999999997
West Bromwich,5.5
West Worcestershire,2.3
Wolverhampton North East,6.1
Wolverhampton South East,6.800000000000001
Wolverhampton West,6.4
Worcester,3.3000000000000003
Wyre Forest,3.0
Barnsley North,3.3000000000000003
Barnsley South,4.1000000000000005
Beverley and Holderness,2.1999999999999997
Bradford East,8.200000000000001
Bradford South,6.6000000000000005
Bradford West,8.7
Bridlington and The Wolds,3.3000000000000003
Brigg and Immingham,2.1999999999999997
Calder Valley,2.9000000000000004
Colne Valley,2.7
Dewsbury and Batley,5.5
Doncaster Central,5.5
Doncaster East and the Isle of Axholme,3.0
Doncaster North,4.3999999999999995
Goole and Pocklington,2.1
Great Grimsby and Cleethorpes,5.5
Halifax,5.4
Harrogate and Knaresborough,1.7000000000000002
Huddersfield,5.5
Keighley and Ilkley,4.1000000000000005
Kingston upon Hull East,5.7
Kingston upon Hull North and Cottingham,5.0
Kingston upon Hull West and Haltemprice,4.5
Leeds Central and Headingley,3.0
Leeds East,6.0
Leeds North East,4.0
Leeds North West,2.0
Leeds South,7.3
Leeds South West and Morley,2.9000000000000004
Leeds West and Pudsey,4.7
Normanton and Hemsworth,3.0
Ossett and Denby Dale,2.7
Penistone and Stocksbridge,2.1
"Pontefract, Castleford and Knottingley",3.3000000000000003
Rawmarsh and Conisbrough,3.8
Richmond and Northallerton,1.9
Rother Valley,2.8000000000000003
Rotherham,5.5
Scarborough and Whitby,3.2
Scunthorpe,4.2
Selby,2.1999999999999997
Sheffield Brightside and Hillsborough,6.7
Sheffield Central,3.2
Sheffield Hallam,1.5
Sheffield Heeley,5.3
Sheffield South East,4.8
Shipley,3.2
Skipton and Ripon,1.7000000000000002
Spen Valley,3.4000000000000004
Thirsk and Malton,2.0
Wakefield and Rothwell,3.9
Wetherby and Easingwold,1.3
York Central,2.0
York Outer,1.2
Basildon and Billericay,3.8
Bedford,5.2
Braintree,2.6
Brentwood and Ongar,2.5
Broadland and Fakenham,2.1
Broxbourne,3.1
Bury St Edmunds and Stowmarket,2.3
Cambridge,2.0
Castle Point,2.4
Central Suffolk and North Ipswich,1.9
Chelmsford,2.7
Clacton,4.5
Colchester,3.3000000000000003
Dunstable and Leighton Buzzard,2.6
Ely and East Cambridgeshire,2.0
Epping Forest,2.9000000000000004
Great Yarmouth,5.1
Harlow,4.1000000000000005
Harpenden and Berkhamsted,1.6
Harwich and North Essex,2.7
Hemel Hempstead,3.4000000000000004
Hertford and Stortford,2.0
Hertsmere,3.1
Hitchin,1.9
Huntingdon,2.0
Ipswich,4.9
Lowestoft,4.1000000000000005
Luton North,4.5
Luton South and South Bedfordshire,6.0
Maldon,2.1999999999999997
Mid Bedfordshire,1.7000000000000002
Mid Norfolk,2.1
North Bedfordshire,2.1
North East Cambridgeshire,3.8
North East Hertfordshire,2.1999999999999997
North Norfolk,2.9000000000000004
North West Cambridgeshire,3.3000000000000003
North West Essex,2.0
North West Norfolk,3.0
Norwich North,3.2
Norwich South,3.4000000000000004
Peterborough,6.4
Rayleigh and Wickford,1.9
South Basildon and East Thurrock,3.4000000000000004
South Cambridgeshire,1.7000000000000002
South Norfolk,1.9
South Suffolk,2.4
South West Hertfordshire,2.4
South West Norfolk,2.4
Southend East and Rochford,5.2
Southend West and Leigh,3.3000000000000003
St Albans,2.4
St Neots and Mid Cambridgeshire,2.0
Stevenage,3.0
Suffolk Coastal,2.0
Thurrock,4.3999999999999995
Watford,3.8
Waveney Valley,2.1999999999999997
Welwyn Hatfield,2.6
West Suffolk,2.3
Witham,2.3
Amber Valley,3.0
Ashfield,3.8
Bassetlaw,3.4000000000000004
Bolsover,3.1
Boston and Skegness,4.9
Broxtowe,2.6
Chesterfield,3.8
Corby and East Northamptonshire,3.4000000000000004
Daventry,2.1999999999999997
Derby North,4.0
Derby South,6.3
Derbyshire Dales,1.9
Erewash,3.5999999999999996
Gainsborough,3.0
Gedling,3.0
Grantham and Bourne,3.0
"Harborough, Oadby and Wigston",2.1
High Peak,2.6
Hinckley and Bosworth,2.3
Kettering,3.1
Leicester East,4.3
Leicester South,4.9
Leicester West,5.3
Lincoln,3.5999999999999996
Loughborough,2.3
Louth and Horncastle,2.8000000000000003
Mansfield,4.0
Melton and Syston,2.5
Mid Derbyshire,1.7999999999999998
Mid Leicestershire,2.1
Newark,2.8000000000000003
North East Derbyshire,2.8000000000000003
North West Leicestershire,2.0
Northampton North,4.7
Northampton South,2.9000000000000004
Nottingham East,6.3
Nottingham North and Kimberley,6.2
Nottingham South,4.0
Rushcliffe,1.9
Rutland and Stamford,1.9
Sherwood Forest,2.9000000000000004
Sleaford and North Hykeham,2.0
South Derbyshire,2.3
South Holland and The Deepings,2.8000000000000003
South Leicestershire,1.7000000000000002
South Northamptonshire,1.6
Wellingborough and Rushden,3.6999999999999997
Barking,6.5
Battersea,3.0
Beckenham and Penge,3.5000000000000004
Bermondsey and Old Southwark,4.3
Bethnal Green and Stepney,6.0
Bexleyheath and Crayford,3.2
Brent East,8.0
Brent West,4.7
Brentford and Isleworth,4.9
Bromley and Biggin Hill,2.9000000000000004
Carshalton and Wallington,3.4000000000000004
Chelsea and Fulham,3.3000000000000003
Chingford and Woodford Green,4.3999999999999995
Chipping Barnet,3.5000000000000004
Cities of London and Westminster,3.0
Clapham and Brixton Hill,4.8
Croydon East,5.2
Croydon South,3.4000000000000004
Croydon West,7.000000000000001
Dagenham and Rainham,5.6000000000000005
Dulwich and West Norwood,5.6000000000000005
Ealing Central and Acton,5.2
Ealing North,6.0
Ealing Southall,5.3
East Ham,6.800000000000001
Edmonton and Winchmore Hill,7.1
Eltham and Chislehurst,4.0
Enfield North,6.1
Erith and Thamesmead,5.800000000000001
Feltham and Heston,5.2
Finchley and Golders Green,4.5
Greenwich and Woolwich,4.6
Hackney North and Stoke Newington,6.5
Hackney South and Shoreditch,6.2
Hammersmith and Chiswick,4.6
Hampstead and Highgate,3.8
Harrow East,3.8
Harrow West,4.1000000000000005
Hayes and Harlington,5.0
Hendon,4.8
Holborn and St Pancras,4.8
Hornchurch and Upminster,3.5999999999999996
Hornsey and Friern Barnet,4.7
Ilford North,4.6
Ilford South,5.8999999999999995
Islington North,5.4
Islington South and Finsbury,5.3
Kensington and Bayswater,3.5000000000000004
Kingston and Surbiton,2.9000000000000004
Lewisham East,6.800000000000001
Lewisham North,5.8999999999999995
Lewisham West and East Dulwich,5.3
Leyton and Wanstead,5.7
Mitcham and Morden,5.3
Old Bexley and Sidcup,2.1999999999999997
Orpington,3.1
Peckham,6.1
Poplar and Limehouse,4.6
Putney,3.5999999999999996
Queen's Park and Maida Vale,6.5
Richmond Park,2.4
Romford,4.1000000000000005
"Ruislip, Northwood and Pinner",2.5
Southgate and Wood Green,5.8999999999999995
Stratford and Bow,5.6000000000000005
Streatham and Croydon North,6.2
Sutton and Cheam,2.5
Tooting,3.4000000000000004
Tottenham,7.9
Twickenham,2.4
Uxbridge and South Ruislip,3.5000000000000004
Vauxhall and Camberwell Green,5.6000000000000005
Walthamstow,6.7
West Ham and Beckton,6.5
Wimbledon,2.5
Bishop Auckland,3.4000000000000004
Blaydon and Consett,3.1
Blyth and Ashington,4.3
City of Durham,2.1999999999999997
Cramlington and Killingworth,2.8000000000000003
Darlington,4.3999999999999995
Easington,4.5
Gateshead Central and Whickham,4.7
Hartlepool,4.9
Hexham,2.1
Houghton and Sunderland South,3.8
Jarrow and Gateshead East,4.7
Middlesbrough South and East Cleveland,3.5000000000000004
Middlesbrough and Thornaby East,6.0
Newcastle upon Tyne Central and West,4.9
Newcastle upon Tyne East and Wallsend,4.3999999999999995
Newcastle upon Tyne North,2.0
Newton Aycliffe and Spennymoor,3.2
North Durham,3.1
North Northumberland,2.7
Redcar,4.5
South Shields,5.7
Stockton North,4.8
Stockton West,1.9
Sunderland Central,4.3
Tynemouth,3.3000000000000003
Washington and Gateshead South,3.6999999999999997
Altrincham and Sale West,2.1
Ashton-under-Lyne,5.4
Barrow and Furness,2.7
Birkenhead,4.7
Blackburn,5.800000000000001
Blackley and Middleton South,6.6000000000000005
Blackpool North and Fleetwood,3.8
Blackpool South,6.9
Bolton North East,6.0
Bolton South and Walkden,6.6000000000000005
Bolton West,3.4000000000000004
Bootle,5.4
Burnley,5.800000000000001
Bury North,4.3999999999999995
Bury South,3.9
Carlisle,2.6
Cheadle,2.0
Chester North and Neston,2.5
Chester South and Eddisbury,1.6
Chorley,2.7
Congleton,1.7999999999999998
Crewe and Nantwich,3.1
Ellesmere Port and Bromborough,3.0
Fylde,2.6
Gorton and Denton,7.1
Hazel Grove,2.8000000000000003
Heywood and Middleton North,5.1
Hyndburn,5.3
Knowsley,4.6
Lancaster and Wyre,2.1999999999999997
Leigh and Atherton,4.1000000000000005
Liverpool Garston,3.6999999999999997
Liverpool Riverside,5.6000000000000005
Liverpool Walton,5.7
Liverpool Wavertree,5.800000000000001
Liverpool West Derby,5.5
Macclesfield,2.3
Makerfield,3.0
Manchester Central,4.6
Manchester Rusholme,6.2
Manchester Withington,3.5000000000000004
Mid Cheshire,2.6
Morecambe and Lunesdale,3.0
Oldham East and Saddleworth,6.1
"Oldham West, Chadderton and Royton",6.6000000000000005
Pendle and Clitheroe,4.6
Penrith and Solway,2.0
Preston,4.9
Ribble Valley,1.7000000000000002
Rochdale,6.3
Rossendale and Darwen,3.5000000000000004
Runcorn and Helsby,3.9
Salford,4.5
Sefton Central,1.7999999999999998
South Ribble,2.4
Southport,3.0
St Helens North,3.5000000000000004
St Helens South and Whiston,4.1000000000000005
Stalybridge and Hyde,4.1000000000000005
Stockport,4.3999999999999995
Stretford and Urmston,4.1000000000000005
Tatton,2.0
Wallasey,3.9
Warrington North,2.8000000000000003
Warrington South,2.1999999999999997
West Lancashire,2.9000000000000004
Westmorland and Lonsdale,1.5
Whitehaven and Workington,2.7
Widnes and Halewood,3.6999999999999997
Wigan,4.0
Wirral West,1.7999999999999998
Worsley and Eccles,4.0
Wythenshawe and Sale East,4.8
Belfast East,3.0
Belfast North,4.7
Belfast South and Mid Down,2.4
Belfast West,4.6
East Antrim,2.6
East Londonderry,3.3000000000000003
Fermanagh and South Tyrone,2.5
Foyle,5.6000000000000005
Lagan Valley,2.0
Mid Ulster,2.0
Newry and Armagh,3.1
North Antrim,3.0
North Down,2.4
South Antrim,2.1
South Down,2.4
Strangford,2.9000000000000004
Upper Bann,2.9000000000000004
West Tyrone,2.7
Aberdeen North,3.6999999999999997
Aberdeen South,2.7
Aberdeenshire North and Moray East,2.7
Airdrie and Shotts,3.5000000000000004
Alloa and Grangemouth,3.1
Angus and Perthshire Glens,2.4
Arbroath and Broughty Ferry,3.0
"Argyll, Bute and South Lochaber",2.8000000000000003
"Ayr, Carrick and Cumnock",4.2
Bathgate and Linlithgow,2.9000000000000004
"Berwickshire, Roxburgh and Selkirk",3.2
"Caithness, Sutherland and Easter Ross",2.1999999999999997
Central Ayrshire,3.4000000000000004
Coatbridge and Bellshill,3.6999999999999997
Cowdenbeath and Kirkcaldy,4.1000000000000005
Cumbernauld and Kirkintilloch,3.0
Dumfries and Galloway,3.0
"Dumfriesshire, Clydesdale and Tweeddale",2.4
Dundee Central,4.3
Dunfermline and Dollar,2.6
East Kilbride and Strathaven,2.1
East Renfrewshire,1.7000000000000002
Edinburgh East and Musselburgh,2.7
Edinburgh North and Leith,3.2
Edinburgh South,1.7000000000000002
Edinburgh South West,2.6
Edinburgh West,1.9
Falkirk,3.1
Glasgow East,5.4
Glasgow North,4.6
Glasgow North East,5.5
Glasgow South,4.2
Glasgow South West,4.8
Glasgow West,4.1000000000000005
Glenrothes and Mid Fife,4.1000000000000005
Gordon and Buchan,1.5
Hamilton and Clyde Valley,3.5000000000000004
Inverclyde and Renfrewshire West,3.2
"Inverness, Skye and West Ross-shire",2.5
Kilmarnock and Loudoun,3.8
Livingston,2.6
Lothian East,2.1999999999999997
Mid Dunbartonshire,1.6
Midlothian,2.1999999999999997
"Moray West, Nairn and Strathspey",2.1
"Motherwell, Wishaw and Carluke",3.3000000000000003
Na h-Eileanan an Iar,2.0
North Ayrshire and Arran,4.3999999999999995
North East Fife,2.1
Orkney and Shetland,1.5
Paisley and Renfrewshire North,3.2
Paisley and Renfrewshire South,3.3000000000000003
Perth and Kinross-shire,2.6
Rutherglen,3.0
Stirling and Strathallan,2.4
West Aberdeenshire and Kincardine,1.4000000000000001
West Dunbartonshire,4.3
Aldershot,2.7
Arundel and South Downs,2.1
Ashford,3.1
Aylesbury,3.2
Banbury,2.3
Basingstoke,2.9000000000000004
Beaconsfield,2.1999999999999997
Bexhill and Battle,3.0
Bicester and Woodstock,1.7000000000000002
Bognor Regis and Littlehampton,3.8
Bracknell,2.1999999999999997
Brighton Kemptown and Peacehaven,4.5
Brighton Pavilion,3.6999999999999997
Buckingham and Bletchley,3.1
Canterbury,3.3000000000000003
Chatham and Aylesford,3.6999999999999997
Chesham and Amersham,2.1
Chichester,3.1
Crawley,3.8
Dartford,2.9000000000000004
Didcot and Wantage,2.1
Dorking and Horley,1.9
Dover and Deal,4.1000000000000005
Earley and Woodley,2.3
East Grinstead and Uckfield,2.1
East Hampshire,2.1
East Surrey,2.1999999999999997
East Thanet,6.1
East Worthing and Shoreham,2.5
Eastbourne,4.5
Eastleigh,2.0
Epsom and Ewell,2.0
Esher and Walton,2.1
Fareham and Waterlooville,2.4
Farnham and Bordon,1.7999999999999998
Faversham and Mid Kent,2.9000000000000004
Folkestone and Hythe,4.6
Gillingham and Rainham,3.6999999999999997
Godalming and Ash,1.7000000000000002
Gosport,3.1
Gravesham,4.3
Guildford,1.9
Hamble Valley,1.7000000000000002
Hastings and Rye,5.2
Havant,3.8
Henley and Thame,1.7000000000000002
Herne Bay and Sandwich,3.5999999999999996
Horsham,1.9
Hove and Portslade,3.6999999999999997
Isle of Wight East,4.9
Isle of Wight West,3.5999999999999996
Lewes,2.9000000000000004
Maidenhead,2.1
Maidstone and Malling,2.9000000000000004
Mid Buckinghamshire,1.5
Mid Sussex,1.7000000000000002
Milton Keynes Central,3.8
Milton Keynes North,3.3000000000000003
New Forest East,2.1999999999999997
New Forest West,2.3
Newbury,2.1999999999999997
North East Hampshire,1.4000000000000001
North West Hampshire,2.1
Oxford East,2.8000000000000003
Oxford West and Abingdon,1.7000000000000002
Portsmouth North,3.9
Portsmouth South,5.3
Reading Central,3.8
Reading West and Mid Berkshire,2.6
Reigate,1.7000000000000002
Rochester and Strood,3.5999999999999996
Romsey and Southampton North,2.0
Runnymede and Weybridge,2.3
Sevenoaks,2.0
Sittingbourne and Sheppey,4.0
Slough,5.0
Southampton Itchen,4.0
Southampton Test,4.5
Spelthorne,3.1
Surrey Heath,2.0
Sussex Weald,2.0
Tonbridge,2.3
Tunbridge Wells,2.3
Weald of Kent,2.4
Winchester,1.9
Windsor,2.5
Witney,1.9
Woking,2.4
Wokingham,1.7999999999999998
Worthing West,2.7
Wycombe,3.8
Bath,1.7999999999999998
Bournemouth East,4.1000000000000005
Bournemouth West,3.8
Bridgwater,3.0
Bristol Central,2.3
Bristol East,4.3
Bristol North East,3.3000000000000003
Bristol North West,2.8000000000000003
Bristol South,3.8
Camborne and Redruth,3.2
Central Devon,1.9
Cheltenham,2.7
Chippenham,2.1
Christchurch,2.3
East Wiltshire,2.0
Exeter,2.0
Exmouth and Exeter East,1.7000000000000002
Filton and Bradley Stoke,1.5
Forest of Dean,2.8000000000000003
Frome and East Somerset,2.1999999999999997
Glastonbury and Somerton,2.5
Gloucester,3.6999999999999997
Honiton and Sidmouth,2.0
Melksham and Devizes,2.3
Mid Dorset and North Poole,2.1
Newton Abbot,2.1999999999999997
North Cornwall,3.0
North Cotswolds,1.9
North Devon,2.8000000000000003
North Dorset,1.9
North East Somerset and Hanham,1.6
North Somerset,1.7000000000000002
Plymouth Moor View,3.1
Plymouth Sutton and Devonport,4.3
Poole,3.0
Salisbury,2.4
South Cotswolds,1.7999999999999998
South Devon,2.3
South Dorset,3.3000000000000003
South East Cornwall,2.8000000000000003
South West Devon,1.5
South West Wiltshire,2.4
St Austell and Newquay,3.5999999999999996
St Ives,3.2
Stroud,2.0
Swindon North,2.8000000000000003
Swindon South,3.5000000000000004
Taunton and Wellington,2.4
Tewkesbury,2.1999999999999997
Thornbury and Yate,1.9
Tiverton and Minehead,2.4
Torbay,3.5999999999999996
Torridge and Tavistock,2.4
Truro and Falmouth,2.4
Wells and Mendip Hills,2.3
West Dorset,2.3
Weston-super-Mare,3.3000000000000003
Yeovil,2.5
Aberafan Maesteg,3.4000000000000004
Alyn and Deeside,2.7
Bangor Aberconwy,3.1
Blaenau Gwent and Rhymney,4.3999999999999995
"Brecon, Radnor and Cwm Tawe",2.6
Bridgend,2.4
Caerfyrddin,2.7
Caerphilly,3.1
Cardiff East,4.5
Cardiff North,2.1
Cardiff South and Penarth,3.4000000000000004
Cardiff West,3.6999999999999997
Ceredigion Preseli,2.9000000000000004
Clwyd East,2.8000000000000003
Clwyd North,4.5
Dwyfor Meirionnydd,2.7
Gower,2.1
Llanelli,3.0
Merthyr Tydfil and Aberdare,3.4000000000000004
Mid and South Pembrokeshire,3.3000000000000003
Monmouthshire,2.3
Montgomeryshire and Glyndwr,2.6
Neath and Swansea East,2.7
Newport East,5.2
Newport West and Islwyn,2.9000000000000004
Pontypridd,2.7
Rhondda and Ogmore,3.6999999999999997
Swansea West,4.3
Torfaen,3.5999999999999996
Vale of Glamorgan,3.3000000000000003
Wrexham,3.0
Ynys Mon,3.6999999999999997
Aldridge-Brownhills,2.8000000000000003
Birmingham Edgbaston,7.9
Birmingham Erdington,9.0
Birmingham Hall Green and Moseley,8.799999999999999
Birmingham Hodge Hill and Solihull North,8.3
Birmingham Ladywood,10.299999999999999
Birmingham Northfield,7.000000000000001
Birmingham Perry Barr,12.4
Birmingham Selly Oak,5.5
Birmingham Yardley,8.5
Bromsgrove,2.4
Burton and Uttoxeter,3.6999999999999997
Cannock Chase,3.3000000000000003
Coventry East,6.6000000000000005
Coventry North West,4.6
Coventry South,4.3999999999999995
Droitwich and Evesham,2.8000000000000003
Dudley,5.6000000000000005
Halesowen,4.0
Hereford and South Herefordshire,2.5
Kenilworth and Southam,1.5
Kingswinford and South Staffordshire,2.5
Lichfield,2.3
Meriden and Solihull East,3.5999999999999996
Newcastle-under-Lyme,3.2
North Herefordshire,2.3
North Shropshire,2.4
North Warwickshire and Bedworth,2.8000000000000003
Nuneaton,3.5000000000000004
Redditch,3.5999999999999996
Rugby,2.5
Shrewsbury,2.4
Smethwick,6.1
Solihull West and Shirley,2.5
South Shropshire,2.1999999999999997
Stafford,2.8000000000000003
Staffordshire Moorlands,2.3
Stoke-on-Trent Central,6.1
Stoke-on-Trent North,5.2
Stoke-on-Trent South,3.5000000000000004
"Stone, Great Wyrley and Penkridge",2.3
Stourbridge,4.7
Stratford-on-Avon,2.0
Sutton Coldfield,2.4
Tamworth,3.1
Telford,4.0
The Wrekin,2.3
Tipton and Wednesbury,5.800000000000001
Walsall and Bloxwich,6.800000000000001
Warwick and Leamington,2.3
West Bromwich,5.6000000000000005
West Worcestershire,2.4
Wolverhampton North East,6.3
Wolverhampton South East,6.9
Wolverhampton West,6.5
Worcester,3.4000000000000004
Wyre Forest,3.1
Barnsley North,3.3000000000000003
Barnsley South,4.1000000000000005
Beverley and Holderness,2.1999999999999997
Bradford East,8.5
Bradford South,6.7
Bradford West,9.0
Bridlington and The Wolds,3.4000000000000004
Brigg and Immingham,2.3
Calder Valley,3.0
Colne Valley,2.7
Dewsbury and Batley,5.7
Doncaster Central,5.5
Doncaster East and the Isle of Axholme,3.1
Doncaster North,4.3999999999999995
Goole and Pocklington,2.1
Great Grimsby and Cleethorpes,5.6000000000000005
Halifax,5.4
Harrogate and Knaresborough,1.7000000000000002
Huddersfield,5.7
Keighley and Ilkley,4.2
Kingston upon Hull East,5.7
Kingston upon Hull North and Cottingham,5.1
Kingston upon Hull West and Haltemprice,4.7
Leeds Central and Headingley,3.1
Leeds East,6.1
Leeds North East,4.1000000000000005
Leeds North West,2.1
Leeds South,7.3999999999999995
Leeds South West and Morley,3.0
Leeds West and Pudsey,4.7
Normanton and Hemsworth,3.0
Ossett and Denby Dale,2.7
Penistone and Stocksbridge,2.1
"Pontefract, Castleford and Knottingley",3.4000000000000004
Rawmarsh and Conisbrough,3.8
Richmond and Northallerton,1.9
Rother Valley,2.8000000000000003
Rotherham,5.5
Scarborough and Whitby,3.2
Scunthorpe,4.3999999999999995
Selby,2.1999999999999997
Sheffield Brightside and Hillsborough,6.800000000000001
Sheffield Central,3.2
Sheffield Hallam,1.4000000000000001
Sheffield Heeley,5.3
Sheffield South East,4.8
Shipley,3.2
Skipton and Ripon,1.7999999999999998
Spen Valley,3.4000000000000004
Thirsk and Malton,2.0
Wakefield and Rothwell,4.0
Wetherby and Easingwold,1.4000000000000001
York Central,2.0
York Outer,1.2
